GeneID	NonTargeting_rep1	NonTargeting_rep2	p63KD_rep1	p63KD_rep2
A1BG	59	54	88	72
A1BG-AS1	268	231	224	221
A1CF	1	1	0	0
A2M	109	117	533	517
A2M-AS1	38	42	41	38
A2ML1	68	50	27	33
A2MP1	0	2	1	1
A3GALT2	2	2	0	2
A4GALT	2103	1852	2729	2672
A4GNT	0	0	0	1
AA06	0	0	0	0
AAAS	2784	2610	2142	1866
AACS	3501	3247	2899	2787
AACSP1	76	48	16	18
AADAC	7	0	6	1
AADACL2	0	0	0	0
AADACL2-AS1	0	0	0	0
AADACL3	0	0	0	0
AADACL4	0	0	0	2
AADACP1	4	8	3	4
AADAT	743	743	510	464
AAED1	404	433	305	262
AAGAB	5156	4853	5194	5143
AAK1	3369	3039	2648	2581
AAMDC	355	357	526	539
AAMP	5995	5692	5382	5273
AANAT	4	4	3	3
AAR2	3568	3446	3042	2825
AARD	3	1	3	1
AARS	12650	11722	8329	8055
AARS2	2681	2496	1725	1608
AARSD1	101	107	64	57
AASDH	1034	946	670	752
AASDHPPT	4827	4505	2908	2926
AASS	947	923	369	325
AATF	3277	3172	2416	2433
AATK	241	236	366	312
AATK-AS1	0	0	0	0
ABAT	3377	3220	2703	2699
ABCA1	259	203	728	632
ABCA10	13	1	15	9
ABCA11P	435	397	404	388
ABCA12	3623	3368	2691	2660
ABCA13	14	11	43	49
ABCA17P	5	3	6	7
ABCA2	3554	3470	4087	3829
ABCA3	844	850	1201	1139
ABCA4	138	131	1018	929
ABCA5	1228	1171	1610	1395
ABCA6	1	1	4	3
ABCA7	2005	2094	3543	3016
ABCA8	2	1	1	1
ABCA9	0	2	2	2
ABCB1	2	0	3	4
ABCB10	2785	2729	1879	1789
ABCB11	0	3	3	2
ABCB4	2	2	0	2
ABCB5	1	1	1	0
ABCB6	1097	1061	483	466
ABCB7	2059	1961	1857	1746
ABCB8	3274	3232	3527	3257
ABCB9	576	564	555	499
ABCC1	6804	6413	8276	8353
ABCC10	2591	2480	2510	2147
ABCC11	7	12	14	19
ABCC12	0	0	2	0
ABCC13	0	0	0	0
ABCC2	7489	7584	3983	3657
ABCC3	2015	1925	4398	3981
ABCC4	190	165	75	53
ABCC5	1594	1599	1538	1234
ABCC5-AS1	3	1	0	0
ABCC6	18	16	10	16
ABCC6P1	1	4	1	2
ABCC6P2	7	11	2	3
ABCC8	0	0	0	0
ABCC9	1398	1354	1695	1655
ABCD1	1471	1339	4292	3904
ABCD2	0	0	1	0
ABCD3	7349	7034	8088	7990
ABCD4	1431	1306	1270	1205
ABCE1	10689	10287	5487	5646
ABCF1	9524	9102	8642	8347
ABCF2	4589	4364	3312	3126
ABCF3	3102	3129	3598	3426
ABCG1	377	358	559	529
ABCG2	5317	5364	3516	3493
ABCG4	30	29	22	15
ABCG5	0	0	0	0
ABCG8	0	0	0	0
ABHD1	5	1	1	7
ABHD10	2028	1832	1590	1557
ABHD11	831	861	1105	1056
ABHD12	1768	1802	2380	2280
ABHD12B	0	0	0	0
ABHD13	2066	2045	2244	2194
ABHD14A	474	441	679	624
ABHD14A-ACY1	2	1	0	0
ABHD14B	2133	2093	1963	1835
ABHD15	1357	1366	2173	2105
ABHD16A	3856	3606	5582	5293
ABHD16B	0	0	0	1
ABHD17A	1808	1870	2319	2179
ABHD17B	1290	1184	1474	1463
ABHD17C	7620	7321	9313	9235
ABHD2	10159	9660	17219	16998
ABHD3	2371	2218	2032	2047
ABHD4	5263	5212	5829	5664
ABHD5	2155	2018	2635	2532
ABHD6	1114	929	1089	1102
ABHD8	756	792	935	915
ABI1	4523	4286	3531	3483
ABI2	3289	3199	2458	2329
ABI3	0	1	0	2
ABI3BP	28	28	90	101
ABL1	4409	4255	4463	4274
ABL2	2747	2452	2594	2642
ABLIM1	24971	23243	28852	28669
ABLIM2	207	185	430	370
ABLIM3	147	143	139	126
ABO	0	0	0	0
ABR	2841	2741	3312	3049
ABRA	0	0	0	0
ABRACL	6135	5532	6346	6648
ABT1	2099	1997	1590	1498
ABTB1	794	774	1036	961
ABTB2	1502	1453	2520	2267
AC093375.1	54	58	40	46
ACAA1	4549	4340	6057	5696
ACAA2	9127	8714	10223	10446
ACACA	14292	12887	9726	9498
ACACB	1931	1854	2242	2040
ACAD10	1151	1079	1955	1758
ACAD11	155	170	201	215
ACAD8	1615	1567	1922	1890
ACAD9	2432	2352	2160	2027
ACADL	291	289	329	357
ACADM	4534	4107	5073	4945
ACADS	1559	1489	1904	2024
ACADSB	3224	3066	4145	4127
ACADVL	18323	18449	22410	20930
ACAN	1	1	0	0
ACAP1	105	83	119	71
ACAP2	3796	3533	2279	2303
ACAP3	949	1039	1144	972
ACAT1	8323	8013	6504	6416
ACAT2	5807	5486	2161	2161
ACBD3	3305	3166	3355	3408
ACBD4	627	594	646	533
ACBD5	2420	2257	3139	3117
ACBD6	5346	5096	3193	3141
ACBD7	182	147	38	40
ACCS	726	769	923	858
ACCSL	0	0	0	0
ACD	808	751	609	541
ACE	3	3	18	15
ACE2	571	583	857	795
ACER1	0	0	0	0
ACER2	1111	1058	609	542
ACER3	1776	1768	1578	1452
ACHE	9	9	46	45
ACIN1	8113	8196	7752	7060
ACKR1	0	0	0	0
ACKR2	52	50	210	186
ACKR3	1071	1145	269	263
ACKR4	33	31	259	286
ACLY	15473	14052	7834	7681
ACMSD	1	1	1	1
ACN9	853	752	675	633
ACO1	4174	4164	3990	4094
ACO2	10371	10089	17664	16987
ACOT1	265	280	388	428
ACOT11	1092	1019	1090	1026
ACOT12	0	0	0	0
ACOT13	2800	2693	2653	2727
ACOT2	720	713	1275	1264
ACOT4	591	554	953	928
ACOT6	5	4	8	7
ACOT7	1460	1516	1320	1278
ACOT8	806	829	898	862
ACOT9	1547	1623	2160	2129
ACOX1	2749	2522	3130	2900
ACOX2	3	2	8	8
ACOX3	1064	922	902	889
ACOXL	25	40	71	62
ACP1	4909	4927	4658	4784
ACP2	4295	4060	13887	13032
ACP5	63	54	79	61
ACP6	900	915	893	953
ACPP	281	253	382	384
ACPT	0	0	0	0
ACR	0	0	0	2
ACRBP	13	17	13	19
ACRC	53	79	75	82
ACRV1	4	1	0	0
ACSBG1	0	0	1	0
ACSBG2	0	0	1	0
ACSF2	4487	4091	5262	4865
ACSF3	2230	2050	2160	2062
ACSL1	7901	7474	7510	7333
ACSL3	14904	14867	15589	15048
ACSL4	3906	3561	2917	2937
ACSL5	189	201	461	446
ACSL6	31	22	9	7
ACSM1	11	19	35	44
ACSM2A	0	0	0	0
ACSM2B	0	0	0	0
ACSM3	14	17	4	6
ACSM4	0	0	0	0
ACSM5	0	0	0	0
ACSS1	7	9	7	3
ACSS2	6007	5592	4486	4339
ACSS3	1	0	0	1
ACTA1	7	7	11	21
ACTA2	649	747	377	420
ACTB	170059	173436	119409	119429
ACTBL2	77	63	320	314
ACTC1	2	2	1	4
ACTG1	47838	46683	33252	33502
ACTG1P4	2	3	5	3
ACTG2	1185	1317	1513	1496
ACTL10	64	79	143	140
ACTL6A	4272	4192	2616	2610
ACTL6B	0	0	0	0
ACTL7A	0	0	0	0
ACTL7B	0	0	0	0
ACTL8	9	5	4	1
ACTL9	0	0	0	0
ACTN1	17991	17466	14916	14458
ACTN1-AS1	4	4	3	4
ACTN2	0	0	0	0
ACTN3	1	4	2	0
ACTN4	35908	35032	32610	31639
ACTR10	2923	2712	3492	3541
ACTR1A	5989	5656	6066	5848
ACTR1B	3423	3235	3297	3239
ACTR2	22297	21407	19918	20352
ACTR3	12081	11175	8047	8083
ACTR3B	1041	1046	949	955
ACTR3BP2	0	0	0	0
ACTR3BP5	0	0	0	0
ACTR3C	153	155	294	251
ACTR5	557	516	458	446
ACTR6	1756	1650	1461	1498
ACTR8	2026	1982	2001	1959
ACTRT1	0	0	0	0
ACTRT2	0	0	0	0
ACTRT3	7	3	0	5
ACVR1	1356	1295	1956	1807
ACVR1B	1074	1090	1222	1195
ACVR1C	46	33	10	16
ACVR2A	753	741	861	817
ACVR2B	721	685	504	477
ACVR2B-AS1	24	28	28	28
ACVRL1	1	0	0	0
ACY1	373	312	353	390
ACY3	30	24	28	27
ACYP1	235	246	181	157
ACYP2	387	331	596	621
ADA	1463	1544	1533	1513
ADAD1	0	0	0	0
ADAD2	2	1	1	0
ADAL	737	728	659	611
ADAM10	11722	11360	20580	19914
ADAM11	47	64	25	20
ADAM12	2115	2119	5581	5108
ADAM15	12260	11587	13892	12679
ADAM17	3840	3712	3223	3043
ADAM18	0	0	1	0
ADAM19	544	448	683	722
ADAM1A	149	149	146	112
ADAM2	0	0	0	0
ADAM20	4	4	5	6
ADAM20P1	7	18	29	20
ADAM21	97	88	114	131
ADAM21P1	15	17	20	16
ADAM22	224	232	263	266
ADAM23	373	349	284	296
ADAM28	15	5	25	34
ADAM29	0	1	1	2
ADAM30	0	0	0	0
ADAM32	11	12	43	37
ADAM33	0	0	0	1
ADAM3A	0	0	0	0
ADAM5	0	1	0	0
ADAM6	0	0	0	0
ADAM7	0	0	0	0
ADAM8	1219	1277	4135	3717
ADAM9	14374	13766	26037	25705
ADAMDEC1	0	0	0	0
ADAMTS1	87	64	27	31
ADAMTS10	0	0	0	0
ADAMTS12	105	82	31	41
ADAMTS13	129	150	257	215
ADAMTS14	65	69	152	130
ADAMTS15	399	423	600	671
ADAMTS16	247	240	272	234
ADAMTS17	10	11	24	24
ADAMTS18	1	1	3	3
ADAMTS19	0	0	0	0
ADAMTS2	0	0	0	0
ADAMTS20	0	0	0	0
ADAMTS3	7	13	3	3
ADAMTS4	2	4	3	6
ADAMTS5	0	0	0	0
ADAMTS6	166	170	66	72
ADAMTS7	731	832	605	574
ADAMTS7P1	5	2	3	1
ADAMTS8	2	8	8	7
ADAMTS9	0	1	3	0
ADAMTS9-AS2	0	0	0	0
ADAMTSL1	3	1	6	2
ADAMTSL2	8	7	0	1
ADAMTSL3	128	132	440	398
ADAMTSL4	18537	19676	25731	23411
ADAMTSL4-AS1	2	0	0	1
ADAMTSL5	999	1080	821	693
ADAP1	2762	2592	3865	3746
ADAP2	102	99	81	69
ADAR	20248	18894	20204	19417
ADARB1	504	561	876	783
ADARB2	805	722	257	276
ADARB2-AS1	0	0	0	0
ADAT1	1313	1220	1212	1245
ADAT2	1102	1119	806	762
ADAT3	79	83	100	75
ADC	192	202	218	178
ADCK1	715	704	680	616
ADCK2	1947	1836	1857	1877
ADCK3	1432	1337	904	858
ADCK4	2136	2041	1702	1501
ADCK5	840	849	957	957
ADCY1	996	863	586	579
ADCY10	6	6	2	0
ADCY10P1	75	65	135	106
ADCY2	0	0	0	0
ADCY3	5371	5395	5691	5339
ADCY4	1	1	8	2
ADCY5	7	4	18	15
ADCY6	5174	5193	11360	10414
ADCY7	1882	1750	1161	1134
ADCY8	0	0	1	0
ADCY9	2278	2268	2645	2531
ADCYAP1	0	0	0	0
ADCYAP1R1	0	0	0	3
ADD1	7758	7614	7625	7266
ADD2	2300	2108	557	589
ADD3	4773	4469	3500	3398
ADD3-AS1	2	8	6	3
ADGB	0	0	1	2
ADH1A	0	0	0	0
ADH1B	0	0	0	0
ADH1C	26	23	15	14
ADH4	0	0	0	2
ADH5	7918	7706	4799	5041
ADH6	0	0	0	0
ADH7	2	2	3	0
ADHFE1	161	160	250	205
ADI1	4162	3910	3242	3148
ADIG	0	0	0	0
ADIPOQ	0	1	0	0
ADIPOQ-AS1	0	0	0	0
ADIPOR1	13812	13032	18766	18244
ADIPOR2	7965	7447	6184	6044
ADIRF	9037	8851	13911	13617
ADK	4324	3990	2922	2816
ADM	432	483	1014	984
ADM2	206	185	114	102
ADM5	152	186	118	97
ADNP	10374	9762	8195	7928
ADNP2	2861	2737	2128	2053
ADO	1920	1847	1555	1523
ADORA1	125	125	402	366
ADORA2A	6	3	8	4
ADORA2A-AS1	0	0	0	0
ADORA2B	1184	1188	734	708
ADORA3	2	0	5	6
ADPGK	3760	3712	4452	4122
ADPGK-AS1	2	0	1	5
ADPRH	224	211	280	301
ADPRHL1	150	157	224	217
ADPRHL2	1293	1308	1215	1211
ADPRM	346	283	295	298
ADRA1A	0	0	0	0
ADRA1B	36	24	28	23
ADRA1D	46	58	137	156
ADRA2A	0	2	0	1
ADRA2B	0	1	0	1
ADRA2C	136	122	54	51
ADRB1	56	41	28	18
ADRB2	478	440	134	138
ADRB3	0	0	0	0
ADRBK1	4589	4521	4397	4012
ADRBK2	595	564	545	506
ADRM1	4882	4637	4029	3984
ADSL	3323	3213	1982	1931
ADSS	4515	4269	3712	3723
ADSSL1	272	258	592	562
ADTRP	71	72	108	107
AEBP1	0	3	0	4
AEBP2	2117	2018	1296	1307
AEN	2875	2898	1651	1680
AES	14754	14507	24251	23264
AFAP1	2975	2772	4195	4029
AFAP1-AS1	1	1	1	2
AFAP1L1	648	600	421	391
AFAP1L2	3713	3551	2103	2120
AFF1	4656	4480	5914	5597
AFF2	0	0	2	1
AFF3	0	4	1	1
AFF4	7671	6948	8275	8311
AFG3L1P	1592	1654	1263	1197
AFG3L2	10302	10100	9764	9942
AFM	0	0	0	1
AFMID	537	530	404	381
AFP	0	0	1	1
AFTPH	4539	4301	5017	4924
AGA	2679	2604	3464	3281
AGAP1	4721	4322	4969	4857
AGAP11	345	361	1084	939
AGAP2	170	165	68	57
AGAP2-AS1	492	471	259	254
AGAP3	4701	4800	3811	3445
AGAP4	239	255	240	237
AGAP5	189	185	205	178
AGAP6	630	649	618	528
AGAP7	24	24	31	21
AGAP9	32	29	48	27
AGBL1	1	1	0	0
AGBL1-AS1	1	1	1	0
AGBL2	97	112	127	110
AGBL3	45	56	30	41
AGBL4	0	0	0	0
AGBL4-IT1	0	0	0	0
AGBL5	1678	1752	1289	1231
AGBL5-AS1	2	1	1	0
AGER	476	486	389	293
AGFG1	11561	10876	10490	10215
AGFG2	891	827	1149	1177
AGGF1	3397	3450	3203	3101
AGK	1814	1725	1387	1418
AGL	5333	4778	3505	3394
AGMAT	222	215	168	140
AGMO	1	0	0	0
AGO1	2095	1979	1833	1827
AGO2	1919	1782	1277	1280
AGO3	487	480	366	329
AGO4	1588	1469	1630	1572
AGPAT1	4556	4566	5887	5567
AGPAT2	1969	1807	2394	2325
AGPAT3	6714	6361	8281	7871
AGPAT4	412	366	377	403
AGPAT4-IT1	16	13	14	8
AGPAT5	2192	2235	1153	1158
AGPAT6	1963	1986	2805	2739
AGPAT9	352	310	249	286
AGPS	8419	7913	7211	7332
AGR2	195	140	427	419
AGR3	0	0	1	0
AGRN	21576	21254	36328	34295
AGRP	0	0	0	0
AGT	20	20	50	46
AGTPBP1	501	448	628	617
AGTR1	0	0	0	0
AGTR2	0	0	0	0
AGTRAP	1052	975	1686	1606
AGXT	1	1	1	1
AGXT2	0	0	0	0
AHCTF1	5890	5791	4074	4038
AHCTF1P1	30	24	9	15
AHCY	15561	15113	8862	8765
AHCYL1	13028	11964	9743	9649
AHCYL2	2004	1929	3193	3065
AHDC1	694	624	640	580
AHI1	2073	2054	1800	1746
AHNAK	82200	68870	55207	56209
AHNAK2	12353	10325	20116	19875
AHR	2848	2703	4434	4425
AHRR	202	195	219	200
AHSA1	6962	6558	5466	5455
AHSA2	3009	3266	3980	3412
AHSG	0	0	3	2
AHSP	0	0	2	1
AICDA	2	5	2	1
AIDA	3955	3879	3345	3286
AIF1	0	0	0	0
AIF1L	3868	3654	4473	4233
AIFM1	5801	5500	6994	6987
AIFM2	2620	2612	2129	2090
AIFM3	713	653	929	756
AIG1	5817	5676	9165	9062
AIM1	11445	10796	6833	6697
AIM1L	2070	2041	1546	1413
AIM2	137	122	95	103
AIMP1	5529	5411	4120	4133
AIMP2	5629	5541	4769	4699
AIP	2354	2135	2025	2027
AIPL1	0	0	0	1
AIRE	0	0	0	0
AIRN	0	0	0	0
AJAP1	0	0	0	1
AJUBA	15993	15777	5921	5895
AK1	1680	1504	1332	1265
AK2	12398	12234	10003	9836
AK3	9385	8867	9710	9789
AK4	2085	2094	711	664
AK5	0	1	0	2
AK6	1016	902	955	863
AK7	40	18	53	60
AK8	35	35	48	53
AK9	1101	1025	1084	1063
AKAP1	6107	5922	6462	6042
AKAP10	2196	2058	2510	2382
AKAP11	6437	6118	5291	5177
AKAP12	10696	9705	2354	2515
AKAP13	6298	5441	5289	5328
AKAP14	1	0	0	1
AKAP17A	0	0	0	0
AKAP2	20	11	13	15
AKAP3	8	6	3	2
AKAP4	0	0	0	0
AKAP5	52	52	51	51
AKAP6	498	461	409	431
AKAP7	618	536	391	429
AKAP8	2213	2144	2083	1934
AKAP8L	2450	2714	2854	2519
AKAP9	10414	9440	9291	9042
AKIP1	1385	1395	924	896
AKIRIN1	3845	3820	4484	4424
AKIRIN2	1827	1847	1278	1200
AKNA	254	253	144	113
AKNAD1	4	2	7	8
AKR1A1	4596	4218	4104	4021
AKR1B1	10165	9804	8642	8547
AKR1B10	619	551	160	157
AKR1B15	547	505	853	884
AKR1C1	1609	1388	450	420
AKR1C2	7274	6625	2755	2532
AKR1C3	1929	1602	563	483
AKR1C4	0	0	0	0
AKR1C6P	0	0	0	0
AKR1CL1	0	1	0	0
AKR1D1	0	1	0	1
AKR1E2	155	155	138	136
AKR7A2	1464	1452	1116	1148
AKR7A2P1	0	0	0	0
AKR7A3	10	8	7	4
AKR7L	11	18	8	11
AKT1	8895	8618	9879	9382
AKT1S1	2850	2817	2532	2382
AKT2	7055	6692	5688	5232
AKT3	10	5	7	4
AKTIP	3590	3561	5840	5752
ALAD	1671	1579	1593	1533
ALAS1	2439	2313	3053	2969
ALAS2	0	0	3	2
ALB	0	1	0	0
ALCAM	23977	21734	18279	17336
ALDH16A1	2626	2716	2226	2164
ALDH18A1	5765	5525	6956	6907
ALDH1A1	9	12	13	6
ALDH1A2	106	90	594	506
ALDH1A3	15765	16497	32409	32961
ALDH1B1	3627	3518	1947	1989
ALDH1L1	623	561	597	581
ALDH1L1-AS1	0	1	0	0
ALDH1L1-AS2	7	3	5	2
ALDH1L2	1147	1042	245	278
ALDH2	8138	7902	7802	7452
ALDH3A1	6608	6211	1099	1133
ALDH3A2	13801	13257	9091	8843
ALDH3B1	7807	7639	16178	15185
ALDH3B2	3967	3421	4676	4416
ALDH4A1	1593	1482	1309	1304
ALDH5A1	5120	4860	8114	8057
ALDH6A1	859	783	1179	1160
ALDH7A1	13658	12878	6421	6477
ALDH8A1	9	5	9	9
ALDH9A1	4044	3749	3742	3668
ALDOA	63858	60951	70178	69247
ALDOB	0	0	1	0
ALDOC	1376	1293	780	790
ALG1	1799	1767	2166	2009
ALG10	479	474	277	299
ALG10B	1456	1378	1010	974
ALG11	1015	959	938	872
ALG12	1227	1209	1942	1762
ALG13	1360	1352	1416	1455
ALG14	1273	1182	1167	1152
ALG1L	689	596	243	221
ALG1L2	2	7	0	1
ALG1L9P	16	10	17	10
ALG2	3020	3074	3680	3584
ALG3	2957	3031	3853	3621
ALG5	4204	4189	5580	5446
ALG6	1448	1363	1386	1309
ALG8	5559	5478	6535	6410
ALG9	3110	3122	2291	2314
ALK	1	0	2	2
ALKBH1	558	558	577	575
ALKBH2	772	767	464	435
ALKBH3	1882	1865	1712	1734
ALKBH3-AS1	0	0	0	0
ALKBH4	509	492	425	430
ALKBH5	4225	4391	4882	4818
ALKBH6	402	446	385	346
ALKBH7	831	805	1156	1118
ALKBH8	1125	1124	681	726
ALLC	0	0	0	0
ALMS1	1182	1136	764	737
ALMS1-IT1	54	48	18	13
ALMS1P	0	1	1	0
ALOX12	0	1	0	0
ALOX12B	16	8	2	1
ALOX12P2	392	350	281	250
ALOX15	5	1	14	13
ALOX15B	1	1	3	3
ALOX15P1	19	31	23	26
ALOX5	1619	1548	3905	3664
ALOX5AP	66	52	59	48
ALOXE3	24	14	12	13
ALPI	0	0	0	1
ALPK1	1380	1220	926	909
ALPK2	15	25	7	3
ALPK3	644	570	631	533
ALPL	0	0	0	0
ALPP	10108	11188	12918	11527
ALPPL2	186	132	238	213
ALS2	2581	2472	2543	2471
ALS2CL	12051	12185	15161	13107
ALS2CR11	1	1	0	0
ALS2CR12	59	57	69	61
ALX1	0	0	0	0
ALX3	0	0	1	0
ALX4	639	629	585	535
ALYREF	2417	2520	1185	1265
AMACR	555	544	649	588
AMBN	0	0	1	0
AMBP	7	8	1	1
AMBRA1	3423	3126	3453	3409
AMD1	10285	9990	7250	7149
AMDHD1	270	261	482	477
AMDHD2	892	951	873	792
AMELX	0	0	0	0
AMELY	0	0	0	0
AMER1	839	824	520	504
AMER2	0	0	1	0
AMER3	1	0	0	0
AMFR	6859	6684	8189	7746
AMH	422	607	523	445
AMHR2	0	0	0	0
AMICA1	0	0	0	3
AMIGO1	439	427	688	651
AMIGO2	964	1025	750	772
AMIGO3	393	395	522	490
AMMECR1	2796	2620	2007	1914
AMMECR1L	2535	2463	2406	2278
AMN	83	100	147	148
AMN1	368	349	360	409
AMOT	1218	1127	790	793
AMOTL1	20204	18672	17614	17598
AMOTL2	9206	9110	10352	9859
AMPD1	0	0	1	0
AMPD2	1544	1508	997	982
AMPD3	4321	4302	6630	6213
AMPH	0	0	1	1
AMT	161	191	226	151
AMTN	44	52	9	8
AMY1A	0	0	0	0
AMY1B	0	0	0	0
AMY1C	0	0	0	0
AMY2A	0	0	0	0
AMY2B	118	108	280	275
AMZ1	0	0	2	0
AMZ2	5137	4808	3572	3664
AMZ2P1	812	840	784	721
ANAPC1	6976	6699	4288	4270
ANAPC10	583	638	464	501
ANAPC11	2015	1938	1935	1873
ANAPC13	2525	2397	2923	2840
ANAPC15	3627	3458	2375	2446
ANAPC16	8377	7973	9247	9289
ANAPC1P1	2	3	0	0
ANAPC2	1987	2051	1973	1793
ANAPC4	2609	2621	1924	1904
ANAPC5	7098	7107	6176	5806
ANAPC7	4634	4628	3255	3163
ANG	86	110	98	77
ANGEL1	1863	1800	2128	1917
ANGEL2	1685	1579	1283	1350
ANGPT1	61	37	13	17
ANGPT2	8	5	3	5
ANGPT4	6	10	2	0
ANGPTL1	1	3	3	3
ANGPTL2	0	0	0	1
ANGPTL3	0	1	3	2
ANGPTL4	2	3	13	9
ANGPTL5	0	0	2	3
ANGPTL6	4	8	11	4
ANGPTL7	0	0	0	0
ANHX	0	0	0	0
ANK1	341	285	40	37
ANK2	39	37	3	8
ANK3	4164	3877	3129	3066
ANKAR	86	92	86	76
ANKDD1A	5	0	1	2
ANKDD1B	11	10	19	16
ANKEF1	553	602	525	529
ANKFN1	1	0	0	0
ANKFY1	7893	7268	5988	5755
ANKH	8090	7845	5429	4809
ANKHD1	579	529	430	485
ANKHD1-EIF4EBP3	120	110	159	157
ANKIB1	5273	4877	4772	4697
ANKK1	18	6	32	22
ANKLE1	29	29	16	13
ANKLE2	5349	5438	7654	7276
ANKMY1	820	777	975	854
ANKMY2	2175	2281	2281	2199
ANKRA2	957	891	939	927
ANKRD1	15	10	44	40
ANKRD10	4739	4495	6599	6151
ANKRD11	7987	7526	5684	5433
ANKRD12	2273	2298	3043	2980
ANKRD13A	6711	6678	13158	13048
ANKRD13B	264	294	191	169
ANKRD13C	1652	1517	1799	1840
ANKRD13D	2005	1995	1989	1825
ANKRD16	588	539	592	550
ANKRD17	7982	7234	7548	7280
ANKRD18A	743	827	481	426
ANKRD18B	1074	947	394	458
ANKRD18DP	0	0	1	1
ANKRD19P	2215	2372	1466	1247
ANKRD2	939	980	531	515
ANKRD20A1	0	0	0	0
ANKRD20A11P	8	7	1	2
ANKRD20A12P	548	495	293	290
ANKRD20A19P	0	0	0	0
ANKRD20A2	0	0	0	0
ANKRD20A3	0	0	0	0
ANKRD20A4	12	19	8	5
ANKRD20A5P	367	383	123	136
ANKRD20A8P	3	2	1	2
ANKRD20A9P	187	166	86	69
ANKRD22	587	567	1036	1074
ANKRD23	194	192	205	150
ANKRD24	7	3	2	3
ANKRD26	1380	1357	1158	1173
ANKRD26P1	3	1	6	1
ANKRD26P3	0	0	0	0
ANKRD27	1974	1832	1655	1578
ANKRD28	4262	4034	3505	3352
ANKRD29	203	215	343	340
ANKRD30A	0	2	1	0
ANKRD30B	1	0	2	3
ANKRD30BL	0	0	0	0
ANKRD30BP2	0	0	1	1
ANKRD30BP3	0	0	0	0
ANKRD31	19	13	2	11
ANKRD32	943	899	584	604
ANKRD33	0	0	0	0
ANKRD33B	73	104	22	26
ANKRD34A	31	43	47	37
ANKRD34B	4	5	8	7
ANKRD34C	0	0	0	2
ANKRD35	5	1	13	8
ANKRD36	402	434	188	206
ANKRD36B	406	380	262	220
ANKRD36BP1	0	0	1	1
ANKRD36BP2	1	0	0	0
ANKRD37	33	48	29	38
ANKRD39	313	322	294	265
ANKRD40	2054	1995	1834	1753
ANKRD42	459	438	727	642
ANKRD44	219	204	218	203
ANKRD44-IT1	1	0	0	1
ANKRD45	5	5	2	2
ANKRD46	1146	1079	1349	1299
ANKRD49	1611	1646	1330	1237
ANKRD50	3393	3242	3070	3009
ANKRD52	7149	7111	8913	8719
ANKRD53	0	1	9	5
ANKRD54	829	780	652	626
ANKRD55	2	0	1	2
ANKRD6	1501	1314	1148	1113
ANKRD61	9	13	5	5
ANKRD62	6	9	2	1
ANKRD62P1-PARP4P3	0	0	0	0
ANKRD63	2	1	0	0
ANKRD65	2059	1931	461	450
ANKRD66	0	0	0	0
ANKRD7	3	5	4	5
ANKRD9	410	453	691	656
ANKS1A	3259	2941	2955	2714
ANKS1B	1	2	2	0
ANKS3	488	500	433	392
ANKS4B	0	0	1	0
ANKS6	3457	3291	4710	4274
ANKUB1	6	0	1	0
ANKZF1	2193	2261	1982	1680
ANLN	25986	26038	6665	6647
ANO1	961	957	961	972
ANO1-AS2	0	0	0	0
ANO10	2681	2612	3355	3246
ANO2	443	543	455	464
ANO3	1	0	15	10
ANO4	1	0	4	2
ANO5	0	0	0	0
ANO6	4672	4538	5641	5552
ANO7	107	91	97	81
ANO8	2693	2892	4150	3510
ANO9	2862	2860	2437	2137
ANP32A	6128	5871	4252	4305
ANP32A-IT1	29	15	15	27
ANP32AP1	0	1	0	0
ANP32B	14355	13799	7761	7740
ANP32C	0	0	0	0
ANP32D	1	0	0	0
ANP32E	6970	6826	2850	2867
ANPEP	1	1	5	3
ANTXR1	5413	5422	10579	10421
ANTXR2	513	435	1316	1292
ANTXRL	7	8	13	7
ANTXRLP1	1	0	0	0
ANXA1	10916	9998	3040	3098
ANXA10	11	10	15	11
ANXA11	14393	14020	16786	16478
ANXA13	4	0	1	2
ANXA2	55744	53932	56404	57087
ANXA2P1	0	0	0	0
ANXA2P2	80	69	56	58
ANXA2P3	1	2	1	3
ANXA2R	47	35	19	27
ANXA3	9399	9283	11921	12734
ANXA4	5757	5347	5073	4842
ANXA5	11258	10708	9921	10115
ANXA6	453	455	809	780
ANXA7	7787	7564	7314	7391
ANXA8	4474	4542	2049	2080
ANXA8L1	7143	7183	3841	3502
ANXA9	1850	1622	2181	1951
AOAH	1	1	0	1
AOAH-IT1	0	0	0	0
AOC1	4336	4550	19305	17789
AOC2	25	35	34	27
AOC3	13	8	10	4
AOC4P	0	0	0	0
AOX1	355	313	965	954
AOX2P	18	15	40	25
AP1AR	1732	1661	1467	1455
AP1B1	9156	8844	9009	8670
AP1B1P1	0	0	0	0
AP1G1	7523	7230	7403	7184
AP1G2	5442	5257	5917	5040
AP1M1	1646	1623	1184	1068
AP1M2	5098	4695	5780	5803
AP1S1	3204	3135	2913	2865
AP1S2	599	529	274	282
AP1S3	2707	2662	1920	1922
AP2A1	4832	4754	4383	4175
AP2A2	3354	3254	3981	3786
AP2B1	22603	20877	16719	16303
AP2M1	19998	19323	22631	22226
AP2S1	4175	4322	3747	3760
AP3B1	6104	5866	5485	5590
AP3B2	142	123	80	64
AP3D1	8978	8694	10015	9489
AP3M1	4326	4072	3996	3785
AP3M2	479	499	395	309
AP3S1	2322	2285	1716	1805
AP3S2	467	415	431	433
AP4B1	1018	940	994	997
AP4B1-AS1	0	0	1	0
AP4E1	2208	2007	1622	1665
AP4M1	522	496	568	527
AP4S1	364	377	357	357
AP5B1	2755	2731	2664	2518
AP5M1	5017	4674	6428	6251
AP5S1	426	413	428	448
AP5Z1	1888	2009	2617	2351
APAF1	2012	1904	1518	1473
APBA1	125	87	23	19
APBA2	1	0	1	0
APBA3	687	677	587	555
APBB1	14	14	31	29
APBB1IP	1	3	3	2
APBB2	2178	2194	1754	1570
APBB3	846	862	1370	1148
APC	3258	3000	2481	2370
APC2	47	45	69	84
APCDD1	768	746	745	672
APCDD1L	50	45	3	5
APCDD1L-AS1	1	2	0	1
APCS	0	0	0	0
APEH	8444	8126	8902	8731
APELA	0	0	1	0
APEX1	8834	8399	7027	6692
APEX2	1723	1733	1674	1700
APH1A	10161	9839	9032	8591
APH1B	664	698	1713	1585
API5	14813	14245	11690	11902
APIP	1687	1612	1173	1257
APITD1	144	150	82	92
APITD1-CORT	10	8	6	4
APLF	307	330	283	249
APLN	8	16	4	2
APLNR	3	0	4	2
APLP1	134	135	114	103
APLP2	67185	65742	96984	91458
APMAP	3125	3093	3458	3243
APOA1	3	3	3	0
APOA1BP	5673	5288	7339	7228
APOA2	0	2	5	1
APOA4	0	0	0	0
APOA5	0	0	0	0
APOB	3	1	0	2
APOBEC1	0	0	0	0
APOBEC2	0	1	2	2
APOBEC3A	2	5	14	21
APOBEC3A_B	0	0	0	0
APOBEC3B	1139	1052	369	401
APOBEC3B-AS1	0	1	0	0
APOBEC3C	2758	2661	1541	1535
APOBEC3D	15	13	6	10
APOBEC3F	367	355	291	291
APOBEC3G	0	1	5	3
APOBEC3H	105	101	144	129
APOBEC4	0	0	0	0
APOBR	40	37	135	116
APOC1	6	10	1	4
APOC1P1	0	0	0	0
APOC2	0	0	0	0
APOC3	1	3	11	9
APOC4	0	0	0	0
APOC4-APOC2	0	0	0	0
APOD	147	131	49	56
APOE	274	299	844	821
APOF	0	0	0	0
APOH	0	0	0	0
APOL1	2650	2522	6029	5852
APOL2	2901	2885	4763	4529
APOL3	548	564	745	714
APOL4	1	2	3	3
APOL5	0	0	0	0
APOL6	9260	8689	10518	10062
APOLD1	227	221	217	206
APOM	111	121	71	91
APOO	981	970	2687	2791
APOOL	1811	1719	2018	2053
APOOP5	0	0	0	0
APOPT1	1067	1085	1096	1057
APP	33192	32369	53125	50784
APPBP2	2402	2190	2349	2276
APPL1	3805	3508	2829	2937
APPL2	1621	1560	1681	1619
APRT	5504	5076	4558	4607
APTR	178	183	130	112
APTX	2291	2358	1708	1579
AQP1	12	15	20	12
AQP10	1	0	0	0
AQP11	50	49	49	36
AQP12A	0	0	0	0
AQP12B	0	0	0	0
AQP2	0	0	1	0
AQP3	11339	10614	17076	15980
AQP4	0	0	0	0
AQP4-AS1	0	1	0	0
AQP5	6	3	8	8
AQP6	3	4	8	7
AQP7	17	13	19	26
AQP7P1	2	4	1	2
AQP7P3	0	1	2	1
AQP8	0	0	0	0
AQP9	0	0	1	0
AQPEP	6	10	12	2
AQR	5070	4708	3473	3650
AR	2	1	14	3
ARAF	3455	3452	3805	3505
ARAP1	10194	9640	7555	6939
ARAP2	2700	2566	2261	2255
ARAP3	1708	1558	745	659
ARC	0	0	0	0
ARCN1	17176	16660	19467	19522
AREG	24	21	95	101
AREL1	3939	3854	4393	4104
ARF1	18881	17966	21319	21318
ARF3	14137	13630	14725	14742
ARF4	9827	9175	11712	11901
ARF5	6128	5851	5573	5619
ARF6	9274	8735	7049	6974
ARFGAP1	4270	4291	4999	4665
ARFGAP2	6699	6358	5459	5099
ARFGAP3	3042	2862	5296	5376
ARFGEF1	13238	12571	14348	14034
ARFGEF2	13218	12427	13960	13326
ARFIP1	3028	2945	3409	3444
ARFIP2	2877	2919	3001	2877
ARFRP1	2815	2579	1834	1843
ARG1	0	0	0	0
ARG2	2032	1768	3273	3116
ARGFX	6	4	6	3
ARGFXP2	0	0	1	1
ARGLU1	5400	5649	5565	5186
ARHGAP1	4752	4637	3807	3578
ARHGAP10	1200	1160	1120	1101
ARHGAP11A	9396	9407	2274	2315
ARHGAP11B	244	239	71	64
ARHGAP12	1576	1515	2413	2245
ARHGAP15	0	0	1	3
ARHGAP17	1461	1445	1570	1580
ARHGAP18	1717	1745	1187	1116
ARHGAP19	1052	1066	432	442
ARHGAP19-SLIT1	0	0	0	0
ARHGAP20	0	0	0	0
ARHGAP21	9563	9214	8205	8209
ARHGAP22	816	834	160	141
ARHGAP23	16743	16679	9654	9600
ARHGAP24	63	52	76	84
ARHGAP25	44	42	13	16
ARHGAP26	657	622	791	786
ARHGAP26-AS1	0	0	0	0
ARHGAP27	2257	2276	3500	3117
ARHGAP28	3	3	7	7
ARHGAP29	3022	3210	3939	3935
ARHGAP30	326	358	214	175
ARHGAP31	106	94	84	84
ARHGAP32	3848	3476	4003	3766
ARHGAP33	539	740	277	198
ARHGAP35	12128	11144	8632	8538
ARHGAP36	0	1	0	0
ARHGAP39	780	860	953	877
ARHGAP4	94	95	131	123
ARHGAP40	358	332	613	519
ARHGAP42	1618	1524	1083	1089
ARHGAP44	19	31	26	18
ARHGAP5	12158	11619	9318	9307
ARHGAP5-AS1	157	145	127	132
ARHGAP6	42	28	108	128
ARHGAP8	67	75	50	49
ARHGAP9	7	4	5	2
ARHGDIA	11710	11338	9884	9568
ARHGDIB	7641	7665	6807	6913
ARHGDIG	2	6	6	0
ARHGEF1	2050	1961	1647	1487
ARHGEF10	841	850	629	564
ARHGEF10L	455	480	838	725
ARHGEF11	3473	3226	3876	3759
ARHGEF12	18514	17149	18846	18784
ARHGEF15	3	1	0	1
ARHGEF16	1289	1188	1329	1196
ARHGEF17	10351	10543	14325	13673
ARHGEF18	2802	2682	3090	2943
ARHGEF19	462	457	340	346
ARHGEF2	3110	2994	4208	3770
ARHGEF25	623	619	556	531
ARHGEF26	69	77	70	80
ARHGEF26-AS1	39	21	50	67
ARHGEF28	1040	945	1641	1633
ARHGEF3	1633	1448	1489	1410
ARHGEF3-AS1	0	0	0	0
ARHGEF33	6	0	10	3
ARHGEF34P	394	352	304	293
ARHGEF35	1419	1363	1234	1199
ARHGEF37	869	780	1091	1020
ARHGEF38	517	490	1170	1116
ARHGEF38-IT1	1	0	0	4
ARHGEF39	1677	1778	572	501
ARHGEF4	2548	2450	1762	1633
ARHGEF40	1917	1822	1804	1668
ARHGEF5	1330	1312	1065	1064
ARHGEF6	128	115	352	337
ARHGEF7	4697	4614	4693	4335
ARHGEF7-AS1	0	0	0	0
ARHGEF9	1365	1271	1457	1486
ARHGEF9-IT1	0	0	0	0
ARID1A	3276	3019	2920	3018
ARID1B	1860	1662	1508	1517
ARID2	2656	2631	2236	2261
ARID3A	327	282	228	222
ARID3B	592	619	444	407
ARID3C	2	1	9	2
ARID4A	1275	1249	1035	965
ARID4B	3131	3166	3571	3489
ARID5A	580	569	413	376
ARID5B	4644	4374	3955	3741
ARIH1	8302	7731	8402	8176
ARIH2	5634	5609	4963	4752
ARIH2OS	46	46	56	63
ARL1	4559	4381	5620	5609
ARL10	13	9	6	10
ARL11	826	829	1121	1045
ARL13A	1	1	0	0
ARL13B	554	532	476	452
ARL14	103	106	62	78
ARL14EP	1094	1086	922	988
ARL14EPL	2	3	1	0
ARL15	821	803	648	596
ARL16	1215	1174	1243	1217
ARL17A	295	262	196	158
ARL17B	0	0	0	0
ARL2	1499	1456	1103	1050
ARL2-SNX15	0	0	0	0
ARL2BP	2470	2294	1788	1867
ARL3	1418	1390	1548	1478
ARL4A	846	824	665	652
ARL4C	107	110	440	472
ARL4D	1662	1444	329	300
ARL5A	4140	3835	2936	3010
ARL5B	1373	1281	879	833
ARL5C	0	1	0	0
ARL6	231	244	167	137
ARL6IP1	24549	23501	10338	10103
ARL6IP4	5402	5416	4846	4849
ARL6IP5	10015	9716	12505	12445
ARL6IP6	1129	1096	720	741
ARL8A	1966	1823	2862	2848
ARL8B	5969	5811	5374	5292
ARL9	1	0	0	2
ARMC1	1756	1583	1353	1348
ARMC10	2965	2940	2425	2484
ARMC12	3	4	0	1
ARMC2	124	137	145	121
ARMC2-AS1	0	0	0	0
ARMC3	0	0	0	0
ARMC4	50	59	34	46
ARMC5	700	688	766	660
ARMC6	1454	1369	896	902
ARMC7	562	570	600	545
ARMC8	2352	2339	2071	2122
ARMC9	853	757	906	832
ARMCX1	0	0	1	1
ARMCX2	204	217	321	280
ARMCX3	3501	3489	3791	3725
ARMCX4	28	46	64	58
ARMCX5	793	811	643	723
ARMCX5-GPRASP2	62	44	48	36
ARMCX6	926	863	816	755
ARMS2	0	0	0	0
ARNT	2606	2572	2380	2234
ARNT2	801	760	8302	7915
ARNTL	1335	1234	1046	968
ARNTL2	3806	3630	3170	3157
ARNTL2-AS1	0	1	0	0
ARPC1A	5289	5197	4873	4822
ARPC1B	5543	5314	6789	6460
ARPC2	27002	25955	17185	17207
ARPC3	12920	12014	14361	14605
ARPC4	5320	5141	4567	4396
ARPC4-TTLL3	0	2	0	0
ARPC5	17356	16596	18187	18579
ARPC5L	3451	3464	3351	3355
ARPP19	12436	12368	10998	11396
ARPP21	0	0	0	0
ARR3	0	0	0	0
ARRB1	337	295	1156	1142
ARRB2	1416	1340	1247	1205
ARRDC1	2192	2231	2379	2265
ARRDC2	930	900	859	794
ARRDC3	1311	1203	1135	1080
ARRDC3-AS1	28	26	35	33
ARRDC4	1368	1326	2015	2102
ARRDC5	0	3	4	4
ARSA	1635	1613	2686	2465
ARSB	1342	1310	1824	1714
ARSD	1892	1733	6905	6528
ARSE	0	1	0	3
ARSF	1	1	7	3
ARSG	300	321	347	342
ARSH	12	11	27	17
ARSI	4042	3796	2359	2120
ARSJ	312	315	171	165
ARSK	545	595	525	501
ART1	0	0	0	1
ART3	9	9	1	3
ART4	0	0	0	0
ART5	0	0	2	0
ARTN	810	919	388	331
ARV1	2053	1970	2039	1985
ARVCF	1307	1296	1120	1011
ARX	10	5	7	14
AS3MT	64	63	59	54
ASAH1	5406	5325	16098	15546
ASAH2	59	43	42	44
ASAH2B	45	47	42	51
ASAP1	2527	2534	2007	1855
ASAP1-IT1	0	0	0	0
ASAP1-IT2	1	2	3	0
ASAP2	8001	7994	11183	11137
ASAP3	98	106	111	106
ASB1	3230	3243	4305	4124
ASB10	0	0	0	0
ASB11	0	2	0	0
ASB12	3	4	1	2
ASB13	1061	976	652	659
ASB14	0	4	2	3
ASB15	0	0	2	4
ASB16	1	2	0	2
ASB16-AS1	483	564	515	437
ASB17	0	0	0	0
ASB18	0	0	0	0
ASB2	2	1	0	0
ASB3	155	124	134	147
ASB4	2	3	2	1
ASB5	0	1	2	3
ASB6	1073	1103	1076	988
ASB7	2094	1982	1917	1848
ASB8	1610	1592	1523	1574
ASB9	886	823	474	498
ASB9P1	0	0	0	0
ASCC1	4832	4587	6271	6041
ASCC2	2759	2730	2501	2540
ASCC3	15344	14411	9723	9730
ASCL1	0	0	0	0
ASCL2	6	2	2	0
ASCL3	0	0	0	0
ASCL4	1	2	0	0
ASCL5	2	2	0	0
ASF1A	3345	3142	2553	2610
ASF1B	2602	2501	992	1054
ASGR1	3	6	1	4
ASGR2	0	0	0	1
ASH1L	5458	4863	4115	4080
ASH1L-AS1	113	117	78	80
ASH2L	1928	2038	1605	1561
ASIC1	305	326	212	233
ASIC2	64	47	8	9
ASIC3	166	215	404	319
ASIC4	4	6	7	7
ASIC5	1	0	0	0
ASIP	0	0	1	0
ASL	1281	1332	1168	1154
ASMT	0	0	0	0
ASMTL	0	0	0	0
ASMTL-AS1	0	0	0	0
ASNA1	4029	3765	3439	3209
ASNS	5859	5607	2286	2391
ASNSD1	3722	3566	2664	2615
ASPA	91	106	29	37
ASPDH	0	0	0	0
ASPG	2	6	3	5
ASPH	13232	13004	9058	9011
ASPHD1	434	482	730	631
ASPHD2	225	215	236	229
ASPM	19035	17932	3361	3336
ASPN	2	2	2	1
ASPRV1	8	11	10	7
ASPSCR1	1440	1391	1046	1051
ASRGL1	33	31	26	49
ASS1	12325	11590	9592	9228
ASTE1	376	373	294	270
ASTL	0	0	1	0
ASTN1	0	0	1	0
ASTN2	23	26	48	58
ASUN	2291	2238	1689	1665
ASXL1	8046	7948	5448	5154
ASXL2	3169	2789	2342	2192
ASXL3	0	0	0	0
ASZ1	0	0	1	0
ATAD1	6724	6560	7400	7204
ATAD2	13340	13282	7123	7053
ATAD2B	1902	1879	1340	1309
ATAD3A	832	858	693	692
ATAD3B	511	499	515	411
ATAD3C	187	222	484	366
ATAD5	1127	1181	511	458
ATAT1	328	355	458	355
ATCAY	2	2	2	0
ATE1	1801	1670	1541	1480
ATE1-AS1	17	13	25	20
ATF1	3122	2785	1629	1645
ATF2	3263	3008	2059	1941
ATF3	1808	1844	1828	1947
ATF4	25400	24302	19984	19499
ATF5	1103	1169	1181	1157
ATF6	5506	5318	7282	7149
ATF6B	9472	8831	7924	7595
ATF7	1656	1609	1400	1277
ATF7IP	5465	5082	3554	3424
ATF7IP2	634	570	323	295
ATG10	466	428	439	449
ATG101	1367	1359	1459	1362
ATG12	2054	1905	1826	1888
ATG13	5968	5882	6386	6073
ATG14	999	992	1212	1094
ATG16L1	1356	1388	2084	1957
ATG16L2	408	414	517	429
ATG2A	2806	2688	2941	2984
ATG2B	2731	2463	2312	2209
ATG3	3269	3212	2832	2725
ATG4A	1353	1227	1193	1115
ATG4B	2120	2030	2077	1951
ATG4C	982	892	555	637
ATG4D	1691	1701	2290	2101
ATG5	4141	3922	3773	3707
ATG7	1025	995	989	950
ATG9A	6162	6151	5739	5365
ATG9B	34	26	298	200
ATHL1	2521	2643	2145	1715
ATIC	8192	8255	6389	6405
ATL1	614	641	1091	1067
ATL2	4544	4528	4312	4228
ATL3	7518	7547	8631	8695
ATM	6521	5908	5175	5005
ATMIN	5623	5304	6416	5939
ATN1	7434	7556	8361	7446
ATOH1	0	0	0	0
ATOH7	1	2	0	0
ATOH8	2490	2314	2242	2107
ATOX1	1319	1319	1314	1266
ATP10A	0	0	0	0
ATP10B	30	29	168	148
ATP10D	2671	2557	2790	2756
ATP11A	11759	11714	15431	14710
ATP11A-AS1	1	0	0	0
ATP11AUN	0	0	1	0
ATP11B	4216	3974	4323	4153
ATP11C	1187	1117	1494	1413
ATP12A	2	1	2	2
ATP13A1	4568	4441	6429	6078
ATP13A2	1406	1452	1781	1678
ATP13A3	11543	11124	8786	8637
ATP13A4	34	40	252	241
ATP13A5	6	3	8	12
ATP1A1	42770	40686	49096	46238
ATP1A1-AS1	125	91	79	66
ATP1A2	16	10	17	15
ATP1A3	41	55	96	78
ATP1A4	0	0	1	1
ATP1B1	6913	6539	19549	19284
ATP1B2	4	3	29	18
ATP1B3	14516	14235	17492	16769
ATP1B4	0	0	0	0
ATP2A1	35	55	42	38
ATP2A2	40219	39350	60386	57494
ATP2A3	264	299	2005	2036
ATP2B1	4811	5063	6135	5922
ATP2B2	183	155	102	98
ATP2B3	1	0	0	0
ATP2B4	8151	7577	9655	8718
ATP2C1	6612	6409	7931	7815
ATP2C2	3541	3475	2727	2506
ATP4A	0	0	0	0
ATP4B	0	0	0	0
ATP5A1	54258	51074	67932	68436
ATP5B	92177	87629	112364	111198
ATP5C1	16913	16284	16831	17375
ATP5D	5167	5297	5165	5203
ATP5E	8855	7982	11233	11118
ATP5EP2	1	2	14	10
ATP5F1	17504	16841	16920	16936
ATP5G1	6239	6206	6229	5793
ATP5G2	8559	8017	7929	7734
ATP5G3	19499	18830	21796	22250
ATP5H	7915	7357	9370	9505
ATP5I	3345	3320	3542	3514
ATP5J	6768	6263	7856	8090
ATP5J2	6539	6052	7363	7361
ATP5J2-PTCD1	8	15	13	17
ATP5L	15115	14491	17468	17835
ATP5L2	0	0	0	1
ATP5O	10170	9843	12197	12407
ATP5S	562	590	618	680
ATP5SL	1591	1523	1292	1287
ATP6AP1	7279	7153	14713	13382
ATP6AP1L	34	37	49	44
ATP6AP2	10972	10627	15973	15682
ATP6V0A1	1795	1807	1463	1436
ATP6V0A2	2289	2380	2117	1961
ATP6V0A4	312	309	666	693
ATP6V0B	5641	5536	10731	10213
ATP6V0C	5350	5726	8102	7763
ATP6V0CP3	0	0	0	0
ATP6V0D1	4917	4632	5860	5656
ATP6V0D2	3	1	7	6
ATP6V0E1	6575	6534	12144	11661
ATP6V0E2	3367	3322	4277	3853
ATP6V0E2-AS1	210	196	158	137
ATP6V1A	8398	7980	8327	8221
ATP6V1B1	1553	1475	4124	3980
ATP6V1B2	2198	2097	2382	2307
ATP6V1C1	6175	6036	6785	6720
ATP6V1C2	26	33	100	87
ATP6V1D	4197	4129	6033	5896
ATP6V1E1	6933	6589	9374	9479
ATP6V1E2	152	138	132	149
ATP6V1F	3039	2843	3597	3460
ATP6V1G1	8609	8076	11483	11832
ATP6V1G2	29	28	30	34
ATP6V1G2-DDX39B	0	0	0	0
ATP6V1G3	0	0	1	0
ATP6V1H	2327	2193	2504	2557
ATP7A	1384	1316	1386	1379
ATP7B	1034	1017	1389	1282
ATP8A1	229	194	289	242
ATP8A2	15	31	143	155
ATP8B1	6814	6474	7704	7505
ATP8B2	5	8	0	2
ATP8B3	162	145	134	112
ATP8B4	221	253	195	189
ATP8B5P	1	2	8	2
ATP9A	7952	7332	8044	7723
ATP9B	885	842	888	876
ATPAF1	4118	3877	4200	4005
ATPAF2	701	649	715	674
ATPIF1	2555	2564	1855	1766
ATR	4601	4274	3823	3573
ATRAID	8298	8191	13204	13028
ATRIP	1004	1022	614	527
ATRN	4606	4441	5992	5826
ATRNL1	0	0	0	1
ATRX	5799	5672	5563	5310
ATXN1	1151	991	1381	1489
ATXN10	14457	14282	13613	14140
ATXN1L	3922	3896	3606	3558
ATXN2	1695	1728	2088	2045
ATXN2L	6178	6581	5021	4419
ATXN3	1019	964	812	798
ATXN3L	0	0	0	0
ATXN7	1408	1441	1608	1512
ATXN7L1	243	205	209	211
ATXN7L2	217	242	211	197
ATXN7L3	4026	3859	4250	3880
ATXN7L3B	4617	4583	4159	3847
ATXN8OS	0	0	0	0
AUH	536	474	903	841
AUNIP	579	539	285	334
AUP1	10483	10386	13348	12388
AURKA	11109	10677	4019	4120
AURKAIP1	1906	2009	2095	2126
AURKAPS1	5	18	6	2
AURKB	2940	3051	737	704
AURKC	16	9	13	15
AUTS2	1162	1126	675	587
AVEN	734	690	510	515
AVIL	65	79	141	138
AVL9	1674	1654	1412	1422
AVP	0	0	0	0
AVPI1	5858	5811	7741	7336
AVPR1A	1	1	1	0
AVPR1B	0	0	0	0
AVPR2	0	0	0	0
AWAT1	0	0	0	0
AWAT2	0	0	1	1
AXDND1	1	5	10	9
AXIN1	2187	2141	1712	1654
AXIN2	3	2	15	7
AXL	11166	10919	2166	2080
AZGP1	6	5	42	40
AZGP1P1	0	0	0	0
AZI2	3097	2912	2235	2304
AZIN1	17456	16554	15926	16043
AZU1	0	2	1	0
B2M	57185	55649	163985	163797
B3GALNT1	958	976	1033	1205
B3GALNT2	2953	2844	2653	2565
B3GALT1	0	0	0	0
B3GALT2	7	3	5	4
B3GALT4	734	752	2080	1905
B3GALT5	15	15	42	53
B3GALT6	540	542	620	568
B3GALTL	1041	1067	1009	906
B3GAT1	0	0	0	0
B3GAT2	0	0	0	0
B3GAT3	2104	2084	3690	3477
B3GNT1	1066	1003	1124	974
B3GNT2	2089	2020	2649	2673
B3GNT3	1826	1742	5183	4782
B3GNT4	40	30	63	83
B3GNT5	5178	4799	2741	2800
B3GNT6	0	0	1	0
B3GNT7	1769	1772	5065	4544
B3GNT8	5	3	3	5
B3GNT9	685	700	1822	1657
B3GNTL1	137	146	104	123
B4GALNT1	534	593	209	186
B4GALNT2	98	101	4	6
B4GALNT3	203	173	240	248
B4GALNT4	1182	1204	804	771
B4GALT1	64552	62524	138903	132278
B4GALT1-AS1	68	51	64	74
B4GALT2	3896	3965	3084	3041
B4GALT3	1330	1326	1338	1271
B4GALT4	2556	2576	8156	8005
B4GALT5	5265	5174	5828	5464
B4GALT6	783	738	510	524
B4GALT7	783	723	849	747
B9D1	501	515	367	351
B9D2	162	164	187	158
BAALC	9	3	0	3
BAALC-AS1	14	11	10	5
BAALCOS	0	1	0	1
BAAT	9	2	12	4
BABAM1	2969	2800	2772	2824
BACE1	3629	3638	3220	3204
BACE1-AS	77	92	107	96
BACE2	14706	14547	32206	30888
BACH1	1343	1261	1033	1016
BACH1-IT2	0	0	2	0
BACH2	17	11	17	9
BAD	3338	3338	3132	3287
BAG1	23615	22396	34741	33879
BAG2	2266	2221	1255	1280
BAG3	4133	3805	2946	2781
BAG4	753	720	669	658
BAG5	4326	4114	3660	3540
BAG6	16031	15589	19011	17913
BAGE	0	0	0	0
BAGE2	0	0	0	0
BAGE3	0	0	0	0
BAGE4	0	0	0	0
BAGE5	0	0	0	0
BAHCC1	56	72	67	56
BAHD1	1936	1942	1459	1425
BAI1	15	24	29	26
BAI2	839	770	521	505
BAI3	0	0	0	0
BAIAP2	3441	3454	3815	3652
BAIAP2-AS1	615	666	819	807
BAIAP2L1	3331	3349	4496	4199
BAIAP2L2	11	12	11	6
BAIAP3	226	200	474	388
BAK1	8207	7658	7974	7888
BAMBI	358	304	1053	986
BANCR	0	0	0	0
BANF1	12224	11382	8942	8782
BANF2	0	0	0	0
BANK1	307	283	552	567
BANP	958	885	1211	1241
BAP1	4970	4862	4173	3970
BARD1	1520	1595	734	796
BARHL1	0	0	0	0
BARHL2	0	0	0	0
BARX1	0	0	0	0
BARX2	308	355	59	75
BASP1	9231	9213	12194	11864
BASP1P1	0	0	0	0
BATF	39	35	75	97
BATF2	28	24	42	49
BATF3	3	2	3	1
BAX	3133	3050	1676	1622
BAZ1A	4429	4146	3187	3110
BAZ1B	7753	7426	5888	5520
BAZ2A	7264	6671	6560	6212
BAZ2B	2993	2791	3378	3066
BBC3	494	480	293	274
BBIP1	600	633	549	513
BBOX1	9	9	6	2
BBS1	1513	1494	1910	1817
BBS10	934	889	699	571
BBS12	282	288	384	339
BBS2	2916	2821	2829	2684
BBS4	1262	1210	1132	1129
BBS5	480	475	578	553
BBS7	1156	1111	802	744
BBS9	438	390	366	359
BBX	6028	5450	5176	5043
BCAM	12113	12318	8497	7801
BCAN	0	0	0	0
BCAP29	3168	3147	3186	2975
BCAP31	15252	14797	24677	23780
BCAR1	4532	4649	5261	5022
BCAR3	3738	3554	4560	4342
BCAR4	0	0	1	1
BCAS1	580	578	3049	2819
BCAS2	2734	2586	2207	2156
BCAS3	1354	1297	1082	1015
BCAS4	1075	1007	1430	1471
BCAT1	653	684	126	135
BCAT2	1343	1256	1025	1052
BCCIP	4130	4100	3048	3084
BCDIN3D	408	373	354	333
BCDIN3D-AS1	23	17	22	21
BCHE	5	0	0	0
BCKDHA	1219	1225	1017	1011
BCKDHB	3685	3620	4379	4353
BCKDK	1792	1786	1744	1683
BCL10	1142	1051	1008	942
BCL11A	8	7	1	0
BCL11B	14	9	0	4
BCL2	82	66	41	47
BCL2A1	14	8	154	150
BCL2L1	10548	10087	10683	10575
BCL2L10	0	0	1	2
BCL2L11	1916	1846	2792	2545
BCL2L12	954	953	564	538
BCL2L13	4547	4304	3963	3895
BCL2L14	57	32	146	123
BCL2L15	6	15	18	11
BCL2L2	2560	2503	2505	2412
BCL2L2-PABPN1	10	2	3	4
BCL3	1262	1340	2189	2024
BCL6	1003	904	2848	2396
BCL6B	1	0	0	0
BCL7A	3118	3003	1985	1864
BCL7B	1697	1615	1640	1621
BCL7C	1542	1542	1426	1409
BCL9	968	915	824	786
BCL9L	25201	25090	34978	31894
BCLAF1	15322	14642	11925	11351
BCMO1	253	222	303	324
BCO2	150	146	165	134
BCOR	2501	2261	2182	2089
BCORL1	449	364	385	378
BCORP1	0	1	0	1
BCR	5244	5046	6291	6269
BCRP2	4	5	7	3
BCRP3	3	3	6	4
BCS1L	1311	1357	993	902
BCYRN1	128	187	136	109
BDH1	2209	2191	2787	2732
BDH2	1455	1352	2089	1919
BDKRB1	988	850	337	294
BDKRB2	5868	5724	8465	7950
BDNF	246	241	673	621
BDNF-AS	51	43	67	61
BDP1	3448	3354	2352	2295
BEAN1	16	26	58	67
BECN1	5331	5117	5615	5683
BECN1P1	0	0	0	0
BEGAIN	42	51	73	69
BEND2	0	1	0	0
BEND3	727	736	536	440
BEND3P3	1	0	0	0
BEND4	0	0	0	0
BEND5	0	0	0	0
BEND6	80	54	62	61
BEND7	457	464	600	544
BEST1	1	1	2	1
BEST2	2	0	1	0
BEST3	28	21	6	2
BEST4	12	26	24	13
BET1	779	764	925	978
BET1L	3387	3244	4511	4471
BEX1	0	1	0	0
BEX2	90	89	71	54
BEX4	148	179	174	146
BEX5	12	15	32	28
BFAR	3385	3387	3239	3213
BFSP1	63	87	90	86
BFSP2	1	1	0	1
BGLAP	3	6	2	2
BGN	4	7	4	2
BHLHA15	0	0	0	0
BHLHA9	0	0	0	0
BHLHB9	380	383	229	213
BHLHE22	0	0	0	0
BHLHE23	0	0	0	0
BHLHE40	15413	14650	11242	10417
BHLHE40-AS1	0	0	0	0
BHLHE41	146	154	172	136
BHMT	0	0	0	0
BHMT2	0	1	0	1
BICC1	552	520	414	409
BICD1	589	590	373	407
BICD2	5459	5314	3688	3686
BID	2045	1864	2338	2346
BIK	128	121	99	93
BIN1	1231	1223	1532	1460
BIN2	2	1	2	1
BIN3	504	509	495	493
BIN3-IT1	3	4	1	2
BIRC2	7816	7544	10649	10426
BIRC3	1535	1466	6307	6343
BIRC5	7052	7005	1660	1620
BIRC6	7475	7092	6654	6376
BIRC7	6	1	18	16
BIRC8	0	0	0	0
BIVM	2541	2399	1729	1760
BIVM-ERCC5	0	1	0	0
BLACAT1	387	385	412	387
BLACE	0	0	0	2
BLCAP	9598	9474	8989	8779
BLID	2	1	1	0
BLK	0	1	0	0
BLM	2023	2014	860	894
BLMH	1333	1290	1181	1211
BLNK	1341	1300	2358	2279
BLOC1S1	776	745	817	749
BLOC1S1-RDH5	10	5	7	6
BLOC1S2	4258	4092	1963	1878
BLOC1S3	804	831	728	689
BLOC1S4	815	787	777	789
BLOC1S5	7	9	8	4
BLOC1S5-TXNDC5	0	0	0	0
BLOC1S6	3333	3379	2237	2258
BLVRA	3371	3053	3178	3066
BLVRB	3807	3574	2301	2292
BLZF1	1545	1385	1324	1219
BMF	863	812	1799	1587
BMI1	103	94	92	81
BMP1	3734	3871	7802	6989
BMP10	0	0	0	0
BMP15	4	1	0	0
BMP2	242	251	553	580
BMP2K	1250	1176	914	907
BMP3	12	6	64	61
BMP4	12	12	22	20
BMP5	0	1	0	0
BMP6	82	80	120	100
BMP7	279	277	52	44
BMP8A	4	3	2	6
BMP8B	4	5	10	12
BMPER	78	59	98	84
BMPR1A	2979	2774	2664	2796
BMPR1B	6	3	21	11
BMPR2	6619	6124	8125	8024
BMS1	4914	4793	3892	3973
BMS1P17	0	0	0	0
BMS1P18	0	0	0	0
BMS1P20	878	784	741	682
BMS1P4	262	259	160	171
BMS1P5	150	126	130	101
BMS1P6	3	6	1	4
BMX	4	3	5	2
BNC1	4494	4263	2474	2402
BNC2	2	1	4	3
BNIP1	416	421	302	317
BNIP2	2997	2905	2597	2334
BNIP3	1580	1448	1250	1269
BNIP3L	1602	1428	1574	1515
BNIPL	29	39	27	33
BOC	14	12	4	7
BOD1	1632	1527	1281	1186
BOD1L1	3760	3478	3051	2934
BOD1L2	0	0	0	0
BOK	1119	954	1506	1280
BOK-AS1	0	1	1	0
BOLA1	457	435	443	394
BOLA2	0	0	0	0
BOLA2B	0	0	0	0
BOLA3	1537	1610	1629	1568
BOLA3-AS1	262	290	154	167
BOLL	0	0	0	0
BOP1	3293	3031	1316	1381
BORA	2260	2094	589	624
BPESC1	0	0	0	0
BPGM	2061	2087	3666	3697
BPHL	665	626	851	844
BPI	0	0	0	0
BPIFA1	0	1	3	3
BPIFA2	0	0	2	1
BPIFA3	0	0	0	0
BPIFA4P	0	0	1	0
BPIFB1	610	584	5946	5592
BPIFB2	0	0	0	0
BPIFB3	0	0	0	0
BPIFB4	0	1	2	2
BPIFB6	0	0	0	0
BPIFC	1	2	0	0
BPNT1	1558	1383	1622	1582
BPTF	6539	5962	5178	5015
BPY2	0	0	0	0
BPY2B	0	0	0	0
BPY2C	0	0	0	0
BRAF	436	429	336	316
BRAP	1660	1664	1674	1601
BRAT1	3171	3269	2845	2651
BRCA1	4414	4282	1822	1919
BRCA2	2222	2236	756	755
BRCC3	4462	4387	3612	3722
BRD1	1972	1922	1881	1841
BRD2	20930	20245	18450	17480
BRD3	2981	2743	3565	3173
BRD4	2953	2891	2852	2710
BRD7	4850	4797	3933	3888
BRD7P3	0	0	0	0
BRD8	5911	5768	4133	3685
BRD9	3479	3549	3183	3028
BRDT	0	0	0	0
BRE	2080	1983	2201	2248
BRE-AS1	26	21	34	40
BREA2	46	40	54	55
BRF1	1687	1650	1530	1448
BRF2	352	347	347	340
BRI3	1680	1566	2536	2342
BRI3BP	1825	1759	1362	1309
BRICD5	127	152	192	137
BRINP1	0	0	1	0
BRINP2	0	0	1	0
BRINP3	0	0	0	0
BRIP1	1944	2008	817	844
BRIX1	4780	4739	2836	2921
BRK1	4409	4285	4901	4928
BRMS1	3753	3634	2579	2438
BRMS1L	1357	1344	838	868
BROX	4706	4635	4944	5024
BRPF1	1242	1154	967	853
BRPF3	3108	3114	4001	3709
BRS3	0	0	2	0
BRSK1	27	37	56	34
BRSK2	6	6	2	2
BRWD1	6419	6168	10254	9929
BRWD1-AS1	2	2	2	2
BRWD1-IT2	15	23	24	26
BRWD3	2132	1941	1627	1541
BSCL2	588	611	1033	946
BSDC1	3609	3363	4267	4045
BSG	36487	35407	52566	49870
BSN	50	34	33	38
BSN-AS2	6	9	4	4
BSND	0	0	1	0
BSPH1	0	0	0	0
BSPRY	610	604	657	608
BST1	20	28	27	29
BST2	113	128	291	235
BSX	0	0	0	0
BTAF1	4263	4359	3969	3849
BTBD1	9652	9205	8626	8750
BTBD10	2399	2364	1710	1637
BTBD11	1530	1412	513	477
BTBD16	19	16	52	72
BTBD17	0	0	0	0
BTBD18	1	0	0	0
BTBD19	3	6	9	7
BTBD2	3225	3151	2704	2501
BTBD3	15426	15217	20596	20081
BTBD6	2174	2247	2043	1952
BTBD7	2995	3023	2862	2735
BTBD8	72	66	54	62
BTBD9	898	825	1244	1163
BTC	88	91	197	182
BTD	903	892	1775	1593
BTF3	25505	24005	14799	14908
BTF3L4	4697	4510	3831	3810
BTF3P11	0	0	0	0
BTG1	7884	7837	10726	10698
BTG2	5838	5507	1739	1640
BTG3	2275	2372	1314	1316
BTG4	1	5	2	1
BTK	2	2	0	0
BTLA	1	3	0	1
BTN1A1	0	0	2	1
BTN2A1	1882	1874	2473	2322
BTN2A2	1112	1142	820	845
BTN2A3P	276	276	204	151
BTN3A1	1569	1495	2652	2445
BTN3A2	2195	2116	2994	2912
BTN3A3	953	985	1912	1628
BTNL10	2	2	2	1
BTNL2	0	0	0	0
BTNL3	7	4	18	17
BTNL8	4	8	44	28
BTNL9	5	4	3	5
BTRC	1412	1330	1484	1534
BUB1	6774	6396	1431	1518
BUB1B	7723	7564	2103	1999
BUB3	12910	12567	6602	6388
BUD13	1600	1592	1052	1016
BUD31	2188	2148	2123	2144
BVES	10	6	12	5
BVES-AS1	0	0	0	0
BYSL	2355	2266	1626	1546
BZRAP1	364	355	449	371
BZRAP1-AS1	10	8	9	6
BZW1	70415	67060	121432	120899
BZW2	9016	8826	4830	4946
C10orf10	384	332	495	408
C10orf105	2	2	2	0
C10orf107	4	1	1	1
C10orf11	280	257	341	341
C10orf111	15	19	9	14
C10orf113	0	0	0	0
C10orf115	1	1	1	0
C10orf118	2515	2258	2536	2619
C10orf12	368	344	231	236
C10orf120	0	0	0	0
C10orf126	0	0	0	0
C10orf128	1	2	4	2
C10orf129	0	0	0	0
C10orf131	10	9	15	15
C10orf2	1739	1773	885	893
C10orf25	80	72	97	86
C10orf32	1345	1309	1485	1551
C10orf32-ASMT	0	0	0	0
C10orf35	390	382	269	285
C10orf40	0	1	0	0
C10orf53	0	0	0	0
C10orf54	4645	4448	8856	8233
C10orf55	55	39	29	47
C10orf62	3	0	0	0
C10orf67	164	144	55	67
C10orf71	0	0	0	0
C10orf71-AS1	0	0	0	0
C10orf76	2287	2118	2297	2238
C10orf82	0	0	1	1
C10orf85	0	0	0	0
C10orf88	700	668	549	555
C10orf90	0	0	1	4
C10orf91	30	24	6	5
C10orf95	16	28	25	20
C10orf99	1	0	0	0
C11orf1	527	533	566	596
C11orf16	2	0	1	1
C11orf21	0	0	0	0
C11orf24	2732	2897	4107	3995
C11orf30	2503	2525	2161	2104
C11orf31	4097	4101	4540	4653
C11orf35	339	300	780	605
C11orf40	0	0	0	0
C11orf42	0	0	0	0
C11orf44	1	0	0	0
C11orf45	929	886	614	637
C11orf48	483	458	433	399
C11orf49	1830	1665	1661	1617
C11orf52	0	0	0	0
C11orf53	0	0	0	0
C11orf54	1321	1236	1723	1618
C11orf57	3007	2823	2472	2381
C11orf58	10323	9753	8700	9083
C11orf63	528	538	461	472
C11orf65	23	22	24	21
C11orf68	1308	1250	1367	1337
C11orf70	78	91	37	36
C11orf71	447	361	500	496
C11orf73	2366	2262	2113	2130
C11orf74	522	493	495	530
C11orf80	1715	1750	1626	1544
C11orf82	1736	1747	557	538
C11orf83	1518	1502	1515	1453
C11orf84	1006	1026	887	818
C11orf85	0	1	2	0
C11orf86	278	263	218	184
C11orf87	0	0	0	0
C11orf88	1	4	1	2
C11orf91	7	4	21	24
C11orf94	8	3	12	10
C11orf95	1162	1124	1152	1075
C11orf96	0	0	0	2
C11orf97	0	1	0	0
C12orf10	1253	1226	1097	1033
C12orf29	1006	997	876	862
C12orf36	0	1	11	4
C12orf4	1071	971	829	723
C12orf40	0	0	0	0
C12orf42	3	5	3	1
C12orf43	846	826	683	707
C12orf45	515	490	379	382
C12orf49	2196	2119	2466	2372
C12orf5	5072	4997	3107	3315
C12orf50	1	0	0	0
C12orf54	14	15	2	2
C12orf56	14	14	19	25
C12orf57	893	867	1191	1297
C12orf60	93	95	58	67
C12orf61	25	28	29	40
C12orf65	1096	1034	486	498
C12orf66	558	568	381	387
C12orf71	0	0	0	0
C12orf73	643	547	522	558
C12orf74	1	0	32	18
C12orf75	1551	1587	963	1029
C12orf76	265	218	224	222
C12orf77	0	0	0	0
C12orf79	2	1	8	8
C12orf80	24	24	32	38
C14orf1	3424	3439	3055	2918
C14orf105	1	0	0	0
C14orf119	4491	4270	4079	4193
C14orf132	18	16	20	22
C14orf142	787	774	832	848
C14orf159	759	685	1724	1418
C14orf164	0	1	0	2
C14orf166	6482	6315	5033	5246
C14orf169	994	988	995	936
C14orf177	0	0	0	0
C14orf178	2	1	2	1
C14orf180	0	0	0	0
C14orf182	181	156	326	334
C14orf183	2	3	5	3
C14orf2	4287	3998	4334	4516
C14orf23	1	1	3	4
C14orf28	251	266	251	242
C14orf37	4	6	7	8
C14orf39	0	1	0	1
C14orf64	5	7	3	2
C14orf79	501	501	541	472
C14orf80	840	907	533	462
C14orf93	967	900	766	732
C15orf26	3	9	33	17
C15orf27	53	64	9	13
C15orf32	0	0	0	0
C15orf37	260	289	384	406
C15orf38	7476	7099	4968	4942
C15orf38-AP3S2	26	22	8	24
C15orf39	4110	3871	8482	7885
C15orf40	1029	1072	950	1011
C15orf41	806	831	573	573
C15orf43	0	0	0	0
C15orf48	1605	1538	6306	6677
C15orf52	2185	2450	3837	3174
C15orf53	0	0	0	0
C15orf54	5	2	1	1
C15orf56	41	33	37	36
C15orf57	636	603	600	649
C15orf59	147	114	142	155
C15orf61	238	258	239	243
C15orf62	20	22	53	32
C15orf65	15	15	64	74
C16orf13	1271	1264	1053	966
C16orf3	0	0	0	1
C16orf45	419	432	2203	2303
C16orf46	67	50	78	65
C16orf47	0	0	0	0
C16orf52	575	532	485	414
C16orf54	4	4	1	3
C16orf58	5214	5183	7872	7710
C16orf59	504	522	265	300
C16orf62	2224	2373	2709	2596
C16orf70	1054	918	813	813
C16orf71	19	12	43	25
C16orf72	2804	2630	2647	2717
C16orf74	1197	1110	682	665
C16orf78	0	0	0	0
C16orf80	1393	1456	1178	1190
C16orf82	0	0	0	0
C16orf86	11	11	20	16
C16orf87	603	533	428	468
C16orf89	0	0	0	0
C16orf90	0	0	0	0
C16orf91	754	777	568	584
C16orf92	0	0	0	0
C16orf93	197	201	238	227
C16orf95	117	117	125	94
C16orf96	0	0	0	0
C16orf97	0	0	0	0
C16orf98	21	22	18	19
C17orf100	66	99	85	88
C17orf102	0	0	0	0
C17orf103	612	485	1378	1312
C17orf104	0	0	1	0
C17orf105	1	1	0	0
C17orf107	69	65	26	39
C17orf112	0	0	0	0
C17orf47	0	0	0	0
C17orf49	167	137	126	106
C17orf50	0	0	0	1
C17orf51	651	599	615	594
C17orf53	713	702	252	255
C17orf58	569	535	402	430
C17orf59	461	474	390	387
C17orf62	2130	2051	2486	2361
C17orf64	3	0	0	0
C17orf67	56	89	56	59
C17orf70	1472	1456	1228	1181
C17orf74	0	0	0	1
C17orf75	1512	1517	1174	1268
C17orf77	0	0	0	0
C17orf78	0	0	0	0
C17orf80	1911	1910	1424	1402
C17orf82	6	6	4	1
C17orf85	3153	3104	2902	2655
C17orf89	994	1024	675	640
C17orf96	188	203	150	158
C17orf97	449	387	565	563
C17orf98	0	0	0	0
C17orf99	5	6	1	0
C18orf21	907	811	744	826
C18orf25	3422	3250	3601	3687
C18orf32	220	257	556	532
C18orf42	0	0	0	0
C18orf54	968	936	258	261
C18orf61	19	28	15	22
C18orf63	0	2	0	0
C18orf64	0	0	0	0
C18orf8	521	517	621	587
C19orf10	3893	3833	8579	8300
C19orf12	759	724	727	725
C19orf18	4	6	11	11
C19orf24	1267	1240	1444	1447
C19orf25	983	945	990	995
C19orf26	40	39	49	58
C19orf33	3834	3760	5836	6110
C19orf35	0	0	0	0
C19orf38	1	2	2	5
C19orf40	293	298	184	184
C19orf43	4201	4414	4204	4116
C19orf44	360	354	247	229
C19orf45	7	5	7	7
C19orf47	693	666	412	404
C19orf48	3479	3567	1780	1779
C19orf52	607	570	599	602
C19orf53	2670	2595	2534	2452
C19orf54	776	805	628	564
C19orf55	492	505	347	302
C19orf57	57	63	86	95
C19orf60	514	511	768	688
C19orf66	878	885	1103	936
C19orf67	0	0	0	0
C19orf68	548	563	454	453
C19orf70	1497	1426	1539	1600
C19orf71	42	35	15	11
C19orf73	26	20	24	18
C19orf80	0	0	0	1
C19orf81	0	0	0	1
C19orf82	553	477	507	523
C19orf83	196	198	68	58
C19orf84	0	0	0	0
C1D	1411	1307	1155	1158
C1GALT1	2848	2778	5858	5419
C1GALT1C1	1672	1690	3461	3274
C1QA	0	0	0	0
C1QB	0	0	0	0
C1QBP	12700	12496	8021	7920
C1QC	0	0	0	0
C1QL1	113	99	100	103
C1QL2	1	5	0	0
C1QL3	0	0	0	2
C1QL4	0	0	1	0
C1QTNF1	238	216	1119	1005
C1QTNF1-AS1	0	0	1	0
C1QTNF2	66	68	58	53
C1QTNF3	79	63	62	62
C1QTNF3-AMACR	4	0	2	1
C1QTNF4	0	2	1	0
C1QTNF5	0	0	0	0
C1QTNF6	18492	18547	27596	24865
C1QTNF7	0	0	0	0
C1QTNF8	0	0	0	0
C1QTNF9	1	0	1	1
C1QTNF9B	1	0	0	0
C1QTNF9B-AS1	35	23	35	33
C1R	2888	2710	2165	2116
C1RL	2681	2620	5484	5287
C1RL-AS1	823	766	806	702
C1S	4849	4952	8982	8422
C1orf100	0	0	0	0
C1orf101	5	5	11	7
C1orf105	0	1	1	1
C1orf106	4737	4638	4023	3716
C1orf109	1341	1315	806	783
C1orf110	0	0	0	1
C1orf111	0	0	0	1
C1orf112	1678	1584	732	729
C1orf115	333	301	338	308
C1orf116	7541	7141	10634	10122
C1orf122	1505	1598	1883	1810
C1orf123	1252	1225	1089	1009
C1orf127	1	2	8	8
C1orf131	863	874	562	537
C1orf137	4	0	0	1
C1orf140	0	0	0	0
C1orf141	0	0	0	1
C1orf145	52	51	60	63
C1orf146	0	0	0	0
C1orf158	0	0	0	0
C1orf159	388	401	419	366
C1orf162	14	11	8	11
C1orf167	2	8	8	8
C1orf168	62	58	14	15
C1orf174	614	708	625	498
C1orf177	21	18	14	12
C1orf180	1	2	1	2
C1orf185	0	0	0	0
C1orf186	0	0	1	0
C1orf189	1	0	3	2
C1orf192	1	3	2	0
C1orf194	0	0	0	0
C1orf195	0	0	0	0
C1orf198	2158	2130	2263	2288
C1orf200	0	0	0	0
C1orf204	156	139	268	245
C1orf21	1616	1465	1377	1214
C1orf210	468	423	557	505
C1orf213	69	93	76	56
C1orf216	588	588	463	492
C1orf220	73	83	76	59
C1orf226	313	275	333	277
C1orf228	10	12	62	62
C1orf229	10	22	12	9
C1orf233	184	181	315	252
C1orf234	0	0	0	0
C1orf27	3390	3511	4562	4596
C1orf35	596	619	506	499
C1orf43	12787	12192	12885	12724
C1orf50	336	345	330	335
C1orf52	786	779	751	720
C1orf53	117	88	142	156
C1orf54	18	18	28	22
C1orf56	174	158	553	502
C1orf61	0	0	0	0
C1orf64	0	0	0	0
C1orf68	5	4	0	0
C1orf74	2356	2135	522	522
C1orf85	1139	1106	2619	2362
C1orf86	387	367	324	319
C1orf87	0	0	2	0
C1orf94	1	1	0	0
C1orf95	0	0	0	1
C2	192	206	1839	1809
C20orf141	8	11	9	12
C20orf144	1	0	0	0
C20orf166	0	0	0	0
C20orf166-AS1	0	0	0	0
C20orf173	0	1	0	0
C20orf194	403	380	280	245
C20orf195	6	4	3	3
C20orf196	70	46	50	49
C20orf197	1	1	0	0
C20orf202	40	31	130	160
C20orf203	0	1	1	1
C20orf24	2730	2797	3100	3034
C20orf26	0	0	1	4
C20orf27	853	840	510	467
C20orf62	0	0	0	0
C20orf78	0	0	0	0
C20orf85	0	0	0	0
C20orf96	164	168	160	137
C21orf119	124	99	145	153
C21orf128	0	0	0	0
C21orf140	0	0	0	0
C21orf15	67	77	7	7
C21orf2	726	703	906	810
C21orf33	7388	7088	8041	7909
C21orf37	0	0	0	0
C21orf49	7	3	6	2
C21orf54	0	0	0	0
C21orf58	770	744	372	351
C21orf59	2617	2538	2782	2733
C21orf62	1	3	3	4
C21orf67	160	113	166	166
C21orf88	0	0	0	1
C21orf90	0	0	0	0
C21orf91	2000	1917	1524	1524
C21orf91-OT1	0	2	0	0
C22orf15	0	0	1	1
C22orf23	10	5	11	8
C22orf24	4	5	6	2
C22orf29	2408	2301	2318	2174
C22orf31	0	0	0	0
C22orf34	0	0	0	0
C22orf39	770	779	828	813
C22orf42	0	0	0	0
C22orf46	1836	1743	1697	1664
C2CD2	1776	1706	2082	1943
C2CD2L	970	970	1809	1565
C2CD3	4544	4248	4380	4247
C2CD4A	16	15	49	39
C2CD4B	0	0	0	0
C2CD4C	0	0	0	0
C2CD4D	41	46	68	56
C2CD5	2681	2617	1639	1610
C2orf15	605	527	763	685
C2orf16	0	0	0	6
C2orf27A	102	109	89	88
C2orf27B	0	0	0	0
C2orf40	0	0	0	0
C2orf42	468	445	432	415
C2orf43	1393	1385	1366	1253
C2orf44	800	754	439	447
C2orf47	1487	1422	1272	1206
C2orf48	23	30	4	4
C2orf49	1858	1842	1982	1913
C2orf50	4	1	2	5
C2orf54	2497	2407	2018	2021
C2orf57	1	0	0	0
C2orf61	9	13	5	6
C2orf66	15	19	22	19
C2orf68	1557	1578	1267	1143
C2orf69	1638	1574	1024	1006
C2orf70	0	0	0	0
C2orf71	0	1	0	0
C2orf72	20	14	47	46
C2orf73	0	1	1	0
C2orf74	689	703	661	615
C2orf76	324	282	375	349
C2orf78	0	2	0	0
C2orf80	0	0	0	0
C2orf81	53	48	52	48
C2orf82	7	6	4	6
C2orf83	0	0	0	0
C2orf88	44	29	21	30
C2orf91	0	0	0	0
C3	16862	16695	50621	48279
C3AR1	4	0	1	2
C3P1	0	0	0	0
C3orf14	585	574	544	575
C3orf17	3331	3370	2505	2411
C3orf18	361	314	436	386
C3orf20	2	0	3	1
C3orf22	0	0	0	0
C3orf27	0	0	0	0
C3orf30	0	0	0	2
C3orf33	355	268	329	315
C3orf35	53	38	57	39
C3orf36	0	0	0	0
C3orf38	1499	1409	1363	1444
C3orf43	1	1	1	0
C3orf49	0	1	0	0
C3orf52	331	322	192	207
C3orf55	0	0	0	0
C3orf56	0	0	0	0
C3orf58	966	953	748	779
C3orf62	622	545	814	736
C3orf65	0	0	0	0
C3orf67	194	196	99	106
C3orf67-AS1	0	1	0	0
C3orf70	0	0	1	0
C3orf79	0	0	0	0
C3orf80	4	3	3	3
C3orf84	0	0	0	0
C4A	0	0	0	0
C4B	0	0	0	0
C4BPA	1	1	23	23
C4BPB	6	21	29	35
C4B_2	0	0	0	0
C4orf17	0	0	0	0
C4orf19	866	767	3290	3362
C4orf22	2	0	4	0
C4orf26	149	132	723	788
C4orf27	1403	1359	982	983
C4orf29	880	804	874	772
C4orf3	3629	3329	4203	4213
C4orf32	669	534	403	427
C4orf33	1188	1137	1080	1213
C4orf36	115	88	73	64
C4orf45	0	0	0	0
C4orf46	1395	1260	885	882
C4orf47	1	9	1	5
C4orf48	167	240	484	483
C4orf51	0	0	0	0
C4orf6	7	2	12	5
C5	365	352	307	278
C5AR1	22	22	37	31
C5AR2	0	2	7	5
C5orf15	5519	5037	6749	6507
C5orf20	0	0	0	0
C5orf22	3690	3679	3487	3439
C5orf24	4031	3756	4520	4557
C5orf27	9	4	6	3
C5orf28	2451	2331	1984	1932
C5orf30	1051	1010	740	786
C5orf34	1180	1179	328	338
C5orf38	2449	2459	1658	1607
C5orf42	5588	5199	4357	4248
C5orf45	457	457	434	388
C5orf46	35	24	50	65
C5orf47	0	1	0	1
C5orf49	0	0	0	0
C5orf51	4618	4271	3194	3179
C5orf52	0	0	0	0
C5orf55	176	173	137	133
C5orf56	129	163	200	209
C5orf58	0	0	0	0
C5orf60	2	3	0	1
C5orf63	598	542	527	513
C5orf64	0	0	0	1
C5orf66	259	252	403	316
C5orf66-AS1	5	6	8	14
C5orf66-AS2	0	0	0	1
C6	5	2	18	9
C6orf1	571	533	502	460
C6orf10	0	0	0	0
C6orf100	9	3	13	15
C6orf106	15906	14678	11816	11506
C6orf118	0	0	0	0
C6orf120	806	769	746	688
C6orf123	0	2	1	1
C6orf132	5963	5910	8031	7631
C6orf136	1688	1705	1984	1833
C6orf141	88	100	91	80
C6orf147	0	0	0	2
C6orf15	1	2	3	3
C6orf163	51	50	49	49
C6orf164	23	23	51	46
C6orf165	317	318	397	372
C6orf195	1	2	2	0
C6orf201	0	0	0	0
C6orf203	2071	1997	2474	2607
C6orf211	3040	2758	2249	2266
C6orf222	0	0	1	0
C6orf223	23	15	47	44
C6orf226	259	230	265	262
C6orf229	0	0	0	0
C6orf25	35	35	56	47
C6orf47	3070	3002	3230	3092
C6orf48	3829	3801	2816	2756
C6orf52	60	44	12	16
C6orf57	501	462	572	575
C6orf58	5	10	2	1
C6orf62	14918	14084	15769	15783
C6orf7	2	0	0	0
C6orf89	6546	6310	7611	7265
C6orf99	21	19	20	26
C7	4	4	4	2
C7orf13	113	116	91	91
C7orf25	1332	1237	1308	1340
C7orf26	1374	1388	1312	1253
C7orf31	722	735	773	773
C7orf33	0	0	0	0
C7orf34	0	0	0	0
C7orf43	880	991	1149	1039
C7orf49	2589	2583	2141	2134
C7orf50	4322	4317	4299	4316
C7orf55	82	87	88	82
C7orf55-LUC7L2	1	2	0	1
C7orf57	0	0	1	5
C7orf60	711	605	620	578
C7orf61	2	3	11	4
C7orf62	0	0	0	0
C7orf63	80	69	103	83
C7orf65	10	3	5	3
C7orf66	0	0	0	0
C7orf69	0	3	0	0
C7orf71	0	0	0	2
C7orf72	0	0	0	0
C7orf73	2917	2783	2562	2576
C7orf76	0	0	0	0
C8A	0	0	1	0
C8B	0	0	0	0
C8G	22	26	51	47
C8orf12	0	0	0	0
C8orf22	0	0	0	0
C8orf31	0	0	2	2
C8orf33	6317	6153	4271	4161
C8orf34	4	4	5	5
C8orf37	489	466	231	214
C8orf37-AS1	3	3	1	0
C8orf4	238	233	6538	6231
C8orf44	77	81	56	71
C8orf44-SGK3	0	0	0	0
C8orf46	20	13	16	15
C8orf48	34	43	41	32
C8orf49	0	0	0	0
C8orf58	181	179	177	174
C8orf59	2550	2383	1772	1895
C8orf69	0	0	0	0
C8orf74	0	0	0	0
C8orf76	656	575	673	630
C8orf82	631	666	668	639
C8orf86	0	0	0	1
C8orf87	0	0	0	0
C8orf88	6	7	4	4
C9	3	0	3	4
C9orf106	0	3	4	5
C9orf114	1357	1342	955	863
C9orf116	236	221	388	404
C9orf117	1	2	1	3
C9orf129	0	0	1	2
C9orf131	0	0	0	0
C9orf135	3	5	7	3
C9orf135-AS1	0	0	0	0
C9orf139	2	0	1	3
C9orf142	1227	1224	1012	933
C9orf152	22	23	86	82
C9orf153	3	0	0	1
C9orf156	965	922	836	849
C9orf16	1700	1643	2474	2429
C9orf163	59	67	55	61
C9orf169	552	510	707	694
C9orf170	2	5	1	2
C9orf171	0	2	1	1
C9orf172	25	30	60	46
C9orf173	0	0	0	1
C9orf24	9	11	13	12
C9orf3	1464	1281	2125	2021
C9orf37	299	271	218	226
C9orf40	545	578	289	280
C9orf41	978	920	750	732
C9orf43	31	30	25	21
C9orf47	6	5	4	8
C9orf50	0	2	4	2
C9orf53	0	0	0	0
C9orf57	0	0	0	0
C9orf62	0	0	0	0
C9orf64	1309	1328	1225	1118
C9orf66	50	57	63	71
C9orf69	2627	2473	2194	2087
C9orf72	620	635	530	458
C9orf78	2695	2667	2201	2189
C9orf84	86	81	66	50
C9orf85	632	583	453	454
C9orf89	702	666	694	669
C9orf9	110	119	102	124
C9orf91	1425	1342	1470	1391
C9orf92	0	0	1	1
C9orf96	6	9	28	14
CA1	0	1	4	0
CA10	0	0	3	1
CA11	215	203	87	92
CA12	72	82	87	93
CA13	777	718	679	655
CA14	34	36	43	35
CA2	1074	932	477	459
CA3	12	12	17	7
CA4	0	0	0	0
CA5A	0	0	1	0
CA5B	482	479	442	422
CA5BP1	722	719	484	427
CA6	0	0	0	0
CA7	0	0	0	1
CA8	0	0	0	0
CA9	93	94	21	19
CAAP1	1317	1157	1022	1057
CAB39	6642	6224	9018	9032
CAB39L	746	741	1498	1505
CABIN1	3730	3459	3227	3116
CABLES1	557	554	1145	1071
CABLES2	1024	1026	1011	1008
CABP1	1	4	3	3
CABP2	0	0	0	0
CABP4	2	2	2	5
CABP5	0	1	1	2
CABP7	0	0	0	0
CABS1	0	0	0	0
CABYR	143	139	71	56
CACFD1	870	803	2107	2029
CACHD1	659	559	381	357
CACNA1A	5	6	13	12
CACNA1B	5	2	5	2
CACNA1C	1	5	12	15
CACNA1C-AS1	0	0	0	0
CACNA1C-AS2	0	1	0	0
CACNA1C-AS4	0	0	0	0
CACNA1C-IT2	0	0	0	0
CACNA1C-IT3	0	0	0	0
CACNA1D	22	20	18	8
CACNA1E	5	3	12	9
CACNA1F	0	2	3	3
CACNA1G	2	3	1	0
CACNA1G-AS1	0	0	0	0
CACNA1H	1	0	1	0
CACNA1I	11	13	114	93
CACNA1S	0	0	0	0
CACNA2D1	0	0	0	0
CACNA2D2	33	30	58	49
CACNA2D3	2	4	21	11
CACNA2D3-AS1	0	0	0	0
CACNA2D4	0	0	0	0
CACNB1	155	174	89	92
CACNB2	0	1	3	2
CACNB3	816	906	1305	1121
CACNB4	9	5	21	18
CACNG1	0	0	0	0
CACNG2	0	0	0	0
CACNG3	0	0	0	0
CACNG4	303	326	190	172
CACNG5	0	0	0	0
CACNG6	0	0	0	0
CACNG7	0	0	2	1
CACNG8	12	19	9	10
CACTIN	1155	1207	1032	997
CACTIN-AS1	3	2	2	2
CACUL1	5656	5496	5145	5309
CACYBP	8542	8264	5423	5717
CAD	4684	4401	2328	2319
CADM1	0	0	0	0
CADM2	0	1	0	1
CADM2-AS2	0	0	0	0
CADM3	0	0	0	0
CADM3-AS1	0	0	0	0
CADM4	814	780	1464	1409
CADPS	0	0	1	1
CADPS2	0	3	7	2
CAGE1	12	5	6	7
CAHM	10	7	5	5
CALB1	1	2	3	5
CALB2	8	8	6	2
CALCA	1	0	1	0
CALCB	2	2	1	0
CALCOCO1	2447	2328	4751	4303
CALCOCO2	4080	3992	3674	3597
CALCR	2	3	4	4
CALCRL	9	0	2	3
CALD1	8334	8223	5218	5106
CALHM1	1	2	2	4
CALHM2	1	5	13	8
CALHM3	15	18	28	21
CALM1	16793	16935	18194	18071
CALM2	30730	29630	27805	28292
CALM3	14330	14231	11274	10927
CALML3	2	2	0	0
CALML3-AS1	56	43	22	33
CALML4	369	348	235	212
CALML5	31	24	62	68
CALML6	8	4	8	2
CALN1	1	1	1	0
CALR	57099	54896	106040	101705
CALR3	6	8	2	6
CALU	10874	11104	19068	18566
CALY	0	0	1	0
CAMK1	175	208	108	96
CAMK1D	4	6	3	3
CAMK1G	1	0	0	2
CAMK2A	157	136	102	82
CAMK2B	14	13	9	4
CAMK2D	70	53	83	98
CAMK2G	7836	7496	9316	8628
CAMK2N1	3161	3196	5945	5593
CAMK2N2	43	33	45	33
CAMK4	0	0	0	0
CAMKK1	611	579	313	300
CAMKK2	2907	2614	2653	2542
CAMKMT	323	324	230	218
CAMKV	1	0	2	1
CAMLG	1915	1804	1481	1525
CAMP	0	2	6	7
CAMSAP1	1780	1717	1315	1325
CAMSAP2	9637	9444	6202	6296
CAMSAP3	1110	1226	1273	1153
CAMTA1	509	481	556	526
CAMTA2	1981	1888	1967	1823
CAND1	12104	11546	9208	9242
CAND1.11	1	1	0	1
CAND2	13	11	7	2
CANT1	4540	4590	7822	7437
CANX	87663	84679	120129	116654
CAP1	15981	15041	18864	18929
CAP2	1366	1227	1189	1090
CAPG	3141	2963	2691	2670
CAPN1	57272	54638	40408	39138
CAPN10	844	888	862	792
CAPN10-AS1	123	149	90	72
CAPN11	1	1	2	0
CAPN12	354	353	623	603
CAPN13	187	178	337	304
CAPN14	16	14	6	11
CAPN15	1548	1714	1536	1431
CAPN2	20532	20162	23443	23026
CAPN3	232	257	621	525
CAPN5	86	65	926	894
CAPN6	25	33	30	35
CAPN7	3529	3284	3343	3109
CAPN8	23	31	46	43
CAPN9	1	3	4	5
CAPNS1	18164	17209	17102	16659
CAPNS2	71	71	11	12
CAPRIN1	30889	29792	26661	26368
CAPRIN2	1252	1284	1209	1145
CAPS	151	142	337	286
CAPS2	127	126	119	87
CAPSL	0	0	0	0
CAPZA1	11710	11181	8186	8243
CAPZA2	7168	6747	6621	6749
CAPZA3	1	1	2	1
CAPZB	4605	4463	4591	4467
CARD10	1551	1569	1004	952
CARD11	978	920	1332	1294
CARD14	880	862	1009	962
CARD16	285	322	437	426
CARD17	4	6	9	12
CARD18	3	2	0	0
CARD6	3064	2905	3554	3458
CARD8	788	741	767	726
CARD9	87	79	227	176
CARF	787	710	936	820
CARHSP1	2857	2799	3161	3126
CARKD	4939	4897	5273	5086
CARM1	3111	3019	2491	2346
CARNS1	3	5	9	7
CARS	4047	3956	2834	2842
CARS2	4312	4109	4792	4592
CARTPT	0	0	0	0
CASC1	14	18	12	16
CASC10	73	68	52	55
CASC11	3	11	0	1
CASC14	0	0	1	0
CASC15	76	76	345	371
CASC16	0	0	0	0
CASC17	1	1	0	0
CASC18	1	1	1	0
CASC2	52	48	56	43
CASC20	0	0	0	2
CASC21	1	5	3	7
CASC3	4393	4348	3281	3034
CASC4	4447	4217	6488	6310
CASC5	4472	4363	979	967
CASC6	0	0	0	0
CASC8	93	92	118	120
CASC9	788	752	632	707
CASD1	792	730	917	917
CASK	3731	3332	2355	2324
CASKIN1	45	49	60	34
CASKIN2	1287	1307	1165	1195
CASP1	3090	2770	1755	1722
CASP10	1747	1580	1591	1569
CASP12	0	0	0	0
CASP14	203	221	64	65
CASP2	3240	3158	3975	3439
CASP3	2912	2862	2252	2255
CASP4	4910	4635	5734	5854
CASP5	0	0	1	5
CASP6	1875	1724	1492	1443
CASP7	3372	3334	5225	5183
CASP8	3141	2978	2328	2222
CASP8AP2	2725	2692	2049	1845
CASP9	1523	1353	2051	2067
CASQ1	0	0	0	0
CASQ2	6	1	9	11
CASR	0	0	1	0
CASS4	1	0	0	3
CAST	21851	21190	27933	27488
CASZ1	815	819	995	952
CAT	12168	11191	9905	9706
CATIP	11	6	3	4
CATIP-AS1	7	8	14	15
CATSPER1	163	161	306	268
CATSPER2	148	115	99	101
CATSPER2P1	131	99	104	93
CATSPER3	50	49	46	48
CATSPER4	5	4	2	3
CATSPERB	18	18	50	64
CATSPERD	1	0	0	0
CATSPERG	25	27	45	47
CAV1	15034	14646	3280	3349
CAV2	7905	7792	4205	4240
CAV3	0	0	0	0
CBFA2T2	1843	1869	2208	1885
CBFA2T3	100	102	6	6
CBFB	3645	3367	1951	2045
CBL	4724	4242	4016	3845
CBLB	1544	1444	1905	1687
CBLC	704	652	652	640
CBLL1	2409	2274	1836	1769
CBLN1	0	0	0	0
CBLN2	0	0	0	0
CBLN3	82	104	284	186
CBLN4	0	0	0	0
CBR1	4513	4246	3790	3699
CBR3	379	345	179	145
CBR3-AS1	130	119	384	343
CBR4	3313	3054	3430	3484
CBS	859	878	217	199
CBWD1	2494	2439	2789	2849
CBWD2	1111	1052	1077	1120
CBWD3	155	136	90	98
CBWD5	813	817	618	659
CBWD6	255	245	162	145
CBX1	5585	5450	3623	3503
CBX2	1331	1466	810	739
CBX3	25541	24904	17125	17332
CBX3P2	43	45	86	78
CBX4	2363	2340	3220	3020
CBX5	13330	12326	7088	6987
CBX6	1332	1272	1189	1101
CBX7	520	454	541	486
CBX8	785	738	747	704
CBY1	779	747	735	721
CBY3	0	0	0	0
CC2D1A	3024	2876	3450	3197
CC2D1B	2376	2304	1980	1908
CC2D2A	810	785	548	517
CC2D2B	0	2	1	3
CCAR1	10547	10366	9174	9040
CCAR2	4146	4033	3428	3312
CCAT1	0	1	0	0
CCAT2	3	2	1	1
CCBE1	144	161	329	338
CCBL1	487	453	369	334
CCBL2	1719	1756	1474	1603
CCDC101	388	400	369	352
CCDC102A	188	179	213	191
CCDC102B	26	29	15	12
CCDC103	178	181	160	147
CCDC104	1810	1719	1564	1548
CCDC105	0	0	0	0
CCDC106	214	233	238	243
CCDC107	508	437	718	650
CCDC108	0	6	7	6
CCDC109B	1638	1507	1098	1178
CCDC11	77	84	83	74
CCDC110	3	6	5	4
CCDC112	354	325	294	265
CCDC113	854	875	942	875
CCDC114	3	8	7	4
CCDC115	1726	1653	1614	1612
CCDC116	8	16	2	2
CCDC117	1734	1699	1676	1653
CCDC12	1062	1034	1004	966
CCDC120	2897	3094	2956	2735
CCDC121	266	257	235	224
CCDC122	370	342	369	354
CCDC124	1971	1944	1507	1604
CCDC125	811	761	806	825
CCDC126	404	319	294	305
CCDC127	2017	2009	2583	2411
CCDC129	0	1	3	2
CCDC13	7	12	5	12
CCDC13-AS1	0	0	0	0
CCDC130	921	875	1010	848
CCDC132	1895	1979	1644	1597
CCDC134	322	260	320	298
CCDC135	0	0	0	0
CCDC136	210	204	107	96
CCDC137	1629	1603	1340	1356
CCDC138	759	766	402	393
CCDC14	3725	3824	2334	2167
CCDC140	0	0	0	0
CCDC141	4	3	4	5
CCDC142	576	559	605	569
CCDC144A	68	89	102	90
CCDC144B	745	665	741	652
CCDC144CP	280	294	281	266
CCDC144NL	0	0	0	0
CCDC146	26	30	21	23
CCDC147	46	43	30	33
CCDC147-AS1	1	0	1	1
CCDC148	23	11	16	20
CCDC148-AS1	0	0	0	1
CCDC149	570	561	695	708
CCDC15	586	567	245	288
CCDC150	359	396	149	117
CCDC151	5	5	9	2
CCDC152	3	0	1	0
CCDC153	44	35	61	44
CCDC154	103	114	145	145
CCDC155	0	0	0	0
CCDC157	86	80	116	87
CCDC158	8	9	3	2
CCDC159	109	114	252	230
CCDC160	14	21	52	66
CCDC162P	201	226	184	157
CCDC163P	262	220	129	128
CCDC166	0	0	1	0
CCDC167	739	740	538	551
CCDC168	6	7	5	4
CCDC169	78	83	67	57
CCDC169-SOHLH2	7	5	1	3
CCDC17	78	97	59	63
CCDC170	21	7	15	8
CCDC171	159	160	126	134
CCDC172	0	0	0	0
CCDC173	4	3	2	1
CCDC174	999	1005	1011	995
CCDC175	0	0	0	0
CCDC176	163	170	357	345
CCDC177	3	0	3	5
CCDC178	1	2	2	1
CCDC179	0	0	0	0
CCDC18	999	939	249	265
CCDC180	0	0	0	0
CCDC181	1	1	0	0
CCDC182	0	0	0	0
CCDC183	16	19	37	25
CCDC183-AS1	122	135	130	122
CCDC184	1	1	0	0
CCDC185	10	9	8	8
CCDC19	35	34	29	21
CCDC22	590	657	575	555
CCDC23	459	450	402	370
CCDC24	530	524	733	673
CCDC25	1648	1475	1176	1319
CCDC27	0	0	0	0
CCDC28A	1950	1866	2127	2195
CCDC28B	71	64	22	25
CCDC3	8	7	5	5
CCDC30	39	43	84	102
CCDC33	3	2	2	1
CCDC34	1340	1278	485	506
CCDC36	2	0	0	0
CCDC37	0	0	0	0
CCDC37-AS1	0	0	0	0
CCDC38	0	4	5	0
CCDC39	0	1	0	0
CCDC40	45	39	93	129
CCDC42	0	0	0	0
CCDC42B	6	5	3	5
CCDC43	2682	2607	2039	2164
CCDC47	13328	13461	13866	13541
CCDC50	3327	3166	3132	2904
CCDC51	3348	3208	2063	2052
CCDC53	1296	1274	1211	1237
CCDC54	0	0	0	0
CCDC57	1423	1454	1461	1352
CCDC58	636	606	447	468
CCDC59	1256	1242	829	818
CCDC6	7704	7330	6977	6838
CCDC60	483	460	137	149
CCDC61	325	306	195	199
CCDC62	13	8	8	5
CCDC63	3	3	8	9
CCDC64	1301	1331	3024	2605
CCDC64B	739	783	1485	1309
CCDC65	0	0	1	1
CCDC66	1059	970	797	777
CCDC67	0	0	0	0
CCDC68	702	771	1860	1873
CCDC69	1239	1128	865	793
CCDC7	136	125	96	87
CCDC70	0	0	0	0
CCDC71	1019	998	846	793
CCDC71L	1496	1381	2744	2570
CCDC73	13	11	2	7
CCDC74A	65	68	30	22
CCDC74B	42	21	10	13
CCDC77	824	713	371	366
CCDC78	338	330	286	267
CCDC79	3	4	8	3
CCDC8	0	0	0	0
CCDC80	6421	6145	6830	6379
CCDC81	10	14	8	14
CCDC82	2207	2150	1776	1768
CCDC83	0	1	4	2
CCDC84	804	854	709	689
CCDC85A	1	3	4	6
CCDC85B	850	968	592	606
CCDC85C	3938	3730	3116	3075
CCDC86	2320	2172	1341	1388
CCDC87	24	10	43	51
CCDC88A	1738	1638	519	512
CCDC88B	450	435	286	262
CCDC88C	280	246	138	131
CCDC89	4	4	7	5
CCDC9	785	764	821	862
CCDC90B	3600	3215	3268	3288
CCDC91	1545	1439	1564	1501
CCDC92	1288	1300	1165	1085
CCDC93	2398	2339	2868	2489
CCDC94	931	916	577	596
CCDC96	126	103	190	207
CCDC97	1841	1797	1552	1344
CCER1	0	0	0	0
CCER2	24	16	21	14
CCHCR1	1516	1561	1035	973
CCIN	0	0	0	0
CCK	17	12	5	15
CCKAR	0	0	0	0
CCKBR	0	0	0	1
CCL1	0	0	0	0
CCL11	0	0	0	0
CCL13	0	0	0	0
CCL14	0	0	0	0
CCL15	0	0	0	1
CCL15-CCL14	0	0	0	0
CCL16	0	0	2	0
CCL17	0	0	2	2
CCL18	0	0	0	0
CCL19	0	0	0	0
CCL2	0	0	0	0
CCL20	35	35	33	28
CCL21	0	0	0	0
CCL22	31	27	394	349
CCL23	0	0	0	0
CCL24	0	0	0	0
CCL25	0	0	1	0
CCL26	9	6	7	11
CCL27	6	7	4	1
CCL28	340	311	723	658
CCL3	0	2	0	0
CCL3L1	0	0	0	0
CCL3L3	0	0	0	0
CCL4	0	0	0	0
CCL4L1	0	0	0	0
CCL4L2	0	0	0	0
CCL5	48	44	70	58
CCL7	0	0	0	0
CCL8	0	0	0	0
CCM2	2537	2489	1895	1899
CCM2L	0	0	0	0
CCNA1	272	284	103	103
CCNA2	11443	10941	2564	2481
CCNB1	13528	12993	2453	2420
CCNB1IP1	2784	2655	1760	1792
CCNB2	7034	6664	1271	1377
CCNB3	30	36	18	13
CCNC	9078	8536	7846	8241
CCND1	4679	5085	3360	3601
CCND2	1472	1483	375	322
CCND3	7087	7481	15304	14778
CCNDBP1	2877	2645	2695	2677
CCNE1	292	302	357	333
CCNE2	1436	1438	1178	1109
CCNF	3791	3825	1039	976
CCNG1	7981	7740	3840	3939
CCNG2	2284	2238	2874	2804
CCNH	1738	1562	1323	1349
CCNI	9347	9051	9499	9060
CCNI2	7	10	4	5
CCNJ	938	977	854	847
CCNJL	1856	1812	1863	1792
CCNK	3119	3281	2229	2129
CCNL1	4216	4196	5296	4848
CCNL2	3198	3315	4416	3899
CCNO	488	528	1055	959
CCNT1	3624	3477	2714	2579
CCNT2	2750	2662	2542	2400
CCNT2-AS1	60	33	30	31
CCNY	3891	3697	3358	3354
CCNYL1	2825	2684	2495	2610
CCNYL2	0	0	0	1
CCP110	2375	2265	1105	1051
CCPG1	682	640	1859	1818
CCR1	2	1	1	2
CCR10	3	4	3	2
CCR2	0	0	0	0
CCR3	11	7	6	11
CCR4	0	0	0	0
CCR5	0	0	0	0
CCR6	4	4	4	2
CCR7	51	36	27	29
CCR8	0	0	0	0
CCR9	0	0	0	1
CCRL2	54	41	247	247
CCRN4L	251	215	181	192
CCS	1493	1451	1540	1475
CCSAP	1444	1322	506	567
CCSER1	124	118	154	149
CCSER2	4523	4390	5180	5124
CCT2	15888	15426	10266	10538
CCT3	24055	22902	14166	14172
CCT4	14501	14056	9657	9567
CCT5	40740	40129	21034	21289
CCT6A	28739	28019	18639	18886
CCT6B	509	516	648	662
CCT6P1	206	230	123	151
CCT6P3	202	209	184	153
CCT7	15604	14823	10393	10528
CCT8	15510	15134	11362	11218
CCT8L2	0	0	1	0
CCZ1	1439	1348	1287	1340
CCZ1B	1109	1046	1001	1075
CD101	126	120	181	151
CD109	25754	24385	21955	21645
CD14	359	315	2350	2136
CD151	16196	15828	30062	27691
CD160	0	0	3	0
CD163	0	0	0	0
CD163L1	100	105	348	358
CD164	22197	21855	33613	32935
CD164L2	7	13	13	4
CD177	13	11	26	29
CD180	6	9	13	14
CD19	0	0	2	0
CD1A	0	0	0	0
CD1B	0	0	0	0
CD1C	0	0	0	0
CD1D	20	21	26	28
CD1E	0	0	0	0
CD2	0	0	0	0
CD200	9	15	8	3
CD200R1	8	10	82	61
CD200R1L	2	4	0	0
CD207	15	11	19	14
CD209	0	0	0	0
CD22	719	756	2752	2457
CD226	18	22	20	14
CD24	132395	128017	284045	286726
CD244	0	0	0	0
CD247	3	1	0	0
CD248	0	0	0	0
CD27	0	2	1	2
CD27-AS1	330	372	550	486
CD274	190	220	430	413
CD276	9262	9057	12151	11350
CD28	3	2	14	11
CD2AP	8036	7671	7743	7863
CD2BP2	3427	3447	3334	3226
CD300A	0	0	0	0
CD300C	3	2	14	8
CD300E	0	0	0	1
CD300LB	0	0	0	1
CD300LD	0	0	0	0
CD300LF	2	0	23	17
CD300LG	0	0	1	0
CD302	9	11	27	37
CD320	1081	1036	1008	916
CD33	3	6	5	6
CD34	5	4	11	9
CD36	72	65	7	16
CD37	0	0	4	2
CD38	4	3	0	1
CD3D	0	0	0	1
CD3E	0	0	4	4
CD3EAP	1222	1254	652	672
CD3G	0	0	0	0
CD4	46	56	248	206
CD40	0	0	0	0
CD40LG	0	0	0	0
CD44	20321	19943	24570	23204
CD46	20214	19566	48859	47312
CD47	7387	7261	11596	11328
CD48	0	0	0	0
CD5	0	0	0	0
CD52	0	0	0	0
CD53	1	0	2	1
CD55	28576	28289	140695	137741
CD58	1233	1272	1481	1423
CD59	48033	48513	130028	126268
CD5L	2	1	0	0
CD6	7	3	6	5
CD63	20564	20784	47617	46001
CD68	387	336	1678	1556
CD69	0	0	0	0
CD7	0	3	16	7
CD70	22	18	6	3
CD72	4	8	15	5
CD74	877	827	1582	1425
CD79A	6	6	1	3
CD79B	1	3	0	0
CD80	0	0	0	0
CD81	15011	14963	21310	20149
CD81-AS1	2	1	1	0
CD82	8291	8113	14914	13915
CD83	228	206	106	86
CD84	3	5	4	4
CD86	54	44	17	12
CD8A	20	15	16	11
CD8B	0	0	0	0
CD9	12679	11991	6842	6661
CD93	0	0	0	0
CD96	6	3	8	4
CD97	3532	3545	4768	4510
CD99	0	0	0	0
CD99L2	1588	1507	2030	1971
CD99P1	0	0	0	0
CDA	630	584	599	565
CDADC1	647	648	734	760
CDAN1	1125	1203	993	916
CDC123	5154	4921	3611	3550
CDC14A	261	276	252	242
CDC14B	1454	1403	1845	1839
CDC14C	0	0	0	0
CDC16	7475	7375	6936	6718
CDC20	11070	10495	2780	2656
CDC20B	11	17	13	9
CDC23	2469	2404	2075	2015
CDC25A	1111	1135	625	593
CDC25B	3923	3989	1686	1534
CDC25C	1383	1312	248	254
CDC26	1681	1613	1379	1493
CDC27	8268	7792	5054	5143
CDC34	1378	1348	1669	1564
CDC37	7571	7597	7168	6849
CDC37L1	1056	1113	1185	1160
CDC40	3269	3078	2704	2688
CDC42	8237	7909	5446	5467
CDC42BPA	4704	4247	4522	4412
CDC42BPB	9672	9346	10304	9491
CDC42BPG	8518	8157	9766	9227
CDC42EP1	2092	2106	1706	1625
CDC42EP2	1066	1003	1962	1788
CDC42EP3	8775	8515	13246	13173
CDC42EP4	2740	2643	1667	1524
CDC42EP5	333	254	284	297
CDC42P3	1	0	0	0
CDC42SE1	9042	8707	5450	5008
CDC42SE2	3294	3265	3200	3221
CDC45	2069	2067	937	897
CDC5L	7396	7188	6181	6111
CDC6	3515	3641	1963	1980
CDC7	1714	1732	684	709
CDC73	4650	4303	3605	3480
CDCA2	2027	1932	549	586
CDCA3	2636	2555	630	602
CDCA4	2398	2476	1211	1119
CDCA5	5958	5881	2072	2177
CDCA7	1846	1857	657	643
CDCA7L	3044	3007	1059	1082
CDCA8	4604	4534	994	964
CDCP1	6771	6744	8705	8304
CDCP2	0	0	0	0
CDH1	19104	18568	26687	26491
CDH10	45	38	12	11
CDH11	101	103	650	567
CDH12	0	0	0	0
CDH13	2760	2541	1168	1126
CDH15	2	2	5	8
CDH16	15	6	2	3
CDH17	1	0	4	3
CDH18	2	1	0	0
CDH19	5	5	31	30
CDH2	1068	1113	2537	2599
CDH20	0	0	0	0
CDH22	0	1	0	0
CDH23	5	7	7	7
CDH24	665	726	574	455
CDH26	28	13	26	20
CDH3	12391	12090	13281	12339
CDH4	1	1	0	1
CDH5	2988	3197	9788	9358
CDH6	2	2	2	2
CDH7	0	0	0	0
CDH8	182	167	53	45
CDH9	0	1	1	1
CDHR1	1	2	1	2
CDHR2	20	14	30	20
CDHR3	0	0	0	1
CDHR4	2	1	3	2
CDHR5	1	3	10	1
CDIP1	1922	1894	958	867
CDIPT	3243	3333	4847	4467
CDIPT-AS1	2	2	2	7
CDK1	10943	10641	3258	3399
CDK10	2760	2760	2613	2272
CDK11A	142	156	139	136
CDK11B	724	776	625	661
CDK12	7071	6694	4910	4727
CDK13	5741	5545	5875	5745
CDK14	2163	2000	2158	2083
CDK15	3	1	7	4
CDK16	13833	13711	12302	11777
CDK17	1277	1298	1159	1080
CDK18	922	938	460	422
CDK19	2894	2575	2776	2572
CDK2	4733	4794	2824	2631
CDK20	161	155	194	185
CDK2AP1	6026	5792	4615	4665
CDK2AP2	3883	3815	3356	3212
CDK3	0	0	0	0
CDK4	5292	5374	2993	2799
CDK5	956	886	1056	1105
CDK5R1	69	57	69	70
CDK5R2	14	23	29	40
CDK5RAP1	2548	2406	2170	2058
CDK5RAP2	3541	3338	2256	2203
CDK5RAP3	5023	5373	4813	4302
CDK6	12960	11979	7448	7306
CDK7	2069	2097	1847	1853
CDK8	1315	1268	1316	1348
CDK9	2371	2346	2358	2199
CDKAL1	1038	1018	726	719
CDKL1	74	63	14	16
CDKL2	9	10	6	5
CDKL3	58	34	82	74
CDKL4	4	6	2	5
CDKL5	169	147	189	165
CDKN1A	18957	18323	20298	20164
CDKN1B	3366	3308	3689	3672
CDKN1C	31	28	19	24
CDKN2A	0	0	0	0
CDKN2AIP	1220	1130	1026	1040
CDKN2AIPNL	892	860	845	886
CDKN2B	0	0	0	0
CDKN2B-AS1	1	2	1	0
CDKN2C	2988	2820	1499	1476
CDKN2D	410	435	225	193
CDKN3	2807	2774	675	652
CDNF	82	99	188	206
CDO1	0	0	2	2
CDON	223	197	156	153
CDPF1	353	357	395	332
CDR1	0	0	0	0
CDR2	1123	1203	1229	1221
CDR2L	1317	1365	2089	2044
CDRT1	268	301	472	437
CDRT15	0	0	0	0
CDRT15L2	0	0	0	0
CDRT15P1	0	0	0	0
CDRT15P2	0	0	0	0
CDRT4	1	0	2	0
CDRT7	0	0	0	0
CDRT8	0	0	0	0
CDS1	6685	6552	8042	7722
CDS2	2058	1847	2110	2029
CDSN	2	4	23	10
CDT1	1826	1843	1049	1012
CDV3	9367	9119	7458	7321
CDX1	0	0	0	0
CDX2	0	0	0	0
CDX4	0	0	0	0
CDY1	0	0	0	0
CDY1B	0	0	0	0
CDY2A	0	0	0	0
CDY2B	0	0	0	0
CDYL	2204	2054	2039	1985
CDYL2	37	37	67	58
CEACAM1	65	41	305	285
CEACAM16	0	0	0	0
CEACAM18	0	0	0	0
CEACAM19	423	407	738	648
CEACAM20	0	0	0	1
CEACAM21	0	0	0	0
CEACAM22P	1	4	0	1
CEACAM3	0	0	2	0
CEACAM4	0	0	1	0
CEACAM5	4	3	82	78
CEACAM6	1005	991	33381	31714
CEACAM7	0	0	1	1
CEACAM8	2	1	2	1
CEBPA	1253	1214	430	403
CEBPA-AS1	64	87	22	29
CEBPB	5557	5561	7465	7114
CEBPD	509	512	449	368
CEBPE	0	0	0	0
CEBPG	2686	2685	1509	1533
CEBPZ	6973	6641	5218	5254
CEBPZOS	3217	3097	2765	2822
CECR1	20	12	2	2
CECR2	40	24	24	22
CECR3	0	0	0	0
CECR5	2009	2013	1743	1701
CECR5-AS1	13	3	8	5
CECR6	11	12	16	15
CECR7	345	364	332	299
CEL	1023	1061	249	242
CELA1	1	0	0	0
CELA2A	0	0	0	0
CELA2B	0	0	0	0
CELA3A	0	0	1	0
CELA3B	0	0	0	0
CELF1	7214	7394	6447	5989
CELF2	48	37	18	10
CELF2-AS2	0	0	0	0
CELF3	1	0	0	0
CELF4	262	276	347	287
CELF5	1	8	15	12
CELF6	43	47	127	99
CELP	4	4	1	0
CELSR1	5088	4327	5590	5423
CELSR2	8810	7822	5566	5428
CELSR3	1179	1124	1005	986
CELSR3-AS1	2	8	7	2
CEMIP	939	847	3130	2905
CEMP1	0	1	1	0
CEND1	0	0	0	0
CENPA	2370	2351	449	447
CENPB	1868	1877	1927	1790
CENPBD1	767	687	795	757
CENPBD1P1	2184	1972	1637	1587
CENPC	1491	1394	903	871
CENPE	8014	7500	1426	1449
CENPF	22244	19894	3793	3792
CENPH	1549	1585	532	614
CENPI	1167	1201	271	282
CENPJ	2186	2263	1163	1062
CENPK	1763	1715	630	621
CENPL	1836	1764	729	738
CENPM	945	944	349	399
CENPN	6147	6213	2716	2739
CENPO	2581	2543	1297	1174
CENPP	710	692	202	188
CENPQ	792	777	540	559
CENPT	5127	5465	5120	4415
CENPU	3024	3129	1339	1398
CENPV	818	789	609	607
CENPVP1	0	0	0	0
CENPVP2	0	0	0	0
CENPW	1662	1692	467	465
CEP104	955	960	1007	1004
CEP112	177	154	177	181
CEP120	1631	1659	1004	1150
CEP128	695	672	224	242
CEP131	682	680	490	543
CEP135	1175	1161	644	628
CEP152	2387	2375	1007	889
CEP162	733	759	517	463
CEP164	2831	2616	1780	1555
CEP170	1301	1239	793	740
CEP170B	5041	5053	5701	5338
CEP170P1	4	3	0	1
CEP19	84	89	134	99
CEP192	3521	3391	2186	2094
CEP250	3042	2776	1745	1672
CEP290	1957	1886	1355	1303
CEP350	6786	6329	4833	4741
CEP41	895	851	712	660
CEP44	1508	1472	757	731
CEP55	7465	7307	1618	1670
CEP57	6037	5871	3641	3556
CEP57L1	1668	1536	845	906
CEP63	2329	2140	1726	1813
CEP68	953	924	819	838
CEP70	2216	1941	1535	1597
CEP72	1104	1017	650	648
CEP76	1056	951	760	657
CEP78	1791	1765	733	757
CEP83	903	880	426	458
CEP83-AS1	21	22	7	9
CEP85	1180	1308	704	695
CEP85L	1609	1590	1120	943
CEP89	575	541	354	373
CEP95	1992	1979	1943	1775
CEP97	1094	1103	737	701
CEPT1	2512	2446	2511	2309
CER1	0	0	0	0
CERCAM	1511	1532	2917	2798
CERK	2227	2271	3202	3255
CERKL	0	1	1	1
CERS1	59	63	30	44
CERS2	10189	9957	11158	10993
CERS3	240	255	270	263
CERS4	74	75	18	13
CERS5	1324	1329	1120	1140
CERS6	7567	7296	6071	5894
CERS6-AS1	2	4	2	1
CES1	117	119	21	24
CES1P1	0	0	0	0
CES1P2	1	1	0	2
CES2	7625	7304	4642	4531
CES3	59	69	28	23
CES4A	74	97	167	139
CES5A	0	0	0	0
CES5AP1	0	0	0	0
CETN1	0	0	0	0
CETN2	2645	2492	2428	2511
CETN3	910	886	514	487
CETN4P	3	9	4	4
CETP	0	1	0	4
CFB	5067	5307	41693	39288
CFC1	0	0	0	0
CFC1B	0	0	0	0
CFD	165	187	355	368
CFDP1	1461	1363	1316	1257
CFH	428	376	568	527
CFHR1	0	0	0	0
CFHR2	0	0	0	0
CFHR3	31	30	4	4
CFHR4	3	3	0	0
CFHR5	0	0	0	0
CFI	3355	3323	5369	5156
CFL1	49961	48423	43402	43883
CFL1P1	30	36	50	43
CFL2	2231	2190	2031	2124
CFLAR	3275	3092	5784	5447
CFLAR-AS1	1	2	2	1
CFP	2	9	5	3
CFTR	0	0	0	0
CGA	11	11	80	63
CGB	4	3	4	2
CGB1	1	0	1	1
CGB2	0	0	0	0
CGB5	8	12	12	12
CGB7	52	74	51	40
CGB8	11	9	22	34
CGGBP1	6207	5731	4953	4797
CGN	2771	2771	3531	3318
CGNL1	110	87	97	103
CGREF1	93	101	33	46
CGRRF1	544	504	452	463
CH25H	0	0	0	0
CHAC1	364	333	264	241
CHAC2	375	339	182	195
CHAD	0	0	0	3
CHADL	205	250	172	189
CHAF1A	2796	2905	1923	1938
CHAF1B	1903	1896	1049	1068
CHAMP1	3101	3064	2688	2590
CHAT	0	0	0	0
CHCHD1	1927	1818	1764	1781
CHCHD10	2656	2571	3330	3192
CHCHD2	18437	17915	14747	14791
CHCHD3	3920	3885	4045	4036
CHCHD4	1719	1628	1234	1171
CHCHD5	463	493	456	460
CHCHD6	699	712	659	548
CHCHD7	807	798	773	805
CHD1	2948	2800	2153	2178
CHD1L	1671	1555	888	855
CHD2	9253	8638	10164	9822
CHD3	19458	18406	21838	19796
CHD4	14820	13696	12183	12112
CHD5	46	43	72	50
CHD6	4634	4345	4170	4019
CHD7	1415	1301	1191	1124
CHD8	5773	5274	4678	4698
CHD9	4728	4258	3193	3245
CHDC2	1	0	0	0
CHDH	265	254	207	214
CHEK1	4368	4418	1786	1950
CHEK2	1027	1036	432	381
CHEK2P2	0	0	0	0
CHERP	2755	2737	2356	2109
CHFR	1306	1326	1604	1375
CHGA	80	79	13	11
CHGB	5	6	11	13
CHI3L1	46	45	341	277
CHI3L2	182	165	357	355
CHIA	0	0	0	0
CHIAP2	0	0	0	1
CHIC1	520	478	450	433
CHIC2	333	295	350	306
CHID1	3092	3056	3722	3554
CHIT1	0	0	0	0
CHKA	3178	3026	3188	3168
CHKB	99	101	107	78
CHKB-AS1	52	45	61	50
CHKB-CPT1B	12	5	7	9
CHL1	5	8	22	6
CHL1-AS1	0	0	0	1
CHM	3187	2937	3217	3116
CHML	3783	3961	1390	1436
CHMP1A	7550	7267	6882	6685
CHMP1B	7612	7321	12058	11879
CHMP1B2P	0	0	1	0
CHMP2A	4987	4683	5694	5460
CHMP2B	2611	2436	3528	3597
CHMP3	782	778	834	805
CHMP4A	2073	1800	2065	2013
CHMP4B	10058	9569	13821	13829
CHMP4C	3061	2845	2854	3026
CHMP5	5703	5180	6329	6322
CHMP6	1135	1108	986	963
CHMP7	1441	1349	1422	1363
CHN1	142	97	124	149
CHN2	6	7	16	10
CHODL	8	10	12	15
CHODL-AS1	0	0	0	0
CHORDC1	4378	4143	2903	2973
CHP1	8886	8473	11598	11137
CHP2	92	78	2	18
CHPF	16028	16198	26914	25646
CHPF2	2388	2392	4463	4187
CHPT1	1878	1878	1716	1731
CHRAC1	2961	2773	2207	2161
CHRD	71	71	238	235
CHRDL1	7	9	5	4
CHRDL2	7	5	7	7
CHRFAM7A	4	5	3	0
CHRM1	0	0	0	0
CHRM2	0	0	0	0
CHRM3	370	326	131	140
CHRM3-AS1	0	0	0	0
CHRM3-AS2	0	0	0	1
CHRM4	0	3	4	3
CHRM5	1	2	2	2
CHRNA1	1	0	0	0
CHRNA10	65	62	58	46
CHRNA2	0	0	0	0
CHRNA3	39	26	0	3
CHRNA4	0	0	0	0
CHRNA5	1929	1959	1114	1059
CHRNA6	2	0	1	2
CHRNA7	7	2	1	2
CHRNA9	9	13	25	14
CHRNB1	459	442	865	906
CHRNB2	4	8	5	8
CHRNB3	0	0	1	0
CHRNB4	20	19	6	4
CHRND	0	0	0	0
CHRNE	6	1	5	7
CHRNG	0	0	0	0
CHST1	0	1	1	0
CHST10	440	482	389	391
CHST11	351	310	1004	961
CHST12	867	846	1226	1115
CHST13	7	6	5	11
CHST14	1339	1375	1190	1081
CHST15	1680	1613	3396	3077
CHST2	7	2	4	3
CHST3	4120	4084	9746	9404
CHST4	142	148	496	497
CHST5	28	24	12	6
CHST6	68	77	58	49
CHST7	180	189	109	98
CHST8	1	1	1	0
CHST9	1	0	0	0
CHSY1	2731	2766	2432	2351
CHSY3	2	0	0	0
CHTF18	2481	2635	1293	1213
CHTF8	7667	7128	5763	5593
CHTOP	4970	4844	3465	3547
CHUK	2066	1992	1796	1737
CHURC1	4029	3889	4123	4198
CHURC1-FNTB	3	2	0	0
CIAO1	5210	5289	5689	5710
CIAPIN1	4380	4196	4372	4207
CIART	13	7	8	5
CIB1	6286	5831	6365	6239
CIB2	96	83	88	89
CIB3	0	1	2	2
CIB4	4	7	9	14
CIC	4974	5149	2551	2343
CIDEA	0	0	0	1
CIDEB	0	0	4	3
CIDEC	1	1	2	1
CIDECP	286	236	423	390
CIITA	5	4	2	3
CILP	2	0	2	0
CILP2	11	9	22	22
CINP	765	705	552	577
CIPC	1652	1547	1198	1129
CIR1	2091	2056	2154	2124
CIRBP	8356	8797	10740	10162
CIRBP-AS1	12	23	29	33
CIRH1A	3385	3530	2090	2015
CISD1	3132	3035	3309	3482
CISD2	3085	3069	3165	3088
CISD3	1035	963	966	928
CISH	391	350	340	307
CISTR	0	0	0	0
CIT	3571	3448	838	839
CITED1	58	49	28	27
CITED2	20840	21001	46488	44561
CITED4	1429	1475	2920	2646
CIZ1	4393	4270	3328	3189
CKAP2	17506	16575	4612	4730
CKAP2L	4183	4045	861	968
CKAP4	4103	3941	7012	7001
CKAP5	22283	20652	9661	9604
CKB	52	59	79	60
CKLF	233	230	147	172
CKLF-CMTM1	2	1	1	1
CKM	0	0	1	1
CKMT1A	984	975	1139	1084
CKMT1B	787	785	643	884
CKMT2	0	0	0	0
CKMT2-AS1	119	115	108	98
CKS1B	5668	5495	2113	2123
CKS2	4577	4423	1240	1273
CLASP1	3526	3271	2664	2387
CLASP2	3482	3423	2868	2670
CLASRP	1577	1591	1349	1219
CLC	0	0	0	0
CLCA1	0	0	0	0
CLCA2	7688	7154	1127	1149
CLCA3P	0	0	1	0
CLCA4	9	10	1	1
CLCC1	3411	3420	3813	3526
CLCF1	660	712	1665	1466
CLCN1	174	173	42	34
CLCN2	863	819	803	781
CLCN3	7802	7638	9407	9193
CLCN4	567	576	462	440
CLCN5	499	479	337	315
CLCN6	576	594	404	343
CLCN7	3142	3039	3416	3259
CLCNKA	922	912	2205	1885
CLCNKB	30	27	41	34
CLDN1	11929	11986	5384	5316
CLDN10	0	0	0	0
CLDN10-AS1	0	0	0	0
CLDN11	12	10	57	35
CLDN12	4679	4407	4548	4416
CLDN14	0	0	0	0
CLDN15	331	333	210	160
CLDN16	75	82	26	29
CLDN17	0	0	0	0
CLDN18	0	0	0	0
CLDN19	0	0	0	0
CLDN2	0	1	3	3
CLDN20	0	0	0	0
CLDN22	0	0	0	0
CLDN23	56	68	134	142
CLDN24	0	0	1	0
CLDN25	0	0	1	0
CLDN3	8	17	14	17
CLDN4	4218	4021	4690	4445
CLDN5	0	0	0	0
CLDN6	1	1	3	5
CLDN7	13232	12514	24867	23058
CLDN8	6	3	18	15
CLDN9	31	43	52	53
CLDND1	4791	4642	3500	3302
CLDND2	10	10	1	10
CLEC10A	0	0	0	0
CLEC11A	30	32	44	28
CLEC12A	0	0	0	0
CLEC12B	0	0	0	0
CLEC14A	0	0	0	0
CLEC16A	2064	1969	2825	2663
CLEC17A	1	0	0	0
CLEC18A	11	11	24	30
CLEC18B	22	23	43	36
CLEC18C	8	4	7	6
CLEC19A	1	0	0	1
CLEC1A	1	3	0	0
CLEC1B	0	0	0	0
CLEC2A	0	0	0	0
CLEC2B	218	227	173	199
CLEC2D	208	239	733	682
CLEC2L	0	0	0	0
CLEC3A	6	4	10	10
CLEC3B	1	1	4	2
CLEC4A	12	3	10	21
CLEC4C	0	1	1	1
CLEC4D	0	0	0	0
CLEC4E	0	0	1	2
CLEC4F	11	11	17	11
CLEC4G	0	0	0	0
CLEC4GP1	5	13	14	22
CLEC4M	0	0	0	0
CLEC5A	1	0	0	0
CLEC6A	0	0	0	0
CLEC7A	12	8	7	3
CLEC9A	0	0	0	0
CLECL1	0	0	0	0
CLGN	89	78	66	65
CLHC1	354	408	482	413
CLIC1	22264	20918	17756	17130
CLIC2	2	0	1	3
CLIC3	120	93	333	361
CLIC4	6878	6582	5583	5535
CLIC5	116	125	591	576
CLIC6	2	0	0	0
CLINT1	7222	6883	9410	9264
CLIP1	28115	27441	25706	25081
CLIP1-AS1	0	0	0	0
CLIP2	616	653	329	320
CLIP3	40	62	65	37
CLIP4	2700	2536	1855	1825
CLK1	5730	6065	7753	7145
CLK2	2251	2347	1755	1677
CLK2P	0	1	0	0
CLK3	2252	2188	2142	2018
CLK4	1194	1288	1126	1075
CLLU1	0	0	0	0
CLLU1OS	0	1	1	3
CLMN	1259	1152	1492	1448
CLMP	3987	3659	2271	2183
CLN3	1193	1156	2847	2647
CLN5	2768	2582	3512	3325
CLN6	3374	3438	2503	2428
CLN8	1189	1231	1312	1350
CLNK	0	0	0	0
CLNS1A	7721	7375	4609	4919
CLOCK	5626	5058	4969	4889
CLP1	1761	1771	1293	1249
CLPB	2213	1888	1341	1279
CLPP	2158	2124	1823	1728
CLPS	0	0	0	0
CLPSL1	0	0	0	0
CLPSL2	0	3	2	2
CLPTM1	9021	9229	16474	15205
CLPTM1L	12434	12133	16567	15996
CLPX	3674	3452	3246	3103
CLRN1	0	0	0	0
CLRN1-AS1	0	0	0	0
CLRN2	0	1	0	1
CLRN3	1	0	15	15
CLSPN	1552	1632	1028	1019
CLSTN1	9411	8994	16730	16096
CLSTN2	17	22	139	131
CLSTN2-AS1	1	0	2	0
CLSTN3	3097	3042	6855	6226
CLTA	6739	6554	6755	6919
CLTB	5845	5950	10690	10295
CLTC	30504	29138	33630	33761
CLTCL1	274	281	313	299
CLU	5596	5404	2058	1887
CLUAP1	1605	1453	1355	1288
CLUH	7051	6738	6454	6082
CLUHP3	515	572	665	557
CLUL1	3	4	7	5
CLVS1	4	5	1	7
CLVS2	0	0	3	0
CLYBL	521	493	668	629
CLYBL-AS1	0	0	0	0
CLYBL-AS2	0	0	0	0
CMA1	0	0	0	0
CMAHP	640	583	673	617
CMAS	2968	2832	3049	2880
CMBL	6796	6472	3833	3825
CMC1	1059	946	1126	1138
CMC2	2915	3001	2775	2789
CMC4	451	423	395	405
CMIP	12792	12453	7911	7640
CMKLR1	1	1	0	0
CMPK1	11282	10826	8514	8624
CMPK2	33	44	84	72
CMSS1	2190	2117	1234	1307
CMTM1	33	27	23	19
CMTM2	0	2	2	2
CMTM3	55	72	50	25
CMTM4	7139	6878	12193	12011
CMTM5	0	0	0	0
CMTM6	12674	12129	8428	8272
CMTM7	139	128	119	110
CMTM8	106	111	225	229
CMTR1	4380	4361	3601	3431
CMTR2	2700	2541	2713	2567
CMYA5	193	145	328	282
CNBD1	1	0	0	0
CNBD2	8	7	13	5
CNBP	19244	18676	14491	15293
CNDP1	46	24	49	42
CNDP2	15502	14672	17679	17227
CNEP1R1	717	663	418	444
CNFN	104	87	148	163
CNGA1	13	15	69	74
CNGA2	0	0	1	0
CNGA3	2	2	22	23
CNGA4	6	6	3	2
CNGB1	63	76	152	145
CNGB3	118	86	83	82
CNIH1	6526	6143	7012	7097
CNIH2	34	41	24	37
CNIH3	4	2	4	3
CNIH4	2496	2444	2275	2252
CNKSR1	688	709	687	588
CNKSR2	1	2	1	2
CNKSR3	29	28	44	28
CNN1	9	17	33	25
CNN2	7513	7406	5724	5561
CNN3	5040	4707	4671	4733
CNNM1	17	13	23	26
CNNM2	584	529	733	695
CNNM3	2931	2937	3645	3459
CNNM4	3596	3323	4820	4582
CNOT1	22143	20935	17947	17801
CNOT10	2786	2668	2130	2012
CNOT11	4407	4408	4524	4446
CNOT2	4089	4034	3699	3656
CNOT3	3615	3731	2926	2796
CNOT4	1365	1284	1259	1239
CNOT6	6845	6407	4423	4541
CNOT6L	2504	2262	2189	1982
CNOT7	3820	3455	3118	3065
CNOT8	3341	3154	3266	3275
CNP	4632	4403	4718	4550
CNPPD1	3686	3438	3320	3229
CNPY1	3	3	2	0
CNPY2	4107	4103	6080	5732
CNPY3	5778	5499	7172	6650
CNPY4	314	267	339	335
CNR1	0	1	1	1
CNR2	0	0	0	0
CNRIP1	7	7	1	0
CNST	1102	1123	1241	1225
CNTD1	0	1	1	1
CNTD2	4	3	3	2
CNTF	15	13	3	7
CNTFR	2	1	0	1
CNTFR-AS1	0	0	0	0
CNTLN	1091	1130	512	498
CNTN1	268	270	325	381
CNTN2	0	0	0	0
CNTN3	0	0	0	0
CNTN4	0	1	3	3
CNTN4-AS2	0	0	0	0
CNTN5	64	70	84	104
CNTN6	0	0	1	0
CNTNAP1	184	195	132	116
CNTNAP2	177	142	49	63
CNTNAP3	919	811	593	569
CNTNAP3B	172	191	99	94
CNTNAP3P2	0	0	0	0
CNTNAP4	0	0	0	0
CNTNAP5	0	0	0	0
CNTRL	1581	1521	513	461
CNTROB	2928	2862	1504	1429
COA1	2947	2876	2490	2563
COA3	1498	1331	1569	1506
COA4	3115	3021	2369	2453
COA5	1268	1150	1306	1244
COA6	1730	1582	1245	1136
COA7	1302	1206	679	690
COASY	6341	6049	5558	5219
COBL	6642	6361	5254	5021
COBLL1	3133	3036	1029	1062
COCH	1	0	0	0
COG1	1413	1398	1477	1337
COG2	2293	2145	2262	2170
COG3	3424	3299	3330	3153
COG4	3907	3610	3628	3524
COG5	2628	2405	2692	2660
COG6	2478	2428	2857	2846
COG7	1567	1586	1846	1759
COG8	1206	1227	1328	1225
COIL	1570	1598	999	992
COL10A1	8	10	18	13
COL11A1	7	6	12	11
COL11A2	311	335	350	295
COL12A1	13502	12848	9384	9021
COL13A1	2	1	5	8
COL14A1	1	0	1	0
COL15A1	24	30	37	60
COL16A1	854	836	398	417
COL17A1	24354	23353	8709	8244
COL18A1	3113	3503	7395	7017
COL18A1-AS1	0	0	0	0
COL18A1-AS2	0	0	0	0
COL19A1	0	0	1	0
COL1A1	5329	5445	3890	3338
COL1A2	13	3	3	6
COL20A1	3	0	7	2
COL21A1	21	14	130	121
COL22A1	2	2	7	9
COL23A1	0	3	0	0
COL24A1	2	0	0	0
COL25A1	0	0	3	1
COL26A1	3	0	0	0
COL27A1	2153	2078	1127	918
COL28A1	78	93	203	204
COL2A1	279	275	33	30
COL3A1	21	16	13	15
COL4A1	8943	9063	9260	9326
COL4A2	19486	19528	23480	23535
COL4A2-AS1	3	0	4	1
COL4A3	860	977	2248	2084
COL4A3BP	3158	2924	2911	2788
COL4A4	3220	3024	6276	5862
COL4A5	9570	8892	10544	10057
COL4A6	2225	2074	694	635
COL5A1	5230	5387	16799	16051
COL5A2	315	310	577	543
COL5A3	19	19	19	11
COL6A1	533	588	868	764
COL6A2	1	1	0	0
COL6A3	13	13	13	13
COL6A4P1	17	18	3	6
COL6A4P2	0	2	0	0
COL6A5	1	0	2	1
COL6A6	0	0	0	0
COL7A1	43487	45906	24990	21640
COL8A1	15	19	518	457
COL8A2	10	8	14	10
COL9A1	0	0	1	0
COL9A2	100	104	60	56
COL9A3	143	121	103	72
COLCA1	1074	1048	551	470
COLCA2	2179	2295	1675	1400
COLEC10	22	19	26	22
COLEC11	3	4	0	0
COLEC12	0	0	0	0
COLGALT1	6291	6192	6392	5740
COLGALT2	23	28	33	33
COLQ	9	10	10	7
COMMD1	746	717	669	632
COMMD10	1989	1866	1546	1555
COMMD2	2829	2698	2036	2042
COMMD3	1146	1133	1359	1384
COMMD3-BMI1	0	0	1	1
COMMD4	4135	3985	2905	2797
COMMD5	1648	1537	1590	1506
COMMD6	3397	3306	3856	3747
COMMD7	4425	4128	4603	4493
COMMD8	1608	1434	1351	1323
COMMD9	2068	2058	1848	1894
COMP	0	0	0	0
COMT	4046	3853	5317	5047
COMTD1	1401	1541	1163	1124
COPA	14095	13228	16272	15678
COPB1	13099	12496	14327	14314
COPB2	14028	13468	16485	16708
COPE	5098	4955	5595	5577
COPG1	9724	9263	13307	12645
COPG2	1361	1274	1035	1059
COPRS	1787	1653	1408	1386
COPS2	6495	6223	4648	4915
COPS3	3618	3552	2437	2360
COPS4	2938	2937	2451	2419
COPS5	6458	6215	6624	6373
COPS6	4503	4487	3655	3593
COPS7A	2768	2663	3221	3105
COPS7B	1607	1541	1541	1381
COPS8	3589	3482	3229	3217
COPZ1	7185	6673	7529	6985
COPZ2	176	188	213	169
COQ10A	304	293	344	320
COQ10B	1366	1251	2088	2016
COQ2	5003	4721	3866	3873
COQ3	2097	1955	1434	1517
COQ4	1886	1956	1810	1694
COQ5	2371	2129	1843	1961
COQ6	1458	1404	1758	1774
COQ7	1402	1501	1426	1297
COQ9	4650	4435	6473	6099
CORIN	2	3	2	0
CORO1A	42	34	48	57
CORO1B	5215	5063	5117	5053
CORO1C	8578	7941	3744	3743
CORO2A	11	18	126	86
CORO2B	15	11	9	6
CORO6	1054	1235	1795	1509
CORO7	188	169	166	150
CORO7-PAM16	3	0	0	0
CORT	0	1	1	1
COTL1	7985	8225	7159	7617
COX10	1778	1682	1673	1696
COX10-AS1	411	377	264	227
COX11	2472	2398	1997	2075
COX14	1156	1193	1714	1796
COX15	2924	2964	3304	3232
COX16	1128	1047	1093	1107
COX17	1523	1400	1377	1416
COX18	1749	1616	2265	2352
COX19	1064	1066	1060	1024
COX20	2158	2185	1750	1816
COX4I1	24943	23852	34886	34455
COX4I2	0	0	0	0
COX5A	13343	12942	15406	15855
COX5B	7239	7059	10024	10113
COX6A1	16033	15813	23535	22983
COX6A2	0	0	0	0
COX6B1	9454	8876	12308	12113
COX6B2	306	246	258	219
COX6C	12591	12182	19025	19702
COX7A1	0	0	0	0
COX7A2	12558	12103	17008	17209
COX7A2L	3577	3235	3058	3113
COX7B	8241	7815	9763	10379
COX7B2	0	0	0	0
COX7C	14478	13909	18110	18160
COX8A	11799	11637	12899	13064
COX8C	1	2	0	0
CP	218	255	1667	1463
CPA1	0	1	0	0
CPA2	7	8	11	9
CPA3	0	0	0	0
CPA4	1317	1394	784	697
CPA5	13	8	3	5
CPA6	1	0	1	0
CPAMD8	32	34	33	43
CPB1	0	1	0	2
CPB2	0	0	0	0
CPB2-AS1	6	1	0	1
CPD	12094	11339	24291	22834
CPE	3089	2919	1983	1893
CPEB1	0	4	1	2
CPEB2	2718	2500	2468	2481
CPEB2-AS1	3	6	0	2
CPEB3	421	375	378	367
CPEB4	2113	1927	4052	3914
CPED1	5	4	2	2
CPLX1	62	53	57	65
CPLX2	0	0	0	0
CPLX3	6	11	27	20
CPLX4	0	0	2	0
CPM	133	130	286	263
CPN1	0	0	0	0
CPN2	0	0	0	0
CPNE1	13998	13569	10446	10034
CPNE2	760	727	661	617
CPNE3	18673	17563	16600	16372
CPNE4	190	205	495	562
CPNE5	7	7	11	13
CPNE6	0	0	0	0
CPNE7	156	166	183	164
CPNE8	44	34	7	8
CPNE9	0	0	0	1
CPO	6	4	8	8
CPOX	1658	1460	1448	1366
CPPED1	2251	2112	3018	3041
CPQ	109	118	168	189
CPS1	1233	1079	1256	1181
CPS1-IT1	0	0	0	1
CPSF1	5674	5583	4496	4049
CPSF2	8403	7847	6864	6873
CPSF3	3724	3687	3108	3168
CPSF3L	1756	1766	1426	1387
CPSF4	1138	1139	720	652
CPSF4L	1	1	0	0
CPSF6	5922	5735	4839	4685
CPSF7	7731	7790	5917	5472
CPT1A	6394	6070	7013	6784
CPT1B	185	202	153	169
CPT1C	9	4	19	11
CPT2	4429	4368	5158	5047
CPVL	1187	1149	1411	1475
CPXCR1	4	1	2	2
CPXM1	10	5	0	0
CPXM2	3	0	4	3
CPZ	2020	2029	6517	6009
CR1	0	0	2	1
CR1L	0	0	0	0
CR2	6	9	12	5
CRABP1	0	0	0	0
CRABP2	403	346	345	369
CRADD	618	550	528	516
CRAMP1L	2284	2180	1965	1758
CRAT	2114	2027	2892	2691
CRB1	2	2	1	3
CRB2	13	15	107	92
CRB3	1131	1114	1662	1556
CRBN	1445	1338	1439	1452
CRCP	2294	2349	2179	2187
CRCT1	0	0	1	2
CREB1	3342	3149	2881	2759
CREB3	2720	2582	3055	3071
CREB3L1	6	10	36	28
CREB3L2	2971	2820	4065	3796
CREB3L3	0	1	0	0
CREB3L4	1146	996	1230	1214
CREB5	137	140	47	46
CREBBP	4657	4296	3989	3943
CREBL2	3658	3546	5435	5568
CREBRF	565	500	585	586
CREBZF	8432	8648	7692	6899
CREG1	31001	28902	25633	25773
CREG2	1083	1105	3332	3203
CRELD1	1221	1161	2590	2450
CRELD2	1671	1754	3190	3087
CREM	841	837	984	1014
CRH	0	1	0	0
CRHBP	0	0	0	0
CRHR1	0	0	0	0
CRHR1-IT1	139	129	158	163
CRHR2	0	0	0	0
CRIM1	7012	7061	9490	9211
CRIP1	148	142	262	224
CRIP2	233	217	600	565
CRIP3	8	8	4	4
CRIPAK	513	548	686	542
CRIPT	1005	907	1029	1041
CRISP1	1	1	6	5
CRISP2	0	0	1	0
CRISP3	209	189	1119	1097
CRISPLD1	2497	2410	3473	3375
CRISPLD2	120	130	113	107
CRK	5189	5114	5274	5117
CRKL	5587	5661	4444	4284
CRLF1	127	102	384	388
CRLF2	0	0	0	0
CRLF3	674	638	361	339
CRLS1	987	1016	993	986
CRMP1	0	0	0	0
CRNDE	920	930	349	348
CRNKL1	1006	976	946	906
CRNN	0	0	1	1
CROCC	418	418	328	286
CROCCP2	408	352	272	272
CROCCP3	60	57	60	55
CROT	3116	2886	1367	1473
CRP	0	0	0	1
CRSP8P	0	0	0	0
CRTAC1	0	0	0	2
CRTAM	0	1	0	2
CRTAP	10379	9970	10185	10027
CRTC1	297	315	350	306
CRTC2	1566	1554	1865	1640
CRTC3	4429	4425	5186	4927
CRX	0	2	1	3
CRY1	1387	1334	1543	1549
CRY2	875	982	1146	906
CRYAA	0	0	0	1
CRYAB	151	154	265	263
CRYBA1	1	1	0	0
CRYBA2	6	4	3	4
CRYBA4	0	0	0	0
CRYBB1	0	0	0	0
CRYBB2	17	14	10	7
CRYBB2P1	398	426	350	396
CRYBB3	15	13	6	5
CRYBG3	3301	3245	3087	2890
CRYGA	0	0	0	0
CRYGB	0	0	0	0
CRYGC	0	1	1	1
CRYGD	0	0	0	0
CRYGN	0	0	0	0
CRYGS	10	11	24	17
CRYL1	561	547	821	837
CRYM	0	0	0	0
CRYM-AS1	9	16	9	4
CRYZ	1213	1152	698	758
CRYZL1	1296	1247	1095	1121
CS	18395	17846	19047	18687
CSAD	1421	1579	2078	1695
CSAG1	3	2	3	1
CSAG3	0	0	0	0
CSAG4	0	0	0	0
CSDC2	4	7	4	0
CSDE1	32270	30060	32440	32336
CSE1L	24528	24202	12467	12365
CSF1	2605	2506	1073	961
CSF1R	110	107	346	353
CSF2	1	1	0	0
CSF2RA	0	0	0	0
CSF2RB	14	22	57	54
CSF3	0	0	0	0
CSF3R	3	7	6	12
CSGALNACT1	3016	2779	8883	8490
CSGALNACT2	726	788	758	700
CSH1	0	0	0	0
CSH2	0	0	0	0
CSHL1	0	0	0	0
CSK	6109	5752	4082	3820
CSMD1	0	0	0	0
CSMD2	0	0	0	0
CSMD2-AS1	0	0	0	0
CSMD3	39	33	6	7
CSN1S1	0	0	3	1
CSN1S2AP	0	0	0	0
CSN1S2BP	0	0	0	0
CSN2	0	0	0	0
CSN3	0	0	0	0
CSNK1A1	11854	11039	9849	9785
CSNK1A1L	0	0	0	0
CSNK1A1P1	0	0	0	0
CSNK1D	6396	6433	7111	6654
CSNK1E	9384	9513	13609	12582
CSNK1G1	2145	2108	1304	1313
CSNK1G2	2917	2953	2629	2479
CSNK1G2-AS1	0	0	0	0
CSNK1G3	2117	2017	1683	1668
CSNK2A1	3098	3090	2915	2950
CSNK2A2	1505	1472	1255	1173
CSNK2A3	7	6	4	3
CSNK2B	9206	9149	7742	7381
CSPG4	4578	4082	5545	5147
CSPG4P1Y	0	0	0	0
CSPG5	104	87	62	87
CSPP1	1263	1144	889	837
CSRNP1	1226	1132	1483	1459
CSRNP2	1072	995	1303	1280
CSRNP3	4	4	2	3
CSRP1	25219	26033	45555	46013
CSRP2	502	524	371	389
CSRP2BP	1048	951	819	868
CSRP3	2	2	3	2
CST1	0	0	6	3
CST11	0	0	0	0
CST13P	0	0	0	0
CST2	2	2	79	73
CST3	3582	3622	5879	5390
CST4	23	10	225	222
CST5	7	7	66	54
CST6	646	730	2784	2547
CST7	4	4	15	13
CST8	0	0	0	0
CST9	0	0	0	1
CST9L	0	0	0	1
CSTA	3328	3105	1643	1549
CSTB	7472	6832	7811	7742
CSTF1	3863	3706	3289	3095
CSTF2	1341	1197	753	716
CSTF2T	2629	2575	2281	2019
CSTF3	3066	3035	1835	1877
CSTF3-AS1	1	1	0	0
CSTL1	0	0	0	0
CT45A1	0	0	0	0
CT45A2	0	0	0	0
CT45A3	0	0	0	0
CT45A4	0	0	0	0
CT45A5	0	0	0	0
CT45A6	0	0	0	0
CT47A1	0	0	0	0
CT47A10	0	0	0	0
CT47A11	0	0	0	0
CT47A12	0	0	0	0
CT47A2	0	0	0	0
CT47A3	0	0	0	0
CT47A4	0	0	0	0
CT47A5	0	0	0	0
CT47A6	0	0	0	0
CT47A7	0	0	0	0
CT47A8	0	0	0	0
CT47A9	0	0	0	0
CT47B1	0	0	0	0
CT55	0	0	0	0
CT62	2	4	14	12
CT83	0	0	0	0
CTAG1A	0	0	0	0
CTAG1B	0	0	0	0
CTAG2	0	0	0	0
CTAGE1	0	0	0	0
CTAGE10P	1	2	3	0
CTAGE11P	20	26	5	6
CTAGE15	19	11	7	19
CTAGE4	14	8	12	6
CTAGE5	6305	5893	7048	6800
CTAGE6	0	0	0	0
CTAGE7P	0	0	0	0
CTAGE8	43	43	21	33
CTAGE9	0	1	1	0
CTB-113P19.1	0	0	0	0
CTB-118N6.3	21	10	16	26
CTB-12O2.1	0	0	1	0
CTB-174D11.1	0	0	0	0
CTB-178M22.2	14	16	13	13
CTB-7E3.1	0	0	0	0
CTBP1	5043	4977	5473	5068
CTBP1-AS	1	1	0	0
CTBP1-AS2	1073	1081	1122	1119
CTBP2	6243	5850	6010	5831
CTBS	1319	1238	1911	1922
CTC-338M12.4	232	208	204	199
CTC-360P9.3	0	0	0	0
CTC-436P18.1	5	5	4	8
CTC1	959	853	769	712
CTCF	4901	4653	3500	3418
CTCFL	0	1	1	0
CTD-2151A2.1	0	0	0	0
CTD-2194D22.4	4	8	13	7
CTD-2201E9.1	0	0	0	0
CTD-2201I18.1	2	1	0	0
CTD-2258A20.5	0	1	0	1
CTD-2270F17.1	0	3	1	2
CTD-2297D10.2	0	0	0	0
CTD-2350J17.1	0	0	0	0
CTD-3080P12.3	0	0	0	0
CTDNEP1	5380	5604	4995	4724
CTDP1	1374	1358	1462	1401
CTDSP1	2477	2383	2859	2690
CTDSP2	6698	6435	6673	6141
CTDSPL	5387	5372	4046	3886
CTDSPL2	2803	2749	1922	1808
CTF1	58	86	80	77
CTGF	163	187	351	342
CTGLF12P	136	131	106	113
CTH	261	280	156	142
CTHRC1	1	0	0	1
CTIF	1758	1719	1893	1850
CTLA4	1	0	0	2
CTNNA1	35120	34523	53389	53643
CTNNA2	0	0	3	4
CTNNA3	7	9	4	8
CTNNAL1	1932	2039	1013	1074
CTNNB1	34197	33044	37302	35868
CTNNBIP1	696	670	739	736
CTNNBL1	2554	2469	1791	1724
CTNND1	3979	3582	3072	2930
CTNND2	0	0	2	0
CTNS	704	673	581	476
CTPS1	4185	4165	2545	2542
CTPS2	3153	2961	2912	2917
CTR9	5339	5012	4568	4641
CTRB1	0	1	1	0
CTRB2	1	0	1	1
CTRC	1	0	0	1
CTRL	48	46	50	55
CTSA	13226	13208	32547	30429
CTSB	10266	9868	16748	16169
CTSC	7415	7097	7606	7352
CTSD	72888	69475	116259	108710
CTSE	0	0	0	0
CTSF	375	380	1012	900
CTSG	0	0	0	0
CTSH	20451	19536	24831	23730
CTSK	88	89	133	138
CTSL	12817	12172	43618	41244
CTSL3P	0	0	1	0
CTSLP2	0	0	0	0
CTSLP8	0	0	1	0
CTSO	986	929	2685	2499
CTSS	967	874	4051	3846
CTSV	908	915	582	581
CTSW	2	2	0	1
CTSZ	11759	11709	19114	18428
CTTN	17480	17580	20838	20089
CTTNBP2	0	1	1	1
CTTNBP2NL	2295	2044	2753	2632
CTU1	94	138	104	115
CTU2	837	742	522	474
CTXN1	58	61	133	130
CTXN2	1	0	0	0
CTXN3	0	1	0	0
CUBN	3	3	4	5
CUEDC1	527	523	1127	1129
CUEDC2	2373	2184	2027	1952
CUL1	5857	5871	4577	4554
CUL2	3110	3104	2681	2638
CUL3	6101	6053	6382	6555
CUL4A	8377	8205	6700	6504
CUL4B	5749	5381	5359	5029
CUL5	5282	4925	4713	4594
CUL7	3194	3120	3764	3479
CUL9	3706	3464	3093	2864
CUTA	5815	5587	7482	7269
CUTC	773	739	610	633
CUX1	5436	5057	6180	6154
CUX2	0	1	0	0
CUZD1	0	0	0	0
CWC15	3612	3437	3462	3442
CWC22	1579	1533	1056	1046
CWC25	998	1089	942	886
CWC27	1633	1617	1103	1055
CWF19L1	1725	1770	1229	1224
CWF19L2	1499	1487	982	907
CWH43	1	0	2	0
CX3CL1	1	0	2	1
CX3CR1	1	4	1	2
CXADR	2395	2297	2566	2531
CXADRP2	7	3	6	1
CXADRP3	1	1	2	2
CXCL1	181	162	274	306
CXCL10	1	3	0	3
CXCL11	11	15	46	32
CXCL12	1	0	0	0
CXCL13	0	0	0	1
CXCL14	10	12	44	26
CXCL16	4827	4726	9097	8469
CXCL17	4	2	7	10
CXCL2	257	240	855	773
CXCL3	43	29	138	154
CXCL5	1	0	0	2
CXCL6	0	0	0	0
CXCL8	29	36	135	133
CXCL9	0	1	1	0
CXCR1	0	0	1	1
CXCR2	285	241	27	30
CXCR2P1	0	0	0	0
CXCR3	0	0	2	1
CXCR4	0	0	1	0
CXCR5	8	6	2	3
CXCR6	0	0	2	0
CXXC1	1885	1862	1717	1619
CXXC1P1	0	0	0	0
CXXC4	3	0	0	0
CXXC5	3185	3220	4025	4023
CXorf21	0	0	0	2
CXorf22	0	0	0	0
CXorf23	577	556	649	605
CXorf28	9	7	1	5
CXorf30	0	0	1	0
CXorf31	8	3	2	2
CXorf36	0	0	1	0
CXorf38	2949	2904	2321	2342
CXorf40A	792	806	918	813
CXorf40B	683	609	636	608
CXorf49	0	0	0	0
CXorf49B	0	0	0	0
CXorf51A	0	0	0	0
CXorf51B	0	0	0	0
CXorf56	2073	1941	1684	1692
CXorf57	572	579	76	94
CXorf58	33	27	36	45
CXorf65	0	0	0	0
CXorf66	0	0	0	0
CYB561	4555	4559	7137	6662
CYB561A3	4976	4719	4242	3970
CYB561D1	1407	1301	1523	1472
CYB561D2	1268	1288	2243	2151
CYB5A	3794	3649	4722	4734
CYB5B	6211	5923	5668	5576
CYB5D1	1257	1217	970	907
CYB5D2	749	771	1238	1263
CYB5R1	3988	3966	9486	9086
CYB5R2	154	179	212	149
CYB5R3	7233	7299	9408	9238
CYB5R4	2635	2432	1707	1626
CYB5RL	385	396	370	380
CYBA	11	17	6	6
CYBB	30	29	7	12
CYBRD1	4531	4603	10834	10219
CYC1	14976	14289	14480	13581
CYCS	33246	31230	32580	32972
CYCSP52	0	0	0	0
CYFIP1	11269	10775	10259	9976
CYFIP2	3771	3539	1576	1580
CYGB	186	169	51	62
CYHR1	1929	1811	2369	2181
CYLC1	0	0	0	0
CYLC2	0	0	0	0
CYLD	2464	2177	2685	2726
CYMP	3	1	0	1
CYP11A1	11	4	37	39
CYP11B1	0	1	0	0
CYP11B2	0	0	0	0
CYP17A1	0	0	1	0
CYP19A1	5	7	4	2
CYP1A1	14	22	91	84
CYP1A2	3	4	0	4
CYP1B1	323	325	559	552
CYP1B1-AS1	1	7	2	4
CYP20A1	834	821	862	854
CYP21A1P	12	14	97	69
CYP21A2	30	33	109	115
CYP24A1	39	39	53	62
CYP26A1	17	14	31	15
CYP26B1	667	707	696	612
CYP26C1	0	0	1	0
CYP27A1	30	22	59	60
CYP27B1	402	368	364	376
CYP27C1	13	6	3	6
CYP2A13	0	0	5	3
CYP2A6	0	0	3	1
CYP2A7	0	0	5	2
CYP2B6	0	2	5	4
CYP2B7P	12	6	8	8
CYP2C18	2	3	0	1
CYP2C19	0	0	0	4
CYP2C8	6	1	0	4
CYP2C9	0	2	1	1
CYP2D6	21	19	13	20
CYP2D7P	167	181	146	119
CYP2E1	18	16	36	48
CYP2F1	0	0	0	0
CYP2G1P	0	0	1	0
CYP2J2	73	67	133	124
CYP2R1	344	324	551	498
CYP2S1	451	444	317	273
CYP2U1	602	619	706	687
CYP2W1	1	4	1	5
CYP39A1	47	36	30	37
CYP3A4	1	0	3	4
CYP3A43	2	0	0	1
CYP3A5	191	171	163	202
CYP3A7	2	1	0	1
CYP3A7-CYP3AP1	0	0	0	0
CYP46A1	3	7	9	8
CYP4A11	0	0	0	0
CYP4A22	0	0	0	0
CYP4B1	140	127	362	329
CYP4F11	1933	1846	833	811
CYP4F12	48	65	26	30
CYP4F2	110	108	15	7
CYP4F22	0	0	0	0
CYP4F24P	0	1	0	0
CYP4F3	2607	2705	245	271
CYP4F30P	0	0	0	0
CYP4F35P	121	151	85	63
CYP4F62P	0	0	0	0
CYP4F8	4	4	57	28
CYP4V2	672	711	2301	2151
CYP4X1	1	0	18	14
CYP4Z1	0	0	19	17
CYP4Z2P	0	0	0	0
CYP51A1	17533	16683	8745	8570
CYP7A1	0	0	0	0
CYP7B1	0	0	0	0
CYP8B1	0	0	1	0
CYR61	2215	2527	4429	4596
CYS1	14	16	3	6
CYSLTR1	0	0	1	0
CYSLTR2	1	3	1	0
CYSTM1	2277	2272	3725	3536
CYTH1	1759	1823	2468	2290
CYTH2	3214	3429	4709	3938
CYTH3	4440	4324	3503	3549
CYTH4	2	0	1	1
CYTIP	0	0	0	0
CYTL1	0	0	0	0
CYYR1	0	0	0	0
D21S2088E	0	0	0	0
D2HGDH	1100	1212	1254	1233
DAAM1	1466	1385	2638	2557
DAAM2	3	5	9	11
DAB1	0	0	0	0
DAB1-AS1	0	0	0	0
DAB2	1638	1671	4566	4584
DAB2IP	6426	6475	7234	6981
DACH1	1	1	1	1
DACH2	0	0	0	0
DACT1	0	0	1	0
DACT2	1	1	0	0
DACT3	4	3	0	0
DACT3-AS1	0	0	0	0
DAD1	4793	4528	6284	6245
DAG1	36519	36298	50234	48568
DAGLA	735	675	611	556
DAGLB	1401	1372	1860	1763
DAK	3236	3169	3173	2954
DALRD3	1446	1358	1219	1192
DANCR	1850	1765	1090	1028
DAND5	3	7	3	1
DAO	0	2	0	0
DAOA	1	0	0	0
DAOA-AS1	0	0	0	0
DAP	9294	8761	11110	11099
DAP3	5201	5202	5081	5049
DAPK1	1023	969	1244	1030
DAPK2	60	46	47	49
DAPK3	1145	1130	1110	1173
DAPL1	105	122	141	123
DAPP1	318	332	439	446
DARS	6582	5902	4082	4257
DARS2	4294	4016	3173	3203
DAW1	16	22	28	18
DAXX	4148	4104	2683	2530
DAZ1	0	0	0	0
DAZ2	0	0	0	0
DAZ3	0	0	0	0
DAZ4	0	0	0	0
DAZAP1	6177	6339	4267	4217
DAZAP2	13900	12981	14122	14025
DAZL	0	0	2	1
DBF4	2696	2662	854	896
DBF4B	1167	1244	485	422
DBH	0	0	0	0
DBH-AS1	3	0	2	2
DBI	8519	8024	5201	5285
DBIL5P	25	34	14	13
DBIL5P2	2	2	0	0
DBN1	4533	4302	6576	6367
DBNDD1	459	412	298	320
DBNDD2	247	258	165	184
DBNL	5546	5351	4504	4447
DBP	542	520	404	440
DBR1	1283	1268	1007	999
DBT	3794	3323	3462	3294
DBX1	0	0	0	0
DBX2	0	0	0	0
DCAF10	3428	3217	3535	3359
DCAF11	5026	4764	4437	4205
DCAF12	2895	2649	2457	2326
DCAF12L1	0	0	0	0
DCAF12L2	1	0	0	0
DCAF13	4836	4720	3092	3052
DCAF13P3	3	7	3	1
DCAF15	1225	1276	869	810
DCAF16	1891	2043	1426	1426
DCAF17	1865	1803	1391	1323
DCAF4	801	800	579	518
DCAF4L1	47	58	62	43
DCAF4L2	0	0	0	0
DCAF5	3096	3035	2833	2644
DCAF6	4558	4418	5218	5401
DCAF7	11943	11130	10237	9910
DCAF8	5143	5111	5476	5120
DCAF8L1	0	0	0	0
DCAF8L2	0	0	1	0
DCAKD	1215	1014	931	966
DCBLD1	1966	1934	1403	1352
DCBLD2	9572	9235	20365	19532
DCC	5	4	15	11
DCD	0	2	0	2
DCDC1	0	1	0	0
DCDC2	5	2	6	4
DCDC2B	1	0	0	0
DCDC2C	0	0	0	0
DCDC5	1	0	0	0
DCHS1	51	52	32	28
DCHS2	1	0	1	1
DCK	2455	2340	1404	1492
DCLK1	39	39	32	30
DCLK2	283	316	568	582
DCLK3	1	0	2	0
DCLRE1A	2175	2162	1319	1396
DCLRE1B	793	836	463	500
DCLRE1C	1403	1355	969	955
DCN	0	0	0	0
DCP1A	1405	1275	1118	1090
DCP1B	527	465	412	423
DCP2	2956	2867	1779	1850
DCPS	2120	2121	1654	1669
DCST1	9	7	21	14
DCST2	55	58	98	79
DCSTAMP	0	0	0	0
DCT	0	2	0	0
DCTD	4282	4084	3638	3477
DCTN1	6878	6519	5238	5134
DCTN1-AS1	0	1	0	0
DCTN2	5450	5493	4805	4767
DCTN3	1696	1590	1190	1192
DCTN4	4039	3689	3267	3175
DCTN5	6050	5733	5176	5275
DCTN6	1127	1103	1321	1273
DCTPP1	3172	3010	2349	2404
DCUN1D1	3526	3256	2944	2836
DCUN1D2	942	1048	972	868
DCUN1D3	240	233	214	193
DCUN1D4	1847	1884	1274	1265
DCUN1D5	4072	3856	2972	3041
DCX	0	0	2	1
DCXR	1810	1776	1678	1533
DDA1	2148	2084	2727	2614
DDAH1	3455	3324	3349	3431
DDAH2	1914	1735	2399	2451
DDB1	31413	29856	22938	22566
DDB2	7592	7452	2946	3115
DDC	0	2	2	0
DDHD1	1543	1524	1376	1355
DDHD2	2632	2608	2344	2324
DDI1	0	0	0	0
DDI2	351	329	288	287
DDIT3	420	367	485	387
DDIT4	27811	25250	14933	14401
DDIT4L	11	10	27	37
DDN	24	27	14	7
DDO	16	13	88	94
DDOST	9901	9589	13198	12446
DDR1	47484	47485	71824	66753
DDR2	11	8	11	10
DDRGK1	1589	1629	2841	2643
DDT	2030	1921	1949	1943
DDTL	102	101	90	74
DDX1	9803	9383	7702	7747
DDX10	2789	2562	1561	1595
DDX11	1889	1973	1080	953
DDX11-AS1	72	66	45	46
DDX11L1	0	0	0	0
DDX11L10	0	1	2	0
DDX11L16	0	0	0	0
DDX11L2	26	27	29	24
DDX11L5	0	1	0	0
DDX11L9	0	0	0	1
DDX12P	753	861	363	293
DDX17	22633	22346	23538	21188
DDX18	6318	6227	3906	3708
DDX19A	2699	2557	2302	2268
DDX19B	1604	1529	1246	1270
DDX20	1840	1717	1309	1337
DDX21	18045	17571	9561	9711
DDX23	7776	7668	5951	5819
DDX24	7128	6989	6634	6549
DDX25	2	0	0	0
DDX26B	542	524	180	173
DDX26B-AS1	0	2	1	0
DDX27	6936	6762	5651	5488
DDX28	1131	1022	978	906
DDX31	1209	1155	911	910
DDX39A	3618	3619	1410	1398
DDX39B	57	56	45	46
DDX3X	33322	32943	34006	33107
DDX3Y	0	0	0	0
DDX4	0	0	0	2
DDX41	3459	3241	2705	2634
DDX42	8282	8270	7212	6621
DDX43	0	0	2	0
DDX46	9104	9024	5820	5914
DDX47	4664	4707	6258	6287
DDX49	2239	2039	1772	1786
DDX5	34811	35125	39963	37571
DDX50	2834	2837	1662	1635
DDX51	1086	1126	884	802
DDX52	4440	4123	4079	3971
DDX53	0	0	1	0
DDX54	3776	3911	3202	3102
DDX55	1670	1620	1128	1001
DDX56	5877	5763	4573	4255
DDX58	1150	1060	1278	1136
DDX59	2134	2083	1826	1959
DDX6	15518	14790	14364	14418
DDX60	1196	1153	1537	1401
DDX60L	2254	2223	4610	4663
DEAF1	1036	983	895	863
DEAR	1	0	0	0
DEC1	0	0	0	1
DECR1	8223	7877	12737	13157
DECR2	490	434	448	433
DEDD	1484	1435	1254	1145
DEDD2	1176	1177	1276	1319
DEF6	1217	1092	581	546
DEF8	3356	3289	3771	3479
DEFA1	0	0	0	0
DEFA10P	0	0	0	0
DEFA11P	0	0	0	0
DEFA1B	0	0	0	0
DEFA3	0	0	0	0
DEFA4	0	0	0	0
DEFA5	0	0	0	0
DEFA6	0	0	0	0
DEFA8P	0	0	0	0
DEFA9P	0	0	0	0
DEFB1	350	282	49	81
DEFB103A	0	0	0	0
DEFB103B	0	0	0	0
DEFB104A	0	0	0	0
DEFB104B	0	0	0	0
DEFB105A	0	0	0	0
DEFB105B	0	0	0	0
DEFB106A	0	0	0	0
DEFB106B	0	0	0	0
DEFB107A	0	0	0	0
DEFB107B	0	0	0	0
DEFB108B	0	0	0	0
DEFB109P1	0	0	0	0
DEFB109P1B	0	0	0	0
DEFB110	0	0	0	0
DEFB112	0	0	0	0
DEFB113	0	0	0	0
DEFB114	0	0	0	0
DEFB115	0	0	0	0
DEFB116	0	0	0	0
DEFB118	0	0	0	0
DEFB119	0	0	0	0
DEFB121	0	0	0	0
DEFB122	0	0	0	0
DEFB123	0	0	0	0
DEFB124	0	0	0	0
DEFB125	0	0	0	0
DEFB126	1	0	1	0
DEFB127	0	0	0	0
DEFB128	0	0	0	0
DEFB129	0	0	0	0
DEFB130	0	0	0	0
DEFB131	0	0	0	0
DEFB132	0	0	0	0
DEFB133	0	0	0	0
DEFB134	0	0	0	0
DEFB135	0	0	0	0
DEFB136	0	0	0	0
DEFB4A	0	0	0	0
DEFB4B	0	0	0	0
DEFT1P	0	0	0	0
DEFT1P2	0	0	0	0
DEGS1	2870	2955	2875	2942
DEGS2	23	13	57	46
DEK	26552	25922	11050	11276
DENND1A	2981	3007	3308	3163
DENND1B	2690	2582	2834	2927
DENND1C	15	6	16	17
DENND2A	25	24	97	102
DENND2C	663	706	591	569
DENND2D	972	886	1319	1332
DENND3	2907	2814	1992	2039
DENND4A	3164	3054	1525	1537
DENND4B	2581	2488	2122	1889
DENND4C	4877	4530	4858	4666
DENND5A	1716	1654	1168	1071
DENND5B	1443	1383	2028	2003
DENND5B-AS1	5	5	9	8
DENND6A	3205	3069	2331	2305
DENND6B	301	337	434	371
DENR	7792	7485	5426	5422
DEPDC1	6363	6055	1313	1281
DEPDC1-AS1	16	13	4	3
DEPDC1B	3150	3027	636	664
DEPDC4	45	42	23	23
DEPDC5	1697	1592	1456	1407
DEPDC7	1610	1542	813	724
DEPTOR	87	78	134	108
DERA	2977	2842	2716	2643
DERL1	8775	8722	9847	9738
DERL2	1986	1955	2736	2664
DERL3	0	0	0	0
DES	3	0	2	0
DESI1	3711	3495	3305	3207
DESI2	4268	4133	2410	2447
DET1	377	374	365	369
DEXI	1009	1036	1215	1165
DFFA	1020	1020	801	768
DFFB	144	171	127	124
DFNA5	1900	1834	948	1004
DFNB31	2026	2193	3560	2937
DFNB59	209	248	377	331
DGAT1	4443	4207	6087	5591
DGAT2	332	288	602	521
DGAT2L6	1	0	0	0
DGCR10	0	1	0	0
DGCR11	67	68	93	87
DGCR14	884	869	795	744
DGCR2	6857	6671	7178	6801
DGCR5	100	100	304	281
DGCR6	504	487	572	539
DGCR6L	1221	1197	1137	1097
DGCR8	2575	2732	2438	2160
DGCR9	2	1	8	6
DGKA	4803	4706	3177	2961
DGKB	1	2	2	5
DGKD	1777	1929	3881	3647
DGKE	966	956	757	718
DGKG	0	1	0	0
DGKH	876	792	529	490
DGKI	0	1	4	4
DGKK	0	0	0	0
DGKQ	1155	1164	1537	1258
DGKZ	5009	4797	3013	2904
DGUOK	1860	1759	1302	1233
DGUOK-AS1	208	203	105	98
DHCR24	111374	104866	137614	128778
DHCR7	20810	20132	17288	16360
DHDDS	969	896	1184	1166
DHDH	1	5	3	3
DHFR	7943	7881	4003	3962
DHFRL1	383	385	459	418
DHH	1	0	1	0
DHODH	418	438	318	329
DHPS	1956	1949	1805	1874
DHRS1	1258	1239	1531	1472
DHRS11	404	413	376	443
DHRS12	759	770	911	892
DHRS13	1951	1882	1015	961
DHRS2	232	216	469	468
DHRS3	4197	3920	4268	3997
DHRS4	430	464	462	494
DHRS4-AS1	1000	910	693	725
DHRS4L1	20	20	25	26
DHRS4L2	423	443	409	421
DHRS7	4929	4751	5682	5553
DHRS7B	1561	1557	2510	2255
DHRS7C	0	0	0	0
DHRS9	6	3	2	6
DHRSX	0	0	0	0
DHTKD1	6803	6999	3250	3369
DHX15	13725	13566	9832	9689
DHX16	3905	3868	3630	3440
DHX29	4711	4670	4020	4149
DHX30	4664	4615	4479	4377
DHX32	4737	4760	5947	5660
DHX33	3919	3956	2282	2098
DHX34	1303	1269	1059	926
DHX35	1136	1110	986	908
DHX36	4033	3861	3433	3458
DHX37	1931	1821	1386	1314
DHX38	3565	3504	2778	2624
DHX40	2987	2658	2233	2235
DHX57	1841	1709	1234	1245
DHX58	77	53	143	116
DHX8	4207	4011	3465	3368
DHX9	22514	21851	14377	14041
DIABLO	2156	2140	2207	2142
DIAPH1	16769	16135	15123	14777
DIAPH2	1002	917	454	455
DIAPH3	6830	7123	2488	2574
DIAPH3-AS1	0	0	1	0
DIAPH3-AS2	0	0	0	0
DICER1	4134	4167	3442	3275
DICER1-AS1	141	142	173	163
DIDO1	6510	6325	5037	5043
DIEXF	1973	1948	1442	1331
DIMT1	1866	1755	1244	1201
DIO1	22	37	6	5
DIO2	1272	1324	1323	1268
DIO2-AS1	0	0	0	0
DIO3	3	4	16	9
DIO3OS	0	0	1	2
DIP2A	2696	2508	1951	1846
DIP2A-IT1	3	4	1	7
DIP2B	4729	4317	3320	3244
DIP2C	1829	1811	2591	2532
DIRAS1	19	8	23	8
DIRAS2	0	0	0	0
DIRAS3	4	7	4	8
DIRC1	0	0	0	0
DIRC2	3925	3628	4393	4192
DIRC3	64	57	163	160
DIS3	6101	5888	5524	5509
DIS3L	3055	3054	2729	2727
DIS3L2	1618	1504	1443	1407
DISC1	3	2	3	5
DISC1FP1	0	0	0	0
DISC2	0	0	0	1
DISP1	437	403	429	421
DISP2	20	28	23	25
DIXDC1	657	576	470	514
DKC1	5442	5291	2580	2497
DKFZP434A062	0	0	0	0
DKFZP434H168	0	0	0	0
DKFZP434I0714	233	271	126	136
DKFZP434K028	0	1	0	0
DKFZP434L187	0	0	0	1
DKFZP586I1420	616	626	698	651
DKFZp434J0226	195	208	300	260
DKFZp434L192	0	0	0	0
DKFZp451B082	0	0	0	0
DKFZp686K1684	2	2	1	1
DKFZp779M0652	1	0	0	1
DKK1	6116	6284	11637	11560
DKK2	0	0	0	0
DKK3	795	815	1647	1667
DKK4	1	0	0	1
DKKL1	2	0	1	0
DLAT	12302	11645	12060	11978
DLC1	423	421	292	314
DLD	13553	13001	17066	16931
DLEC1	3	4	4	4
DLEU1	1210	1096	685	684
DLEU2	206	195	120	115
DLEU2L	98	89	27	40
DLEU7	0	0	0	0
DLEU7-AS1	8	9	11	2
DLG1	8259	7681	5934	5797
DLG1-AS1	23	17	10	10
DLG2	26	25	16	18
DLG3	3230	2966	3267	3311
DLG3-AS1	4	1	3	4
DLG4	163	166	231	185
DLG5	11147	10138	8356	7800
DLG5-AS1	106	89	77	50
DLGAP1	1	1	1	4
DLGAP1-AS1	576	568	1092	1030
DLGAP1-AS2	125	121	207	192
DLGAP1-AS3	0	0	0	0
DLGAP1-AS4	1	0	0	0
DLGAP1-AS5	0	0	0	0
DLGAP2	1	2	0	3
DLGAP2-AS1	0	0	0	0
DLGAP3	10	10	15	10
DLGAP4	2961	2884	3758	3507
DLGAP5	9611	8922	1643	1737
DLK1	0	0	0	1
DLK2	686	642	81	84
DLL1	1538	1537	345	353
DLL3	0	0	0	3
DLL4	13	13	64	48
DLST	7640	7188	9377	9048
DLX1	57	66	37	32
DLX2	15	20	29	16
DLX3	169	200	118	104
DLX4	286	246	296	317
DLX5	1	0	2	0
DLX6	0	0	0	0
DLX6-AS1	1	0	0	1
DMAP1	1047	1073	990	903
DMBT1	355	295	418	396
DMBT1P1	0	1	0	0
DMBX1	199	225	88	81
DMC1	99	103	73	71
DMD	925	983	658	666
DMGDH	4	3	8	4
DMKN	3388	3244	3140	3176
DMP1	0	1	1	3
DMPK	3961	4125	5201	4856
DMRT1	0	0	1	0
DMRT2	5	5	2	2
DMRT3	0	0	0	0
DMRTA1	8	5	7	7
DMRTA2	667	700	654	670
DMRTB1	0	0	0	0
DMRTC1	0	0	0	0
DMRTC1B	0	0	0	0
DMRTC2	0	0	0	0
DMTF1	2000	2175	1937	1800
DMTN	915	903	912	914
DMWD	1659	1707	1614	1405
DMXL1	3628	3181	3170	3049
DMXL2	2323	2174	2172	2142
DNA2	1458	1545	554	629
DNAAF1	6	4	8	7
DNAAF2	1076	1045	958	904
DNAAF3	179	221	202	158
DNAH1	337	300	410	394
DNAH10	4	5	12	5
DNAH11	11	16	9	17
DNAH12	4	1	3	2
DNAH14	295	259	222	199
DNAH17	9	7	18	26
DNAH17-AS1	0	1	0	0
DNAH2	115	92	105	107
DNAH3	32	37	34	37
DNAH5	215	206	278	272
DNAH6	17	15	6	7
DNAH7	43	42	77	102
DNAH8	0	0	0	1
DNAH9	0	2	1	0
DNAI1	12	5	1	4
DNAI2	0	0	0	0
DNAJA1	16775	16031	19205	19210
DNAJA1P5	0	0	0	0
DNAJA2	6581	6056	6077	5971
DNAJA3	4766	4553	3994	3969
DNAJA4	4932	4825	5697	5573
DNAJB1	8302	8209	7576	7350
DNAJB11	4614	4634	6432	6124
DNAJB12	3384	3310	4199	4063
DNAJB13	8	2	6	2
DNAJB14	3168	3061	3468	3266
DNAJB2	10948	10538	10643	10422
DNAJB3	0	0	0	0
DNAJB4	1252	1192	898	888
DNAJB5	180	177	188	186
DNAJB5-AS1	0	0	3	1
DNAJB6	6715	6230	6530	6443
DNAJB7	0	0	0	1
DNAJB8	0	0	0	0
DNAJB8-AS1	0	0	0	0
DNAJB9	1223	1280	2852	2721
DNAJC1	1878	1797	2331	2365
DNAJC10	10665	10049	10536	10326
DNAJC11	2061	2058	2128	1976
DNAJC12	3	14	44	39
DNAJC13	6203	5849	6045	6104
DNAJC14	3662	3525	3164	2985
DNAJC15	6637	6472	7100	7427
DNAJC16	971	849	1137	1178
DNAJC17	529	515	415	355
DNAJC18	514	464	486	477
DNAJC19	1465	1400	1360	1357
DNAJC2	2103	1999	1710	1697
DNAJC21	8069	7869	5719	5856
DNAJC22	47	32	37	29
DNAJC24	871	874	689	663
DNAJC25	599	525	615	640
DNAJC25-GNG10	0	2	3	1
DNAJC27	550	461	490	465
DNAJC27-AS1	20	19	13	13
DNAJC28	70	77	114	82
DNAJC3	6363	6206	9986	9637
DNAJC30	756	725	857	866
DNAJC4	1637	1667	3235	3068
DNAJC5	8276	7963	10009	9554
DNAJC5B	0	0	0	1
DNAJC5G	0	0	0	1
DNAJC6	1461	1484	1745	1791
DNAJC7	4761	4653	4119	4247
DNAJC8	3443	3086	2262	2372
DNAJC9	4657	4803	2871	2899
DNAJC9-AS1	11	10	5	5
DNAL1	584	578	702	675
DNAL4	628	528	712	704
DNALI1	0	1	0	1
DNASE1	282	230	575	504
DNASE1L1	1761	1729	2553	2325
DNASE1L2	70	59	67	51
DNASE1L3	74	82	32	38
DNASE2	4853	4616	7135	6829
DNASE2B	1	0	3	2
DND1	53	47	40	26
DNER	90	90	227	268
DNHD1	1160	1230	1469	1304
DNLZ	130	106	101	110
DNM1	65	78	36	26
DNM1L	6684	6316	4942	4685
DNM1P35	30	33	17	10
DNM1P41	16	15	8	9
DNM1P46	0	0	0	0
DNM2	6654	6438	6537	6320
DNM3	205	166	216	225
DNM3OS	0	1	5	2
DNMBP	1003	943	1207	1269
DNMBP-AS1	1	2	3	0
DNMT1	7011	6760	3636	3473
DNMT3A	347	334	444	390
DNMT3B	1287	1295	524	460
DNMT3L	1	0	0	1
DNPEP	3449	3362	3815	3659
DNPH1	2592	2648	2544	2610
DNTT	0	2	1	0
DNTTIP1	1411	1372	1073	1107
DNTTIP2	4821	4675	3878	3788
DOC2A	164	214	438	379
DOC2B	0	0	0	0
DOC2GP	8	5	8	6
DOCK1	2057	2080	2807	2587
DOCK10	21	17	37	29
DOCK11	110	100	222	193
DOCK2	6	5	8	7
DOCK3	847	880	867	840
DOCK4	387	345	446	429
DOCK4-AS1	0	0	0	0
DOCK5	3469	3503	4254	4149
DOCK6	949	954	945	859
DOCK7	3161	2953	2476	2489
DOCK8	2680	2362	5335	5209
DOCK9	3759	3615	4583	4401
DOCK9-AS1	0	0	0	0
DOCK9-AS2	30	49	45	38
DOHH	495	540	490	467
DOK1	116	130	76	63
DOK2	1	0	1	0
DOK3	184	154	181	142
DOK4	482	448	656	643
DOK5	0	0	1	0
DOK6	0	0	0	0
DOK7	901	849	542	550
DOLK	1669	1681	2216	1973
DOLPP1	1059	1024	764	737
DONSON	3594	3446	2220	2211
DOPEY1	2698	2607	2594	2427
DOPEY2	1364	1257	2863	2746
DOT1L	2522	2679	2690	2349
DPAGT1	5329	5097	4960	4501
DPCD	507	474	477	474
DPCR1	30	39	11	12
DPEP1	1	3	4	3
DPEP2	3	1	20	15
DPEP3	0	1	3	1
DPF1	12	19	9	11
DPF2	3030	2895	2658	2342
DPF3	27	9	16	18
DPH1	1033	974	870	780
DPH2	2061	2110	1874	1738
DPH3	1003	1020	933	929
DPH3P1	0	1	0	0
DPH5	1688	1550	1211	1195
DPH6	762	647	394	405
DPH6-AS1	14	17	41	42
DPH7	1041	962	902	784
DPM1	5405	5269	4870	5006
DPM2	1626	1641	1553	1454
DPM3	431	441	568	561
DPP10	0	0	0	0
DPP10-AS1	0	0	0	0
DPP3	5613	5328	6241	6096
DPP4	6	2	33	48
DPP6	694	633	130	132
DPP7	3563	3489	5416	5044
DPP8	2252	2161	2313	2207
DPP9	4319	4182	3626	3495
DPPA2	0	0	0	0
DPPA2P3	2	0	0	0
DPPA3	0	0	0	0
DPPA4	0	0	0	1
DPPA5	0	0	0	0
DPRX	0	0	0	0
DPRXP4	17	11	11	11
DPT	0	0	0	0
DPY19L1	4712	4451	3251	3142
DPY19L1P1	167	198	175	132
DPY19L2	11	7	7	8
DPY19L2P1	0	0	0	2
DPY19L2P2	2	5	3	0
DPY19L2P3	35	30	22	21
DPY19L2P4	0	0	0	0
DPY19L3	627	653	679	633
DPY19L4	5003	4711	3777	3583
DPY30	2129	2273	1823	1912
DPYD	375	378	483	462
DPYD-AS1	0	0	0	0
DPYD-AS2	0	0	0	0
DPYS	2	0	7	2
DPYSL2	441	498	416	389
DPYSL3	1	0	2	6
DPYSL4	62	67	9	21
DPYSL5	0	0	0	0
DQX1	193	178	79	62
DR1	5138	4684	3442	3477
DRAM1	4989	4894	3201	3347
DRAM2	3901	3743	5156	5051
DRAP1	2336	2271	2106	2056
DRAXIN	0	0	0	0
DRC1	0	0	0	2
DRD1	0	0	0	0
DRD2	7	6	1	1
DRD3	0	0	0	0
DRD4	3	0	5	3
DRD5	0	0	0	0
DRD5P2	0	0	0	0
DRG1	3772	3503	3140	3180
DRG2	1410	1423	1117	1087
DRGX	0	0	0	0
DRICH1	16	16	23	20
DROSHA	9118	9373	6492	6227
DRP2	17	15	30	45
DSC1	3	3	3	6
DSC2	4051	3733	4284	4169
DSC3	1203	1118	144	137
DSCAM	194	139	133	128
DSCAM-AS1	5	6	26	20
DSCAM-IT1	0	0	0	0
DSCAML1	4	9	4	8
DSCC1	2434	2397	865	884
DSCR10	0	0	0	0
DSCR3	3043	3029	3063	3025
DSCR4	0	0	0	0
DSCR8	1	0	1	2
DSCR9	2	9	3	3
DSE	10522	10057	5861	5818
DSEL	156	164	250	233
DSG1	10	12	8	8
DSG2	26637	25157	27136	26104
DSG3	7342	6882	1509	1501
DSG4	0	0	0	1
DSN1	2744	2749	1411	1394
DSP	93196	81971	43341	43360
DSPP	0	0	0	0
DST	39974	39144	44851	43470
DSTN	18288	17580	18215	18972
DSTNP2	144	162	114	118
DSTYK	2379	2147	1930	1785
DTD1	937	868	611	604
DTD2	1783	1690	1509	1596
DTHD1	0	0	0	0
DTL	1984	2038	1022	1029
DTNA	0	0	2	0
DTNB	904	883	1083	1083
DTNBP1	1058	959	911	792
DTWD1	2287	2172	1256	1230
DTWD2	1000	911	993	1059
DTX1	0	0	0	0
DTX2	4066	3861	2875	2574
DTX2P1-UPK3BP1-PMS2P11	86	100	69	73
DTX3	214	233	324	298
DTX3L	5807	5283	5350	5137
DTX4	10301	9847	9352	8628
DTYMK	2399	2378	991	1038
DUOX1	3525	3426	1830	1716
DUOX2	435	382	256	276
DUOXA1	983	947	512	543
DUOXA2	0	0	0	0
DUPD1	0	0	0	0
DUS1L	3211	3307	2934	2853
DUS2	1053	983	1001	944
DUS3L	1019	1134	731	645
DUS4L	777	738	585	643
DUSP1	3230	3363	8187	7853
DUSP10	172	137	210	173
DUSP11	2028	2028	1189	1211
DUSP12	1003	1000	677	642
DUSP13	24	38	3	4
DUSP14	2077	2036	1182	1205
DUSP15	3	3	9	9
DUSP16	6932	6528	11627	11042
DUSP18	282	270	205	180
DUSP19	99	77	82	85
DUSP2	0	2	0	0
DUSP21	0	0	0	0
DUSP22	1220	1124	1409	1305
DUSP23	591	598	818	746
DUSP26	1	0	3	1
DUSP27	1	1	1	7
DUSP28	112	120	155	131
DUSP3	4485	4409	5238	5242
DUSP4	2716	2664	14918	14460
DUSP5	401	425	658	610
DUSP5P1	7	13	7	6
DUSP6	17	20	29	37
DUSP7	1242	1270	715	688
DUSP8	675	733	1186	1189
DUSP9	669	599	266	247
DUT	5802	5631	3320	3201
DUX2	0	0	0	0
DUX4	0	0	0	0
DUX4L	0	0	0	0
DUX4L2	0	0	0	0
DUX4L3	0	0	0	0
DUX4L4	0	0	0	0
DUX4L5	0	0	0	0
DUX4L6	0	0	0	0
DUX4L7	0	0	0	0
DUXA	1	0	1	0
DUXAP10	161	150	130	123
DVL1	1555	1563	1567	1525
DVL2	1973	2036	1508	1480
DVL3	5486	5476	5713	5387
DXO	1327	1263	1079	984
DYDC1	0	1	0	0
DYDC2	1	0	0	0
DYM	2565	2638	1732	1691
DYNAP	0	0	0	0
DYNC1H1	24487	21802	18465	19152
DYNC1I1	17	12	14	7
DYNC1I2	7993	7686	7421	7244
DYNC1LI1	2383	2409	2213	2210
DYNC1LI2	6472	6719	7016	6557
DYNC2H1	1759	1451	666	684
DYNC2LI1	1051	928	1030	1082
DYNLL1	10835	10475	9380	9520
DYNLL1-AS1	1101	933	696	723
DYNLL2	4978	4967	5176	5168
DYNLRB1	3614	3514	4221	4192
DYNLRB2	17	11	22	19
DYNLT1	2440	2359	2467	2469
DYNLT3	2102	1984	2937	3115
DYRK1A	4201	4229	5159	4932
DYRK1B	519	511	576	548
DYRK2	1888	1675	1617	1532
DYRK3	422	489	434	401
DYRK4	836	844	711	657
DYSF	1527	1526	3612	3575
DYTN	0	0	0	0
DYX1C1	30	21	45	47
DYX1C1-CCPG1	0	0	1	0
DZANK1	47	61	67	59
DZIP1	74	100	34	38
DZIP1L	173	180	171	162
DZIP3	1021	1145	1085	1020
E2F1	1423	1520	1352	1328
E2F2	569	606	326	386
E2F3	2456	2409	2230	2074
E2F4	2627	2558	2114	1805
E2F5	766	737	645	642
E2F6	929	912	838	837
E2F7	1877	1928	653	684
E2F8	1596	1595	711	650
E4F1	1251	1172	987	940
EAF1	2466	2331	2429	2396
EAF2	135	139	121	139
EAPP	1895	1873	1943	1919
EARS2	2752	2612	2529	2601
EBAG9	2890	2728	2898	2996
EBF1	10	13	10	9
EBF2	0	0	0	0
EBF3	0	0	0	0
EBF4	13	17	24	22
EBI3	4	2	5	3
EBLN1	0	0	0	0
EBLN2	83	68	66	78
EBNA1BP2	5872	5821	3953	3947
EBP	6205	6064	5803	5672
EBPL	2574	2476	1876	1803
ECD	2086	2017	1721	1686
ECE1	2672	2564	3541	3371
ECE2	647	601	481	463
ECEL1	0	0	0	0
ECEL1P2	2	5	2	1
ECH1	6706	6199	7207	7059
ECHDC1	4955	4715	5758	5882
ECHDC2	1449	1524	1576	1518
ECHDC3	817	725	840	860
ECHS1	6508	6386	7643	7580
ECI1	2929	2747	2878	2908
ECI2	4061	4011	3339	3402
ECM1	971	984	5378	5004
ECM2	22	30	9	5
ECRP	0	0	0	0
ECSCR	0	0	12	17
ECSIT	1197	1177	1038	933
ECT2	11607	11118	4834	4739
ECT2L	139	141	577	535
EDA	205	209	243	245
EDA2R	2125	2152	1111	1036
EDAR	202	207	37	31
EDARADD	573	530	193	157
EDC3	3532	3304	2835	2770
EDC4	3636	3498	3026	2740
EDDM3A	0	0	0	0
EDDM3B	0	0	0	0
EDEM1	6331	6118	4986	4906
EDEM2	2679	2601	3812	3593
EDEM3	5216	5036	6726	6489
EDF1	5302	5187	5477	5471
EDIL3	863	806	606	651
EDN1	1160	1174	1876	2024
EDN2	47	36	95	76
EDN3	0	0	0	0
EDNRA	115	110	289	249
EDNRB	0	0	0	1
EDNRB-AS1	1	1	0	0
EDRF1	1239	1302	1148	1070
EEA1	3358	3207	1836	1840
EED	2002	1909	1760	1758
EEF1A1	784593	725712	518673	513638
EEF1A2	8	4	0	12
EEF1B2	25484	24701	13481	13622
EEF1D	26485	24934	22433	22260
EEF1DP3	2	4	7	7
EEF1E1	1695	1573	1052	1084
EEF1E1-BLOC1S5	0	0	0	0
EEF1G	127787	118105	78190	78483
EEF2	116520	110214	79942	79538
EEF2K	2231	2019	1713	1599
EEFSEC	1513	1495	1106	1082
EEPD1	83	78	50	63
EFCAB1	9	9	3	3
EFCAB10	1	1	0	1
EFCAB11	733	685	611	625
EFCAB12	4	2	8	1
EFCAB13	41	33	59	54
EFCAB14	10081	9476	11418	11076
EFCAB14-AS1	0	0	0	0
EFCAB2	497	511	516	489
EFCAB3	9	3	8	4
EFCAB4A	847	872	2193	1918
EFCAB4B	356	288	171	159
EFCAB5	18	13	17	15
EFCAB6	20	30	52	44
EFCAB6-AS1	0	0	0	0
EFCAB7	446	440	282	287
EFCAB9	0	0	0	1
EFCC1	5	2	26	16
EFEMP1	22064	20975	23539	23115
EFEMP2	239	276	490	412
EFHB	1	2	8	6
EFHC1	1439	1466	1579	1406
EFHC2	8	11	18	16
EFHD1	8	4	10	7
EFHD2	3476	3177	2266	2281
EFNA1	8733	8708	29802	27611
EFNA2	3	2	11	5
EFNA3	467	486	1392	1317
EFNA4	382	355	592	575
EFNA5	518	503	969	877
EFNB1	1457	1351	492	468
EFNB2	286	282	135	154
EFNB3	344	350	393	349
EFR3A	10756	9833	10083	9860
EFR3B	196	177	482	452
EFS	0	1	1	0
EFTUD1	3415	3333	3015	3032
EFTUD1P1	1	2	1	3
EFTUD2	7856	7712	5379	5389
EGF	110	92	247	231
EGFEM1P	1	1	3	0
EGFL6	20	17	2	2
EGFL7	419	375	765	765
EGFL8	14	15	17	8
EGFLAM	1285	1072	590	587
EGFLAM-AS2	0	0	0	1
EGFLAM-AS4	0	0	0	0
EGFR	10931	9921	5370	5270
EGFR-AS1	0	0	1	0
EGLN1	4601	4259	5292	5085
EGLN2	86	99	152	144
EGLN3	518	509	360	316
EGOT	0	3	0	0
EGR1	480	539	204	182
EGR2	4	8	2	1
EGR3	0	1	1	2
EGR4	1	3	3	3
EHBP1	8728	8244	4782	4695
EHBP1L1	4909	4852	4862	4327
EHD1	6959	7116	12968	12793
EHD2	4304	4024	1482	1371
EHD3	111	115	93	93
EHD4	3291	3133	2898	2856
EHF	12456	11362	9502	9218
EHHADH	1617	1469	1453	1426
EHHADH-AS1	0	0	0	0
EHMT1	3027	3108	2866	2653
EHMT1-IT1	0	2	0	1
EHMT2	5223	5009	4160	3867
EI24	26878	26500	17357	17036
EID1	9657	9006	8420	8557
EID2	1147	1116	970	1024
EID2B	78	86	48	49
EID3	10	7	7	5
EIF1	19275	18613	16657	16600
EIF1AD	1644	1624	1550	1558
EIF1AX	14520	14029	8786	8815
EIF1AX-AS1	0	0	0	0
EIF1AY	0	0	0	0
EIF1B	1498	1399	1178	1291
EIF1B-AS1	32	31	35	32
EIF2A	7218	6762	4659	4737
EIF2AK1	19346	18504	19283	18806
EIF2AK2	2848	2640	2091	2048
EIF2AK3	2559	2433	4046	3837
EIF2AK4	4258	4226	2979	2892
EIF2B1	2764	2721	1819	1736
EIF2B2	1991	1895	1527	1477
EIF2B3	1304	1257	1024	1011
EIF2B4	1604	1472	1466	1368
EIF2B5	3664	3502	3080	2913
EIF2D	2427	2306	1757	1708
EIF2S1	7548	7448	5359	5552
EIF2S2	22648	22274	17020	17116
EIF2S3	37138	36762	45695	45465
EIF3A	21665	20452	18413	18345
EIF3B	19288	18720	13378	13311
EIF3C	7	8	3	3
EIF3CL	0	0	0	0
EIF3D	11391	10416	7647	7608
EIF3E	26437	24246	15072	15705
EIF3F	10981	10682	7835	7555
EIF3G	4277	4305	3703	3664
EIF3H	21201	20296	16752	17066
EIF3I	12696	12068	10096	10111
EIF3IP1	0	1	0	0
EIF3J	7458	7138	5710	5610
EIF3J-AS1	260	320	225	254
EIF3K	10671	10089	9457	9175
EIF3L	20354	19474	14467	14061
EIF3M	14788	14168	11222	11519
EIF4A1	0	0	0	0
EIF4A2	13113	12340	16366	15427
EIF4A3	7510	7254	6123	6133
EIF4B	32670	30600	21976	21793
EIF4E	6114	5915	4388	4609
EIF4E1B	0	0	0	0
EIF4E2	4056	3977	4388	4327
EIF4E3	1253	1185	1423	1514
EIF4EBP1	1002	1036	570	555
EIF4EBP2	8131	7608	8678	8454
EIF4EBP3	2	3	4	1
EIF4ENIF1	1438	1435	1214	1177
EIF4G1	36355	35228	29606	28660
EIF4G2	67229	65733	63738	63665
EIF4G3	4266	4074	4129	4029
EIF4H	21820	20887	15480	15655
EIF5	21845	21042	17645	17507
EIF5A	30094	29338	16388	16227
EIF5A2	385	428	357	403
EIF5AL1	5	11	3	4
EIF5B	10971	10316	8897	8913
EIF6	8131	7780	7519	7420
ELAC1	695	686	557	559
ELAC2	5147	5202	4195	4135
ELANE	2	3	2	3
ELAVL1	5369	5064	3984	4087
ELAVL2	0	1	1	2
ELAVL3	1	0	2	2
ELAVL4	0	0	0	0
ELDR	0	0	0	0
ELF1	7560	7117	5575	5515
ELF2	2700	2654	2238	2150
ELF3	24201	22284	50833	47709
ELF4	3562	3491	2433	2389
ELF5	1	0	1	1
ELFN1	0	1	0	0
ELFN1-AS1	5	14	3	0
ELFN2	836	832	690	706
ELK1	1724	1507	1290	1253
ELK2AP	0	0	0	0
ELK3	1064	1031	791	804
ELK4	3139	3053	2456	2494
ELL	849	817	724	756
ELL2	8572	8660	15064	14991
ELL3	285	213	173	191
ELMO1	39	39	9	11
ELMO1-AS1	0	0	0	0
ELMO2	2205	2194	1738	1628
ELMO3	1845	1699	2000	1910
ELMOD1	0	2	0	0
ELMOD2	3853	3712	3605	3664
ELMOD3	637	641	694	571
ELMSAN1	2742	2669	2931	2748
ELN	0	0	0	1
ELOF1	1602	1512	1630	1490
ELOVL1	6011	5742	7482	7162
ELOVL2	23	19	2	6
ELOVL2-AS1	0	0	0	0
ELOVL3	185	164	151	167
ELOVL4	1048	984	805	783
ELOVL5	12282	12213	10507	10302
ELOVL6	6569	6120	3670	3819
ELOVL7	2219	2152	3062	3140
ELP2	2991	2828	2724	2610
ELP3	1346	1237	1041	1023
ELP4	1233	1233	847	875
ELP5	1297	1195	1138	1110
ELP6	1420	1360	1095	1002
ELSPBP1	0	0	0	0
ELTD1	0	0	0	0
EMB	4958	4822	3094	3179
EMBP1	88	93	34	52
EMC1	2366	2109	2614	2591
EMC10	8806	8640	20785	19647
EMC2	3333	3274	3618	3891
EMC3	3677	3524	5523	5171
EMC3-AS1	264	283	185	152
EMC4	5028	4818	5998	6027
EMC6	1433	1453	1541	1593
EMC7	3832	3826	7118	7187
EMC8	2443	2483	2297	2237
EMC9	566	569	356	317
EMCN	2	6	4	4
EMD	2680	2687	1990	2015
EME1	813	855	309	276
EME2	249	338	345	311
EMG1	1795	1608	1201	1182
EMID1	2	3	0	4
EMILIN1	35	38	60	47
EMILIN2	1	0	1	1
EMILIN3	1	0	0	0
EML1	290	259	174	187
EML2	5387	5228	4675	4565
EML3	4633	4618	3500	3203
EML4	4281	4119	3190	3048
EML5	376	350	240	222
EML6	341	344	227	228
EMP1	2601	2482	1982	1960
EMP2	16548	16054	16590	15873
EMP3	59	66	45	59
EMR1	1	0	0	0
EMR2	408	372	501	481
EMR3	0	0	0	0
EMR4P	2	1	1	2
EMX1	34	38	97	96
EMX2	0	1	0	1
EMX2OS	0	2	1	2
EN1	102	140	166	219
EN2	0	1	0	0
ENAH	5051	4873	3051	3110
ENAM	0	0	1	1
ENC1	1241	1247	2138	1997
ENDOD1	8852	8417	14798	14619
ENDOG	1049	1075	1217	1261
ENDOU	49	42	168	228
ENDOV	619	587	712	678
ENG	12	9	30	34
ENGASE	1742	1825	2563	2151
ENHO	12	12	8	3
ENKD1	344	373	406	368
ENKUR	30	35	37	49
ENO1	41346	39593	27779	27353
ENO1-AS1	6	2	1	1
ENO2	342	314	377	395
ENO3	1821	2065	4788	4260
ENO4	9	11	15	14
ENOPH1	4245	4175	2939	2993
ENOSF1	1801	1929	1609	1437
ENOX1	1243	1245	2161	2168
ENOX1-AS2	0	0	0	0
ENOX2	1466	1327	1106	1124
ENPEP	0	1	6	1
ENPP1	65	72	250	255
ENPP2	82	58	4	3
ENPP3	4	4	8	9
ENPP4	154	176	750	701
ENPP5	20	11	76	72
ENPP6	5	4	2	1
ENPP7	0	0	0	0
ENSA	7597	7318	5495	5390
ENTHD1	0	0	0	0
ENTHD2	859	921	788	639
ENTPD1	569	499	1597	1512
ENTPD1-AS1	34	33	24	23
ENTPD2	49	47	86	78
ENTPD3	848	886	2398	2377
ENTPD3-AS1	68	70	72	104
ENTPD4	2810	2712	3736	3672
ENTPD5	799	739	798	708
ENTPD6	1476	1475	1668	1589
ENTPD7	1560	1455	1901	1864
ENTPD8	33	35	306	256
ENY2	3414	3184	2889	3063
EOGT	4822	4951	4674	4506
EOMES	150	145	59	70
EP300	6566	5532	5638	5479
EP300-AS1	25	24	24	20
EP400	4565	3912	2977	2936
EP400NL	109	99	109	94
EPAS1	13856	13430	18335	17561
EPB41	1585	1498	1070	1067
EPB41L1	11317	10695	19274	18833
EPB41L2	1460	1314	685	728
EPB41L3	0	0	0	0
EPB41L4A	3899	3760	4951	4800
EPB41L4A-AS1	471	524	288	292
EPB41L4A-AS2	36	41	54	68
EPB41L4B	991	914	586	612
EPB41L5	1038	963	1043	980
EPB42	0	2	0	0
EPC1	1618	1543	1601	1574
EPC2	1486	1430	1096	977
EPCAM	11870	11408	20005	19243
EPDR1	1272	1208	1184	1266
EPG5	2108	1979	2136	2056
EPGN	49	44	106	127
EPHA1	2050	1991	2384	2285
EPHA1-AS1	12	15	4	2
EPHA10	327	328	538	493
EPHA2	2857	2781	3072	2934
EPHA3	0	0	0	1
EPHA4	3269	3008	1351	1293
EPHA5	0	0	0	0
EPHA5-AS1	0	0	0	0
EPHA6	0	0	0	1
EPHA7	0	0	0	0
EPHA8	0	0	0	0
EPHB1	15	14	9	8
EPHB2	2138	1992	1680	1599
EPHB3	962	871	621	515
EPHB4	3506	3528	3229	3075
EPHB6	561	560	264	264
EPHX1	4649	4443	4407	4091
EPHX2	610	553	556	556
EPHX3	21	11	8	9
EPHX4	541	504	1085	1123
EPM2A	1297	1303	1157	1117
EPM2AIP1	3766	3538	2399	2319
EPN1	9391	9527	8830	8669
EPN2	1334	1335	1100	1051
EPN2-AS1	0	0	1	0
EPN2-IT1	2	4	1	0
EPN3	4593	4429	2887	2737
EPO	0	2	0	0
EPOR	99	116	112	96
EPPIN	0	0	1	1
EPPIN-WFDC6	0	1	0	0
EPPK1	8995	8110	5634	5767
EPRS	19166	18259	12022	11847
EPS15	2792	2737	2882	2856
EPS15L1	1523	1448	1601	1545
EPS8	1757	1643	2152	2002
EPS8L1	777	753	1629	1408
EPS8L2	15767	15951	16830	15807
EPS8L3	0	1	0	1
EPSTI1	809	716	666	642
EPT1	7592	7462	5300	5090
EPX	0	0	0	0
EPYC	0	0	1	0
EQTN	3	2	1	2
ERAL1	3153	3102	2602	2499
ERAP1	6538	6358	9934	9482
ERAP2	7221	7054	5755	5689
ERAS	3	7	5	7
ERBB2	10601	10623	15216	13887
ERBB2IP	8047	7940	7284	7243
ERBB3	4143	4048	6952	6574
ERBB4	5	18	45	46
ERC1	3763	3534	2640	2654
ERC2	0	0	0	0
ERC2-IT1	0	0	1	0
ERCC1	1926	1885	2019	1874
ERCC2	1514	1464	1334	1246
ERCC3	3569	3452	3054	3044
ERCC4	1308	1328	1167	1128
ERCC5	245	278	203	175
ERCC6	1084	987	1136	1075
ERCC6-PGBD3	5	7	6	5
ERCC6L	1496	1437	415	403
ERCC6L2	1678	1622	1193	1195
ERCC8	736	743	565	599
EREG	5	6	24	25
ERF	3249	3267	1790	1633
ERG	1	0	1	0
ERGIC1	15538	15299	27614	26386
ERGIC2	2984	2979	3407	3257
ERGIC3	18046	17895	28813	27229
ERH	6038	5838	4223	4196
ERI1	910	928	618	645
ERI2	2059	1971	1342	1294
ERI3	2589	2490	2031	1982
ERI3-IT1	22	24	14	14
ERICH1	432	349	306	244
ERICH1-AS1	0	0	0	0
ERICH2	148	164	159	136
ERICH3	1	2	1	2
ERICH4	0	0	0	2
ERICH5	977	823	1164	1211
ERICH6	2	3	1	0
ERICH6B	0	0	0	0
ERLEC1	4479	4496	8627	8513
ERLIN1	3848	3755	3719	3527
ERLIN2	2995	2860	4957	4762
ERMAP	1224	1326	1428	1369
ERMARD	518	551	620	594
ERMN	0	0	0	0
ERMP1	13395	12517	15591	15063
ERN1	308	303	413	393
ERN2	31	23	49	50
ERO1L	3588	3351	6161	6145
ERO1LB	485	506	596	570
ERP27	905	885	1462	1425
ERP29	10158	9779	13084	12515
ERP44	5038	4823	9760	9500
ERRFI1	161	140	214	227
ERV3-1	351	317	744	749
ERVFRD-1	0	0	0	0
ERVK13-1	357	352	377	319
ERVMER34-1	227	234	47	54
ERVV-1	0	2	0	0
ERVV-2	0	0	0	1
ESAM	120	117	260	253
ESCO1	1904	1716	1764	1679
ESCO2	1574	1405	644	650
ESD	8169	7764	5787	5834
ESF1	941	862	675	614
ESM1	2	1	14	10
ESPL1	4181	3979	957	944
ESPN	18	13	41	56
ESPNL	2	6	7	5
ESPNP	7	3	11	10
ESR1	1935	1810	2372	2325
ESR2	15	16	9	7
ESRG	11	7	5	10
ESRP1	18585	17365	11939	11966
ESRP2	5377	5539	6198	5483
ESRRA	8647	8419	9433	9035
ESRRB	1	12	4	5
ESRRG	1	1	4	1
ESX1	1	0	1	1
ESYT1	6278	6033	5305	5070
ESYT2	20019	19747	26767	25891
ESYT3	76	73	113	111
ETAA1	1866	1834	1233	1134
ETF1	15101	14341	12824	13073
ETFA	15865	14792	15431	15880
ETFB	2032	1958	1872	1864
ETFDH	1507	1407	1957	1901
ETHE1	1423	1316	2145	2018
ETNK1	3019	2916	3348	3239
ETNK2	311	330	388	342
ETNPPL	0	0	0	1
ETS1	2418	2363	1231	1219
ETS2	22584	21398	17688	16993
ETV1	2	5	6	8
ETV2	23	20	23	20
ETV3	526	479	633	585
ETV3L	0	0	0	0
ETV4	25	16	38	26
ETV5	29	33	37	35
ETV6	2289	2164	3177	3050
ETV7	539	425	203	175
EVA1A	238	262	261	250
EVA1B	29	39	102	109
EVA1C	1331	1263	2033	1925
EVC	1648	1596	1288	1231
EVC2	2	1	0	0
EVI2A	1	0	0	3
EVI2B	7	13	16	19
EVI5	1320	1173	1511	1474
EVI5L	610	665	836	781
EVL	681	714	672	596
EVPL	5509	5515	6144	5734
EVPLL	284	279	548	526
EVX1	0	1	0	0
EVX1-AS	0	0	0	0
EVX2	0	0	0	0
EWSR1	17850	17811	14031	13301
EXD1	1	3	2	1
EXD2	2273	2227	2118	2059
EXD3	397	366	383	313
EXO1	3378	3415	1578	1609
EXO5	772	809	625	640
EXOC1	3914	3622	3377	3275
EXOC2	2930	2824	2532	2478
EXOC3	6383	6183	7784	7537
EXOC3L1	17	14	31	36
EXOC3L2	0	0	0	1
EXOC3L4	821	805	690	575
EXOC4	5162	4852	5373	5105
EXOC5	7039	6619	7086	7212
EXOC6	1382	1250	1452	1505
EXOC6B	2226	2037	1682	1534
EXOC7	5908	5691	6195	5879
EXOC8	2095	1958	1785	1746
EXOG	737	758	422	447
EXOSC1	1080	1014	845	827
EXOSC10	1964	1894	1501	1363
EXOSC2	1911	1857	901	835
EXOSC3	1505	1407	864	874
EXOSC4	1366	1345	1393	1272
EXOSC5	830	782	379	404
EXOSC6	670	685	511	567
EXOSC7	1605	1523	1026	1043
EXOSC8	3209	3148	1439	1424
EXOSC9	2276	2259	1444	1520
EXPH5	1729	1650	1096	1021
EXT1	16812	15903	18331	18024
EXT2	8604	8281	13020	12185
EXTL1	1	2	0	0
EXTL2	747	700	406	421
EXTL3	2377	2171	1965	1864
EYA1	15	12	4	8
EYA2	4265	4040	3259	3138
EYA3	802	781	693	603
EYA4	0	0	0	0
EYA4-AS1	163	198	678	592
EYS	5	1	19	13
EZH1	1279	1314	1602	1366
EZH2	2944	3073	1693	1551
EZR	14560	14266	20543	20334
EZR-AS1	1	0	0	2
F10	1	0	2	1
F11	0	0	0	0
F11-AS1	0	0	0	0
F11R	20530	19717	33903	31849
F12	100	127	51	61
F13A1	51	39	503	495
F13B	1	2	0	0
F2	1	1	0	1
F2R	507	488	58	57
F2RL1	1956	1997	1087	1083
F2RL2	5	6	2	3
F2RL3	0	0	1	0
F3	3725	4402	34473	34074
F5	137	98	13	15
F7	10	9	31	22
F8	270	252	346	335
F8A1	188	205	242	237
F8A2	0	0	0	0
F8A3	0	0	0	0
F9	0	0	0	0
FA2H	1051	998	1848	1681
FAAH	2196	2016	2870	2689
FAAH2	1560	1477	3476	3451
FABP1	0	1	0	0
FABP12	0	0	0	0
FABP2	0	0	0	0
FABP3	100	86	175	175
FABP4	1	0	0	0
FABP5	1101	1157	125	143
FABP5P3	2	4	0	2
FABP6	33	29	24	17
FABP7	0	0	0	0
FABP9	0	0	0	0
FADD	3015	2973	2997	3005
FADS1	26135	24664	12198	11412
FADS2	12275	11701	4976	4552
FADS3	5150	5282	2470	2245
FADS6	1	2	0	1
FAF1	3590	3497	2382	2459
FAF2	6198	6138	5763	5429
FAH	2960	2799	2156	2073
FAHD1	2719	2729	2908	3053
FAHD2A	540	548	411	430
FAHD2B	805	809	695	696
FAHD2CP	212	174	219	201
FAIM	1921	1836	1294	1332
FAIM2	0	0	0	0
FAIM3	191	184	402	357
FAM101A	0	0	0	0
FAM101B	160	146	100	96
FAM102A	790	878	1410	1375
FAM102B	1677	1553	2182	2130
FAM103A1	2326	2216	2153	2177
FAM104A	2411	2306	1837	1876
FAM104B	367	345	316	309
FAM105A	75	69	46	34
FAM106A	33	29	47	39
FAM106CP	20	23	43	36
FAM107A	5	4	9	9
FAM107B	4612	4316	11016	10979
FAM109A	643	613	987	952
FAM109B	237	247	249	230
FAM110A	833	852	587	585
FAM110B	0	0	0	0
FAM110C	1799	1769	1703	1691
FAM110D	6	7	1	2
FAM111A	9029	9322	6299	5982
FAM111B	5248	5530	3604	3624
FAM114A1	1669	1660	3019	3001
FAM114A2	1087	1046	808	764
FAM115A	5597	5410	4815	4780
FAM115C	86	83	63	58
FAM115D	2	6	4	3
FAM117A	362	376	296	270
FAM117B	1004	1006	788	711
FAM118A	1374	1342	1247	1185
FAM118B	1155	1141	1284	1321
FAM120A	15033	13988	13681	12907
FAM120AOS	1841	1830	2292	2130
FAM120B	1787	1722	1788	1640
FAM120C	641	543	846	782
FAM122A	1018	1063	989	982
FAM122B	3703	3795	2357	2283
FAM122C	121	115	107	101
FAM124A	4	5	6	9
FAM124B	1	0	0	1
FAM126A	4720	4209	1559	1585
FAM126B	1558	1487	1404	1420
FAM127A	1761	1767	2248	2159
FAM127B	1655	1713	1366	1373
FAM127C	0	1	0	0
FAM129A	2256	2110	314	345
FAM129B	8361	7963	18190	17649
FAM129C	3	0	2	7
FAM131A	358	362	376	409
FAM131B	157	148	98	81
FAM131C	97	96	92	109
FAM132A	9	14	17	13
FAM132B	67	94	39	36
FAM133A	5	9	2	3
FAM133B	236	251	219	227
FAM133CP	2	2	4	2
FAM133DP	0	0	0	0
FAM134A	5004	4857	4600	4339
FAM134B	5306	5294	8866	8777
FAM134C	2556	2403	3480	3216
FAM135A	1925	1738	1534	1446
FAM135B	0	0	0	0
FAM136A	2648	2568	2293	2291
FAM138A	0	0	0	0
FAM138B	0	0	0	0
FAM138C	0	0	0	0
FAM138D	0	0	0	0
FAM138E	0	0	0	0
FAM138F	0	0	0	0
FAM13A	1246	1142	1131	1075
FAM13A-AS1	45	36	62	42
FAM13B	2946	2783	4026	3706
FAM13C	42	33	4	4
FAM149A	37	48	70	74
FAM149B1	1104	1028	1202	1129
FAM150A	3	1	3	4
FAM150B	0	0	1	0
FAM151A	0	1	0	0
FAM151B	84	83	76	72
FAM153A	1	3	2	0
FAM153B	0	1	0	0
FAM153C	2	0	1	1
FAM154A	1	0	0	1
FAM154B	176	142	267	249
FAM155A	0	0	0	2
FAM155A-IT1	0	0	0	0
FAM155B	99	119	182	135
FAM156A	160	175	153	139
FAM156B	0	0	0	0
FAM157A	124	131	94	82
FAM157B	91	92	104	63
FAM159A	0	0	0	0
FAM159B	3	3	0	1
FAM160A1	606	578	603	604
FAM160A2	1283	1325	1334	1207
FAM160B1	2685	2479	2603	2524
FAM160B2	2003	2025	3189	2876
FAM161A	214	227	119	104
FAM161B	198	191	216	161
FAM162A	2507	2305	2187	2220
FAM162B	0	0	0	0
FAM163A	0	0	0	0
FAM163B	0	0	0	0
FAM166A	2	0	1	2
FAM166B	4	1	5	2
FAM167A	58	47	167	150
FAM167B	25	29	34	22
FAM168A	4389	4182	3203	3019
FAM168B	9740	9673	8920	8750
FAM169A	5577	5306	2631	2755
FAM169B	2	9	11	12
FAM170A	0	0	0	0
FAM170B	0	0	0	0
FAM170B-AS1	0	0	0	0
FAM171A1	1426	1367	731	675
FAM171A2	62	47	33	43
FAM171B	1267	1200	883	910
FAM172A	1285	1295	1147	1230
FAM172BP	7	5	1	1
FAM173A	450	474	518	447
FAM173B	1887	1800	1413	1407
FAM174A	1001	1012	1394	1395
FAM174B	137	145	253	250
FAM175A	893	864	645	626
FAM175B	1742	1703	1522	1505
FAM177A1	3133	3012	3121	3018
FAM177B	0	0	1	1
FAM178A	3296	3396	2287	2221
FAM178B	14	13	9	14
FAM179A	10	12	4	5
FAM179B	1551	1442	1709	1623
FAM180A	1	1	1	2
FAM180B	2	0	0	0
FAM181A	0	0	0	0
FAM181A-AS1	0	0	0	0
FAM181B	151	150	36	46
FAM182A	0	0	0	0
FAM182B	29	25	12	16
FAM183A	44	55	42	38
FAM183B	0	0	0	0
FAM183CP	0	0	0	0
FAM184A	5	4	5	4
FAM184B	0	0	2	2
FAM185A	527	444	389	395
FAM186A	0	0	0	1
FAM186B	22	26	40	26
FAM187B	0	0	0	0
FAM188A	1639	1601	1390	1313
FAM188B	27	27	25	26
FAM189A1	0	0	0	0
FAM189A2	350	372	998	954
FAM189B	1939	1903	1359	1238
FAM192A	4802	4734	4164	4215
FAM193A	1587	1488	1552	1430
FAM193B	2020	2272	2136	1770
FAM195A	1272	1246	1614	1539
FAM195B	1010	1014	1207	1104
FAM196A	1	1	0	0
FAM196B	1	4	1	1
FAM197Y2	0	0	0	0
FAM197Y5	0	0	0	0
FAM198A	0	1	3	5
FAM198B	3246	3193	990	1024
FAM199X	4145	3828	3307	3433
FAM19A1	0	0	1	0
FAM19A2	16	25	6	6
FAM19A3	2	1	1	2
FAM19A4	0	0	0	0
FAM19A5	0	0	0	0
FAM200A	681	608	657	697
FAM200B	1022	1002	926	814
FAM201A	809	807	702	698
FAM203A	315	309	279	301
FAM204A	1825	1590	1424	1458
FAM205A	0	0	0	0
FAM205B	0	0	0	0
FAM206A	1098	1052	863	835
FAM207A	764	731	660	655
FAM208A	8007	7497	6946	6994
FAM208B	8452	8115	6153	5911
FAM209A	4	1	3	0
FAM209B	2	8	6	1
FAM20A	4	0	0	6
FAM20B	6887	6821	6770	6554
FAM20C	3754	3665	10658	10261
FAM210A	1862	1826	1573	1596
FAM210B	8166	7842	9982	9747
FAM212A	245	203	26	21
FAM212B	1230	1154	737	680
FAM212B-AS1	23	20	22	25
FAM213A	4014	3903	4024	3968
FAM213B	694	684	722	754
FAM214A	2641	2427	4351	4180
FAM214B	607	627	2022	1751
FAM215A	7	8	7	6
FAM216A	489	501	221	224
FAM216B	0	0	0	0
FAM217A	0	0	0	1
FAM217B	2355	2251	1839	1868
FAM218A	14	13	11	16
FAM219A	689	725	706	601
FAM219B	2847	2830	2487	2329
FAM21A	2350	2197	2380	2286
FAM21C	2023	1983	2049	2007
FAM21EP	56	59	57	69
FAM220A	1647	1592	1534	1523
FAM221A	57	65	75	80
FAM221B	0	0	2	0
FAM222A	110	126	137	120
FAM222A-AS1	14	10	2	1
FAM222B	1014	1021	1449	1377
FAM223A	0	0	0	0
FAM223B	0	0	0	0
FAM224A	0	0	0	0
FAM224B	0	0	0	0
FAM225A	0	0	1	1
FAM225B	0	2	0	1
FAM226A	0	0	0	0
FAM226B	0	0	0	0
FAM227A	124	101	225	182
FAM227B	74	59	50	63
FAM228A	0	0	0	0
FAM228B	130	129	342	328
FAM229A	20	34	47	32
FAM229B	118	130	100	99
FAM230B	1	1	3	3
FAM230C	0	0	0	0
FAM231A	0	0	0	0
FAM231D	0	0	0	0
FAM24A	0	0	0	0
FAM24B	114	142	75	85
FAM24B-CUZD1	2	2	2	1
FAM25A	73	62	40	42
FAM25BP	7	17	10	8
FAM25C	0	0	0	0
FAM25G	0	0	0	0
FAM26D	4	5	1	6
FAM26E	8	9	9	7
FAM26F	6	3	0	1
FAM27A	2	4	1	0
FAM27B	0	0	0	0
FAM27C	0	0	0	0
FAM27E2	3	5	3	1
FAM27E3	66	85	32	29
FAM27L	0	0	0	0
FAM32A	3740	3551	4401	4460
FAM35A	2848	2739	2041	2022
FAM35BP	4	3	6	3
FAM35DP	16	5	7	11
FAM3A	1972	2014	2375	2391
FAM3B	0	7	3	4
FAM3C	3205	3134	4553	4591
FAM3D	0	2	15	11
FAM41AY1	0	0	0	0
FAM41AY2	0	0	0	0
FAM41C	38	54	37	30
FAM43A	583	629	1316	1290
FAM43B	0	0	0	0
FAM45A	6	10	9	12
FAM45B	118	115	122	107
FAM46A	4617	4590	7173	7153
FAM46B	117	136	36	36
FAM46C	386	365	1504	1382
FAM46D	0	0	0	0
FAM47A	0	0	0	0
FAM47B	0	0	0	0
FAM47C	0	0	0	0
FAM47E	121	100	156	132
FAM47E-STBD1	1	3	1	6
FAM49A	1710	1600	1050	1036
FAM49B	6534	6279	5458	5436
FAM50A	2443	2437	2349	2258
FAM50B	429	410	300	316
FAM53A	121	120	135	132
FAM53B	2923	2794	2481	2257
FAM53C	2716	2687	2089	1952
FAM57A	2047	1981	1335	1255
FAM57B	3	3	4	6
FAM58A	747	730	749	779
FAM60A	4497	4408	3413	3437
FAM63A	958	873	1208	1095
FAM63B	1135	1041	1120	1045
FAM64A	1031	916	176	167
FAM65A	3477	3493	3563	3191
FAM65B	81	75	260	264
FAM65C	4	7	87	64
FAM66A	1	1	1	0
FAM66B	4	3	3	9
FAM66C	22	29	36	32
FAM66D	15	15	8	21
FAM66E	0	0	0	0
FAM69A	1688	1683	2384	2239
FAM69B	365	350	468	522
FAM69C	0	0	0	0
FAM71A	0	0	1	2
FAM71B	0	0	0	0
FAM71C	0	0	0	0
FAM71D	0	0	0	0
FAM71E1	106	108	174	147
FAM71E2	3	0	4	3
FAM71F1	8	15	50	33
FAM71F2	77	79	150	135
FAM72A	0	0	0	0
FAM72B	620	579	140	122
FAM72C	7	5	0	2
FAM72D	2	4	2	0
FAM73A	1465	1369	1417	1390
FAM73B	1594	1519	1639	1420
FAM74A1	0	0	0	0
FAM74A3	0	0	1	1
FAM74A4	1	3	0	1
FAM74A6	0	0	0	0
FAM76A	257	211	205	186
FAM76B	2378	2305	1881	1676
FAM78A	145	138	140	144
FAM78B	41	30	20	14
FAM81A	1128	1060	1033	913
FAM81B	1	0	1	2
FAM83A	5819	5398	9259	8711
FAM83A-AS1	0	0	0	0
FAM83B	3050	3040	1615	1665
FAM83C	0	0	0	0
FAM83C-AS1	4	3	0	1
FAM83D	7800	7390	1503	1468
FAM83E	130	121	845	662
FAM83F	570	526	655	551
FAM83G	876	832	719	705
FAM83H	19116	19401	15796	15013
FAM83H-AS1	4452	4637	4120	4001
FAM84A	2494	2268	900	893
FAM84B	15949	15378	15972	15409
FAM86A	745	685	461	415
FAM86B1	71	63	39	43
FAM86B2	5	6	2	3
FAM86B3P	78	58	39	35
FAM86C1	573	609	509	535
FAM86C2P	286	256	193	186
FAM86DP	532	533	389	389
FAM86EP	173	190	135	151
FAM86FP	95	138	126	117
FAM86HP	29	52	32	30
FAM86JP	125	95	85	66
FAM87A	14	10	1	4
FAM87B	1	0	2	3
FAM89A	352	377	303	327
FAM89B	910	932	1721	1620
FAM8A1	4313	4297	4049	3988
FAM90A1	1	1	1	0
FAM90A10P	0	0	0	0
FAM90A25P	1	1	1	1
FAM90A27P	0	0	0	0
FAM90A2P	0	0	1	1
FAM90A7P	0	0	0	0
FAM91A1	11491	10902	14753	14460
FAM92A1	2006	1917	1444	1404
FAM92A1P2	4	8	5	2
FAM92B	0	0	0	0
FAM95A	5	0	1	1
FAM95B1	3	0	0	0
FAM95C	492	502	416	370
FAM96A	5928	5423	6158	6294
FAM96B	2143	2027	1703	1596
FAM98A	3081	2918	2973	3002
FAM98B	3654	3644	2322	2406
FAM98C	431	436	432	406
FAM99A	0	0	0	0
FAM99B	0	0	0	0
FAM9A	1	0	0	1
FAM9B	0	0	1	0
FAM9C	1	0	0	1
FAN1	2175	2016	1690	1742
FANCA	3827	4171	2112	1884
FANCB	335	344	97	106
FANCC	1225	1276	620	610
FANCD2	4310	4361	1817	1852
FANCD2OS	1	1	4	5
FANCE	1215	1149	430	460
FANCF	638	698	729	700
FANCG	1830	1824	881	892
FANCI	12925	12852	5293	5221
FANCL	1065	1028	831	811
FANCM	1046	1017	595	611
FANK1	365	368	876	814
FANK1-AS1	0	0	0	0
FAP	850	847	956	946
FAR1	8518	8079	5751	5629
FAR2	0	0	0	0
FAR2P1	0	0	0	0
FAR2P2	0	0	0	0
FARP1	1937	2024	2048	1856
FARP2	628	561	785	681
FARS2	788	778	689	694
FARSA	4095	3878	3466	3528
FARSB	4119	4363	2255	2301
FAS	3084	2958	1806	1814
FAS-AS1	1	1	0	1
FASLG	2	0	1	3
FASN	38626	34330	13932	13944
FASTK	2996	3134	3935	3603
FASTKD1	5452	5308	5771	5710
FASTKD2	5195	4995	3610	3592
FASTKD3	1631	1588	1242	1193
FASTKD5	1513	1441	1784	1716
FAT1	50789	47167	32377	32470
FAT2	8587	7089	477	472
FAT3	25	23	14	15
FAT4	156	125	67	64
FATE1	0	0	0	0
FAU	14688	14391	10532	10300
FAXC	861	908	1002	974
FAXDC2	206	173	504	397
FBF1	852	868	778	631
FBL	4872	4520	2187	2068
FBLIM1	2098	2073	2631	2532
FBLL1	5	9	11	12
FBLN1	20081	20388	43115	40742
FBLN2	17	12	2	1
FBLN5	75	83	120	93
FBLN7	0	0	2	0
FBN1	1669	1492	1603	1566
FBN2	1719	1407	536	547
FBN3	1	3	0	0
FBP1	326	353	1210	1135
FBP2	0	0	0	1
FBRS	2781	2694	3419	3210
FBRSL1	1322	1471	1696	1647
FBXL12	510	525	468	468
FBXL13	20	16	15	21
FBXL14	855	852	749	748
FBXL15	562	577	623	589
FBXL16	60	82	101	86
FBXL17	2653	2488	2719	2640
FBXL18	2679	2406	2610	2468
FBXL19	1924	1869	2287	2055
FBXL19-AS1	1194	1198	1423	1325
FBXL2	762	704	1051	976
FBXL20	792	707	904	858
FBXL21	0	0	0	0
FBXL22	4	3	11	9
FBXL3	4352	4459	4021	4007
FBXL4	1752	1679	1657	1582
FBXL5	2706	2531	2994	2917
FBXL6	2615	2687	2392	2163
FBXL7	1	0	1	0
FBXL8	203	214	328	242
FBXO10	257	274	315	294
FBXO11	3905	3577	3910	3552
FBXO15	33	44	80	76
FBXO16	77	73	76	73
FBXO17	740	770	356	347
FBXO18	3545	3350	3912	3544
FBXO2	440	456	704	689
FBXO21	3637	3413	3684	3604
FBXO22	5650	5369	2997	3129
FBXO22-AS1	9	5	4	12
FBXO24	31	31	62	65
FBXO25	972	934	738	735
FBXO27	799	721	579	571
FBXO28	3084	2939	2682	2694
FBXO3	3564	3340	3827	3802
FBXO30	4115	3920	2889	2680
FBXO31	1644	1612	1312	1232
FBXO32	2745	2452	3380	3230
FBXO33	1164	1180	1425	1329
FBXO34	3131	2947	2840	2746
FBXO36	89	81	114	112
FBXO38	1833	1690	1995	1933
FBXO39	2	2	1	0
FBXO4	1213	1239	910	885
FBXO40	0	0	0	0
FBXO41	1560	1633	1768	1601
FBXO42	566	549	525	521
FBXO43	290	297	113	113
FBXO44	787	768	1008	991
FBXO45	1966	1882	1376	1451
FBXO46	757	804	726	722
FBXO47	0	0	0	1
FBXO48	146	116	61	74
FBXO5	3136	2891	1296	1323
FBXO6	152	152	201	175
FBXO7	6535	6462	6771	6965
FBXO8	1141	990	904	1035
FBXO9	5783	5608	7581	7045
FBXW10	30	20	29	27
FBXW11	3424	3224	3245	3233
FBXW12	0	0	0	0
FBXW2	7224	6651	6384	6155
FBXW4	2145	2169	2481	2299
FBXW4P1	16	10	26	20
FBXW5	3681	3672	4402	4019
FBXW7	1763	1627	1048	1066
FBXW8	1013	981	1092	982
FBXW9	670	601	594	538
FCAMR	2	1	0	0
FCAR	1	0	0	1
FCER1A	0	0	0	0
FCER1G	4	11	8	13
FCER2	0	0	0	1
FCF1	3118	2975	2203	2189
FCGBP	7	6	4	7
FCGR1A	0	0	0	0
FCGR1B	0	0	0	0
FCGR1C	0	0	0	0
FCGR2A	5	5	5	1
FCGR2B	0	0	0	0
FCGR2C	0	0	0	0
FCGR3A	0	0	0	0
FCGR3B	0	0	0	0
FCGRT	1411	1336	3599	3309
FCHO1	13	8	2	4
FCHO2	2593	2320	2354	2301
FCHSD1	891	831	766	667
FCHSD2	3412	3310	3385	3356
FCN1	0	0	0	0
FCN2	0	0	0	0
FCN3	0	0	0	0
FCRL1	1	0	0	0
FCRL2	0	1	0	0
FCRL3	0	0	0	0
FCRL4	0	0	0	0
FCRL5	0	0	3	0
FCRL6	0	0	1	0
FCRLA	74	56	4	8
FCRLB	25	52	35	35
FDCSP	0	0	1	0
FDFT1	9802	9128	5534	5274
FDPS	12494	11996	7402	7305
FDPSP2	9	6	5	6
FDX1	3263	3189	3467	3493
FDX1L	666	609	616	653
FDXACB1	349	354	250	297
FDXR	2661	2410	1173	1157
FECH	4770	4843	3676	3644
FEM1A	3311	3173	3133	3122
FEM1B	10648	9696	8438	8376
FEM1C	1728	1698	1428	1419
FEN1	8725	8841	4227	4130
FENDRR	0	0	0	0
FER	982	876	644	636
FER1L4	2538	2733	5704	4741
FER1L5	0	0	1	0
FER1L6	221	184	10180	9794
FER1L6-AS1	0	0	0	0
FER1L6-AS2	0	0	0	0
FERD3L	0	0	0	0
FERMT1	4505	4484	1627	1530
FERMT2	3860	3918	6428	6242
FERMT3	45	62	37	42
FES	26	28	58	62
FETUB	5	2	2	4
FEV	0	0	0	0
FEZ1	4712	4745	609	679
FEZ2	1720	1703	2173	2287
FEZF1	0	0	0	0
FEZF1-AS1	3	1	3	0
FEZF2	0	0	0	0
FFAR1	1	2	9	2
FFAR2	0	1	1	0
FFAR3	0	0	0	0
FFAR4	30	31	37	48
FGA	0	0	1	0
FGB	1	0	4	10
FGD1	1101	1000	779	788
FGD2	2	0	1	0
FGD3	2473	2543	1847	1740
FGD4	1380	1285	1548	1539
FGD5	0	0	1	0
FGD5-AS1	10369	10181	8956	8709
FGD5P1	0	1	0	0
FGD6	2077	1913	2372	2390
FGF1	134	106	9	5
FGF10	0	0	0	0
FGF10-AS1	0	0	0	0
FGF11	112	123	129	106
FGF12	30	25	45	37
FGF13	3	2	2	6
FGF13-AS1	0	0	0	0
FGF14	1	1	0	0
FGF14-AS2	1	0	0	0
FGF14-IT1	0	0	0	0
FGF16	0	0	0	0
FGF17	1	0	0	0
FGF18	3	3	5	4
FGF19	1	2	6	2
FGF2	353	322	164	212
FGF20	0	0	0	0
FGF21	5	2	0	0
FGF22	0	0	0	0
FGF23	6	3	5	6
FGF3	1	0	0	0
FGF4	0	0	0	0
FGF5	45	35	28	31
FGF6	0	0	0	0
FGF7	6	9	7	8
FGF8	1	1	0	0
FGF9	1	1	0	0
FGFBP1	2001	1901	1381	1366
FGFBP2	0	0	0	0
FGFBP3	64	54	52	54
FGFR1	70	74	410	343
FGFR1OP	1185	1093	809	833
FGFR1OP2	1352	1295	1227	1178
FGFR2	1479	1467	414	419
FGFR3	2652	2580	2734	2541
FGFR4	69	77	56	51
FGFRL1	618	677	1796	1575
FGG	0	1	4	2
FGGY	274	284	307	348
FGL1	21	16	13	9
FGL2	0	0	0	0
FGR	4	3	4	2
FH	9786	9428	10258	10301
FHAD1	35	39	33	26
FHDC1	1674	1757	1737	1569
FHIT	73	82	75	77
FHL1	84	79	137	131
FHL2	3128	3136	7457	7375
FHL3	563	547	492	479
FHL5	0	0	0	0
FHOD1	2007	2118	2107	1921
FHOD3	3109	2842	1848	1831
FIBCD1	325	286	778	764
FIBIN	1	0	0	1
FIBP	5091	4870	3662	3639
FICD	82	106	232	188
FIG4	2090	1979	2425	2504
FIGF	5	4	3	2
FIGLA	0	1	3	1
FIGN	264	257	81	101
FIGNL1	1928	1939	963	921
FIGNL2	0	0	0	0
FILIP1	22	34	25	13
FILIP1L	304	323	199	223
FIP1L1	2606	2595	2045	1990
FIRRE	17	15	8	10
FIS1	2930	2606	3265	3196
FITM1	5	13	9	3
FITM2	609	594	555	540
FIZ1	838	728	742	660
FJX1	1278	1339	389	355
FKBP10	5157	4984	5492	5243
FKBP11	1284	1207	1389	1396
FKBP14	1331	1392	2073	2104
FKBP15	2692	2638	2793	2728
FKBP1A	6969	6884	8576	8562
FKBP1A-SDCBP2	0	1	0	4
FKBP1AP1	0	0	1	0
FKBP1B	213	216	163	160
FKBP2	3713	3656	8245	7750
FKBP3	5445	5325	4430	4226
FKBP4	8234	8020	7767	7823
FKBP5	1617	1685	815	811
FKBP6	0	1	0	0
FKBP7	159	134	214	202
FKBP8	8789	8110	8921	8749
FKBP9	9761	9840	16127	15519
FKBP9P1	123	109	184	163
FKBPL	982	842	731	692
FKRP	626	706	737	701
FKSG29	4	4	2	1
FKTN	2329	2299	1545	1393
FLAD1	1289	1200	1344	1381
FLCN	918	898	923	827
FLG	6	1	1	6
FLG-AS1	461	376	45	38
FLG2	0	0	0	0
FLI1	226	210	116	136
FLII	12880	12989	15579	15001
FLJ10038	429	445	492	404
FLJ12825	4	5	3	5
FLJ13224	3	2	2	4
FLJ16171	0	0	0	0
FLJ16779	25	24	2	2
FLJ20021	103	86	141	139
FLJ20518	0	0	0	0
FLJ21408	3	1	11	8
FLJ22184	130	139	126	132
FLJ22447	29	17	18	13
FLJ22763	0	0	0	0
FLJ23867	2618	2547	6761	6317
FLJ25758	0	0	0	0
FLJ26245	0	0	0	0
FLJ26850	12	12	1	1
FLJ27354	1	0	1	0
FLJ30403	11	19	26	15
FLJ30679	1	3	0	0
FLJ31104	9	9	5	5
FLJ31306	1729	1664	1639	1532
FLJ31356	21	18	88	97
FLJ31662	0	0	1	1
FLJ32255	195	196	187	209
FLJ33360	0	0	0	0
FLJ33534	0	0	1	2
FLJ33581	0	0	0	0
FLJ34503	0	2	2	0
FLJ35934	12	9	13	8
FLJ36000	0	0	0	0
FLJ36777	4	1	4	2
FLJ37035	99	63	82	84
FLJ37201	67	73	46	49
FLJ37453	0	0	0	0
FLJ37505	0	0	1	2
FLJ38122	0	0	0	0
FLJ38576	4	2	0	0
FLJ39080	64	61	25	20
FLJ40194	0	0	0	0
FLJ40288	0	0	0	0
FLJ41200	0	0	0	1
FLJ41278	1	1	1	1
FLJ41941	2	1	0	0
FLJ42102	1	0	0	2
FLJ42351	11	6	15	13
FLJ42393	0	0	1	1
FLJ42627	749	664	652	610
FLJ42969	38	18	31	20
FLJ43315	0	0	0	0
FLJ43681	37	34	57	59
FLJ43879	0	0	0	0
FLJ44087	0	0	0	0
FLJ44313	59	45	41	46
FLJ44511	405	496	544	467
FLJ44635	0	0	0	0
FLJ45079	2	2	4	3
FLJ45513	7	11	8	6
FLJ45974	0	0	0	0
FLJ46066	0	0	0	0
FLJ46284	0	0	0	0
FLJ46906	390	375	396	308
FLNA	63849	61655	48488	49691
FLNB	27015	24995	29149	29249
FLNC	97	78	119	104
FLOT1	11045	10566	9992	9584
FLOT2	9084	8855	5402	5187
FLRT1	12	9	1	2
FLRT2	202	206	67	60
FLRT3	49	56	70	86
FLT1	1	1	8	11
FLT3	0	0	0	1
FLT3LG	82	98	59	57
FLT4	0	0	0	0
FLVCR1	1645	1585	1208	1117
FLVCR1-AS1	118	128	84	72
FLVCR2	695	696	1482	1471
FLYWCH1	1390	1336	1211	1098
FLYWCH2	742	750	1005	892
FMN1	1956	1727	1551	1586
FMN2	0	2	3	0
FMNL1	1117	1016	900	780
FMNL2	2128	2072	2836	2589
FMNL3	174	192	119	100
FMO1	0	0	0	0
FMO2	0	0	0	0
FMO3	0	0	0	0
FMO4	100	89	128	139
FMO5	261	231	521	458
FMO6P	0	0	0	0
FMO9P	32	22	12	13
FMOD	13	11	41	39
FMR1	3320	3068	2693	2707
FMR1-AS1	0	3	1	2
FMR1NB	0	0	0	1
FN1	11727	11887	46127	47455
FN3K	1532	1532	1698	1672
FN3KRP	2633	2602	2237	2170
FNBP1	1418	1352	1785	1632
FNBP1L	7097	6756	8647	8435
FNBP4	5927	6258	4995	4404
FNDC1	0	0	2	0
FNDC3A	15466	14865	37149	35700
FNDC3B	2808	2635	3430	3264
FNDC4	95	90	93	77
FNDC5	13	13	22	14
FNDC7	2	1	0	1
FNDC8	0	0	0	0
FNDC9	0	0	1	0
FNIP1	1730	1583	1366	1354
FNIP2	472	446	336	334
FNTA	1564	1496	1508	1459
FNTB	137	163	131	129
FOCAD	3880	3666	4338	4095
FOLH1	0	0	0	0
FOLH1B	0	1	0	0
FOLR1	12909	12714	13655	12975
FOLR2	2	1	1	0
FOLR3	35	40	25	23
FOLR4	9	11	0	3
FOPNL	2613	2505	1530	1538
FOS	1230	1111	2302	2166
FOSB	186	220	168	143
FOSL1	346	349	107	110
FOSL2	5670	5438	8540	7940
FOXA1	4439	4232	7900	7859
FOXA2	1	0	0	1
FOXA3	0	0	2	4
FOXB1	1	0	0	2
FOXB2	0	0	0	0
FOXC1	3185	2998	3515	3470
FOXC2	8	10	25	26
FOXD1	539	518	441	441
FOXD2	44	40	31	20
FOXD2-AS1	49	58	29	14
FOXD3	2	4	9	6
FOXD4	16	24	52	58
FOXD4L1	9	3	10	12
FOXD4L3	2	0	2	0
FOXD4L4	0	0	0	0
FOXD4L5	15	2	13	9
FOXD4L6	3	6	3	2
FOXE1	0	0	0	0
FOXE3	0	1	2	0
FOXF1	0	0	0	0
FOXF2	594	607	315	346
FOXG1	0	0	0	0
FOXH1	10	15	16	11
FOXI1	0	4	7	2
FOXI2	0	0	0	0
FOXI3	24	29	34	23
FOXJ1	22	23	5	7
FOXJ2	1665	1662	1608	1524
FOXJ3	3108	3189	3793	3670
FOXK1	4284	3741	2368	2494
FOXK2	4068	3990	3178	3113
FOXL1	52	57	18	23
FOXL2	231	250	172	185
FOXL2NB	304	288	318	269
FOXM1	12784	12369	3273	3056
FOXN1	117	110	41	38
FOXN2	1146	1048	607	612
FOXN3	2324	2150	1864	1873
FOXN3-AS1	55	55	59	61
FOXN3-AS2	0	0	0	0
FOXN4	0	1	2	2
FOXO1	2979	2858	3834	3755
FOXO3	5918	5555	6936	6695
FOXO3B	475	472	343	288
FOXO4	2778	2611	4877	4545
FOXO6	112	98	132	91
FOXP1	640	609	753	678
FOXP2	1	2	0	0
FOXP3	2	0	0	2
FOXP4	2014	2063	2378	2237
FOXQ1	526	560	1098	1017
FOXR1	0	1	0	0
FOXR2	0	0	0	0
FOXRED1	3707	3682	3538	3340
FOXRED2	2336	2478	1644	1511
FOXS1	3	0	0	1
FPGS	2832	2767	2416	2477
FPGT	1514	1395	1107	1148
FPGT-TNNI3K	0	0	1	0
FPR1	0	0	0	0
FPR2	0	0	0	0
FPR3	0	0	0	0
FRA10AC1	1012	967	648	681
FRAS1	991	804	1647	1664
FRAT1	264	309	372	331
FRAT2	2309	2208	2360	2191
FREM1	1	1	2	0
FREM2	529	534	854	886
FREM3	0	0	0	0
FRG1	1575	1540	1249	1333
FRG1B	1021	1125	1059	1081
FRG2	0	0	0	0
FRG2B	0	0	0	0
FRG2C	0	0	0	0
FRK	1059	937	1286	1215
FRMD1	0	0	0	0
FRMD3	43	66	681	744
FRMD4A	667	656	373	370
FRMD4B	1483	1384	1695	1568
FRMD5	822	806	622	642
FRMD6	4596	4443	2415	2383
FRMD6-AS1	29	27	38	38
FRMD6-AS2	0	0	0	0
FRMD7	2	0	0	1
FRMD8	5167	5113	10463	9953
FRMD8P1	0	0	0	0
FRMPD1	34	32	31	20
FRMPD2	987	947	136	104
FRMPD2P1	8	10	3	1
FRMPD3	10	10	14	9
FRMPD3-AS1	0	0	0	0
FRMPD4	1	3	5	4
FRRS1	532	542	283	234
FRRS1L	0	0	0	0
FRS2	2686	2640	2304	2343
FRS3	246	244	312	263
FRY	460	444	1343	1205
FRY-AS1	3	2	5	6
FRYL	3461	3095	3445	3313
FRZB	2	2	0	0
FSBP	0	0	0	0
FSCB	0	0	0	0
FSCN1	21986	22923	11931	11696
FSCN2	58	54	116	142
FSCN3	2	3	1	1
FSD1	0	1	1	0
FSD1L	378	399	286	285
FSD2	3	1	2	3
FSHB	0	0	0	0
FSHR	0	0	0	0
FSIP1	71	97	26	19
FSIP2	0	1	0	2
FST	189	182	69	44
FSTL1	11116	11174	11233	11097
FSTL3	6564	7099	16677	15601
FSTL4	9	12	4	1
FSTL5	1	2	3	1
FTCD	0	0	0	0
FTCDNL1	12	7	18	14
FTH1	223301	212564	132694	130586
FTH1P18	0	0	0	0
FTH1P3	5	3	2	2
FTHL17	0	0	0	0
FTL	33555	31014	14343	13855
FTLP10	0	0	0	0
FTMT	0	0	0	0
FTO	2276	2299	1960	1950
FTO-IT1	9	6	11	3
FTSJ1	3367	3286	3328	3235
FTSJ2	3215	3185	2640	2543
FTSJ3	3686	3664	3232	3276
FTX	48	27	51	32
FUBP1	7041	6867	5661	5466
FUBP3	5156	4866	4146	4206
FUCA1	724	664	5724	5497
FUCA2	13318	13269	18014	17521
FUK	795	747	917	802
FUNDC1	1006	938	969	946
FUNDC2	2221	2142	2614	2564
FUNDC2P2	1	0	0	0
FUOM	0	0	0	0
FURIN	6776	6698	15679	14527
FUS	16914	17189	9710	9409
FUT1	577	615	511	469
FUT10	366	311	271	293
FUT11	743	650	896	793
FUT2	411	354	1248	1206
FUT3	2375	2190	5917	5523
FUT4	201	194	469	457
FUT5	0	1	0	1
FUT6	5	4	17	15
FUT7	0	0	1	1
FUT8	1635	1522	1618	1578
FUT8-AS1	17	20	34	29
FUT9	60	54	67	73
FUZ	430	414	604	579
FXN	859	830	730	707
FXR1	6768	6582	5154	5020
FXR2	2361	2209	2250	2237
FXYD1	1	1	1	1
FXYD2	7	2	15	16
FXYD3	37254	35493	44917	42945
FXYD4	26	22	290	225
FXYD5	8367	8206	12754	11749
FXYD6	5	4	7	5
FXYD6-FXYD2	0	0	0	0
FXYD7	0	0	0	0
FYB	4340	3865	4398	4099
FYCO1	2456	2284	2836	2736
FYN	445	419	494	456
FYTTD1	6312	6066	6020	6054
FZD1	1217	1243	3278	3060
FZD10	1121	1062	1672	1604
FZD10-AS1	476	394	926	768
FZD2	1436	1497	1902	1947
FZD3	1020	939	931	949
FZD4	282	261	435	409
FZD5	615	619	815	866
FZD6	13497	12764	4893	4728
FZD7	538	513	1039	1007
FZD8	304	299	518	450
FZD9	13	16	8	12
FZR1	2921	2843	2170	2105
G0S2	0	1	0	0
G2E3	3451	3149	1467	1429
G3BP1	10589	10053	6173	5926
G3BP2	12807	12560	12396	12526
G6PC	0	0	1	1
G6PC2	0	1	0	1
G6PC3	4476	4510	5549	5246
G6PD	12804	12023	6908	6774
GAA	13362	13201	15872	14788
GAB1	1403	1327	1178	1139
GAB2	1161	1218	1834	1823
GAB3	6	1	8	6
GAB4	0	0	0	0
GABARAP	6252	5773	7945	7412
GABARAPL1	7313	7159	10905	10791
GABARAPL2	3243	3015	3880	3906
GABARAPL3	2	5	0	4
GABBR1	903	947	1330	981
GABBR2	96	118	319	325
GABPA	3151	2970	2166	2099
GABPB1	1369	1321	920	957
GABPB1-AS1	394	345	273	255
GABPB2	363	380	349	311
GABRA1	0	0	0	0
GABRA2	0	0	3	0
GABRA3	265	228	386	328
GABRA4	0	0	1	0
GABRA5	0	0	0	0
GABRA6	0	0	0	0
GABRB1	0	0	1	0
GABRB2	0	0	0	0
GABRB3	0	0	0	0
GABRD	0	0	0	0
GABRE	41	39	43	50
GABRG1	1	0	0	0
GABRG2	0	1	0	0
GABRG3	0	0	0	0
GABRP	20	21	74	68
GABRQ	11	15	7	3
GABRR1	1	0	0	0
GABRR2	8	12	19	16
GABRR3	0	0	0	0
GAD1	730	735	692	608
GAD2	0	0	0	0
GADD45A	916	969	609	594
GADD45B	841	735	964	938
GADD45G	65	57	34	50
GADD45GIP1	1352	1394	1102	1201
GADL1	0	1	2	0
GAGE1	0	0	0	0
GAGE10	1	1	0	0
GAGE12B	0	0	0	0
GAGE12C	0	0	0	0
GAGE12D	0	0	0	0
GAGE12E	0	0	0	0
GAGE12F	0	0	0	0
GAGE12G	0	0	0	0
GAGE12H	0	0	0	0
GAGE12I	0	0	0	0
GAGE12J	0	0	0	0
GAGE13	0	0	0	0
GAGE2A	0	0	0	0
GAGE2B	0	0	0	0
GAGE2C	0	0	0	0
GAGE2D	0	0	0	0
GAGE2E	0	0	0	0
GAGE4	0	0	0	0
GAGE5	0	0	0	0
GAGE6	0	0	0	0
GAGE7	0	0	0	0
GAGE8	0	0	0	0
GAK	5179	5186	6553	6176
GAL	431	459	275	227
GAL3ST1	0	0	0	0
GAL3ST2	10	13	31	30
GAL3ST3	2	0	1	3
GAL3ST4	60	53	26	24
GALC	191	200	719	639
GALE	1023	1011	1222	1046
GALK1	647	609	597	553
GALK2	876	866	954	895
GALM	760	689	1030	990
GALNS	1398	1366	2851	2725
GALNT1	14756	14653	13909	13720
GALNT10	1412	1322	2330	2298
GALNT11	2448	2362	2147	2098
GALNT12	3109	2948	17136	16360
GALNT13	12	15	6	9
GALNT14	6	7	8	12
GALNT15	7	3	10	4
GALNT16	5	6	15	11
GALNT18	926	997	1174	1148
GALNT2	11413	11284	24642	23610
GALNT3	5559	5078	5237	5142
GALNT4	31	40	136	105
GALNT5	1572	1445	3240	3016
GALNT6	4147	4000	4738	4406
GALNT7	1872	1892	2312	2308
GALNT8	0	1	1	0
GALNT9	0	1	0	0
GALNTL5	0	0	0	0
GALNTL6	0	0	0	0
GALP	0	0	0	0
GALR1	0	0	0	0
GALR2	13	15	11	18
GALR3	1	0	1	1
GALT	1070	1068	1201	1100
GAMT	1070	1051	696	665
GAN	706	663	610	574
GANAB	44772	42434	48425	45932
GANC	1421	1398	1160	1098
GAP43	0	0	0	0
GAPDH	346165	333422	318269	314831
GAPDHS	0	3	0	0
GAPT	2	3	23	21
GAPVD1	4217	4015	3850	3705
GAR1	1357	1366	842	880
GAREM	797	708	1291	1314
GAREML	5	10	8	5
GARNL3	56	38	74	59
GARS	17059	16501	9675	9808
GART	8772	8287	5017	4882
GAS1	401	397	223	212
GAS2	1	1	2	4
GAS2L1	1950	1985	1930	1752
GAS2L1P2	9	9	1	6
GAS2L2	4	5	10	12
GAS2L3	1054	1053	182	155
GAS5	7422	6822	3630	3814
GAS5-AS1	15	10	17	17
GAS6	15494	15294	25974	24326
GAS6-AS1	82	93	21	19
GAS6-AS2	188	183	275	281
GAS7	656	623	504	455
GAS8	2411	2237	2116	1896
GAST	68	68	154	187
GATA1	1	0	0	0
GATA2	1384	1503	2912	2740
GATA3	1141	1108	1341	1207
GATA3-AS1	3	5	3	2
GATA4	0	0	0	0
GATA5	0	3	0	0
GATA6	488	547	531	529
GATA6-AS1	21	20	29	23
GATAD1	2655	2721	3044	2992
GATAD2A	4043	3910	3537	3537
GATAD2B	1819	1888	1643	1535
GATC	2073	2025	1670	1688
GATM	10	18	5	9
GATS	1025	958	1163	1032
GATSL2	542	549	712	622
GATSL3	143	124	151	126
GBA	3748	3738	6613	5985
GBA2	3924	4007	4942	4440
GBA3	0	0	0	1
GBAP1	151	134	136	112
GBAS	13359	12596	13454	13958
GBE1	4251	3911	4060	4003
GBF1	5643	5167	5942	5766
GBGT1	144	115	296	301
GBP1	650	593	362	399
GBP1P1	0	1	1	2
GBP2	772	761	1771	1621
GBP3	3517	3282	7783	7631
GBP4	198	183	403	372
GBP5	3	1	1	0
GBP6	6	8	5	4
GBP7	0	0	0	0
GBX1	0	0	0	1
GBX2	32	26	15	12
GC	0	0	0	0
GCA	328	305	410	408
GCAT	1409	1344	890	868
GCC1	2354	2194	2188	2071
GCC2	2711	2742	3325	3115
GCDH	1341	1404	1036	1028
GCFC2	1288	1314	976	960
GCG	0	0	1	2
GCGR	0	0	0	1
GCH1	1031	1038	1387	1325
GCHFR	399	343	379	370
GCK	1	0	0	1
GCKR	3	2	2	0
GCLC	6317	6338	4212	4180
GCLM	7343	6965	4315	4312
GCM1	1	1	2	1
GCM2	6	6	6	6
GCN1L1	10188	9123	7579	7669
GCNT1	2192	2230	1809	1792
GCNT2	497	507	468	399
GCNT3	134	125	1010	967
GCNT4	428	425	202	195
GCNT7	0	0	0	1
GCOM1	25	25	44	34
GCSAM	344	338	57	57
GCSAML	0	0	0	0
GCSAML-AS1	0	0	0	0
GCSH	4202	4013	2505	2542
GCSHP3	210	166	383	398
GDA	1272	1243	2432	2318
GDAP1	1316	1350	932	880
GDAP1L1	1	0	0	0
GDAP2	1017	940	1086	1013
GDE1	5437	5673	8538	8420
GDF1	0	0	0	0
GDF10	0	0	0	0
GDF11	852	799	690	594
GDF15	918	917	1801	1714
GDF2	0	0	0	0
GDF3	0	0	0	0
GDF5	0	0	0	0
GDF6	1109	1071	155	149
GDF7	0	0	0	0
GDF9	23	31	15	15
GDI1	2806	2946	3867	3419
GDI2	19413	18789	15486	15781
GDNF	4	4	3	3
GDNF-AS1	0	1	0	1
GDPD1	185	161	199	218
GDPD2	8	21	17	15
GDPD3	212	190	532	510
GDPD4	0	0	0	0
GDPD5	3683	3620	5001	4628
GDPGP1	213	261	273	275
GEM	56	66	39	40
GEMIN2	654	625	271	303
GEMIN4	3573	3513	1876	1792
GEMIN5	1995	1879	1129	1175
GEMIN6	878	855	552	561
GEMIN7	791	813	794	753
GEMIN8	1227	1142	1106	1140
GEMIN8P4	40	48	94	72
GEN1	3335	3120	1564	1512
GET4	2497	2519	2811	2636
GFAP	0	0	1	0
GFER	1341	1273	1238	1371
GFI1	15	25	14	16
GFI1B	0	0	0	0
GFM1	5778	5502	3919	4155
GFM2	4849	4650	5578	5512
GFOD1	416	449	593	568
GFOD2	744	691	903	854
GFPT1	3556	3474	5243	5422
GFPT2	100	103	179	157
GFRA1	3	1	0	1
GFRA2	0	0	0	0
GFRA3	7	2	1	1
GFRA4	0	0	0	0
GFRAL	0	0	0	0
GFY	10	8	3	4
GGA1	2717	2779	3039	2883
GGA2	3216	3313	3738	3636
GGA3	2114	2169	2458	2254
GGACT	194	200	249	200
GGCT	8365	7992	5043	5208
GGCX	2143	2128	2818	2661
GGH	1465	1461	1144	1231
GGN	4	11	42	40
GGNBP1	0	0	0	0
GGNBP2	4456	4454	4397	4245
GGPS1	2395	2109	2471	2507
GGT1	110	115	75	83
GGT3P	7	8	15	9
GGT5	0	0	0	0
GGT6	4670	4590	6692	6527
GGT7	847	869	1068	954
GGT8P	0	1	0	0
GGTA1P	0	2	1	2
GGTLC1	0	0	2	0
GGTLC2	0	1	2	0
GH1	0	0	0	0
GH2	0	0	0	0
GHDC	1548	1667	2554	2359
GHITM	27438	25927	32101	33160
GHR	52	45	4	11
GHRH	0	0	0	1
GHRHR	0	0	0	0
GHRL	1	3	1	2
GHRLOS	25	18	30	12
GHSR	0	0	1	1
GID4	970	923	825	839
GID8	6202	6001	5178	5058
GIF	0	0	0	0
GIGYF1	3250	3449	3569	3041
GIGYF2	5026	4695	4420	4313
GIMAP1	0	0	1	0
GIMAP1-GIMAP5	0	0	0	0
GIMAP2	345	343	340	336
GIMAP4	0	0	0	0
GIMAP5	0	0	0	0
GIMAP6	0	1	0	0
GIMAP7	0	0	2	0
GIMAP8	2	0	1	1
GIMD1	0	0	1	0
GIN1	440	366	318	303
GINM1	3134	3098	5727	5449
GINS1	890	892	334	345
GINS2	2125	2180	876	990
GINS3	931	895	497	452
GINS4	1170	1214	535	627
GIP	2	2	2	1
GIPC1	5603	5385	6707	6849
GIPC2	0	3	4	7
GIPC3	0	0	3	2
GIPR	80	87	200	152
GIT1	3474	3472	3066	2745
GIT2	2833	2695	3397	3314
GJA1	0	0	0	0
GJA10	0	0	0	1
GJA3	3	7	3	3
GJA4	7	7	2	3
GJA5	243	290	425	461
GJA8	0	0	0	2
GJA9	0	0	0	0
GJA9-MYCBP	4	3	6	4
GJB1	1	2	45	39
GJB2	72	64	294	289
GJB3	3494	3205	3000	2926
GJB4	833	777	1295	1221
GJB5	2406	2303	1988	1924
GJB6	0	1	0	0
GJB7	283	233	226	216
GJC1	1675	1656	1018	968
GJC2	8	6	14	25
GJC3	21	13	14	8
GJD2	0	0	0	0
GJD3	5	3	2	4
GJD4	0	0	0	0
GK	641	633	366	383
GK2	0	0	0	0
GK3P	1	0	0	0
GK5	2451	2495	2804	2687
GKAP1	255	278	289	291
GKN1	5	2	3	1
GKN2	276	283	2387	2418
GLA	2992	2947	3365	3251
GLB1	7583	7410	12990	12149
GLB1L	292	332	605	559
GLB1L2	96	113	61	43
GLB1L3	1	1	1	0
GLCCI1	994	1025	1070	1016
GLCE	1456	1375	1614	1529
GLDC	5172	4854	2315	2203
GLDN	48	45	9	8
GLE1	5073	4767	3460	3391
GLG1	9196	8762	13637	13063
GLI1	14	14	4	2
GLI2	11	17	13	14
GLI3	1125	1049	309	284
GLI4	502	590	668	574
GLIDR	835	818	534	539
GLIPR1	1355	1361	2285	2283
GLIPR1L1	0	0	0	0
GLIPR1L2	30	19	58	52
GLIPR2	110	104	113	131
GLIS1	10	10	15	14
GLIS2	1396	1373	1542	1410
GLIS3	92	71	92	87
GLIS3-AS1	0	0	0	0
GLMN	918	969	723	717
GLO1	11836	11325	7994	8334
GLOD4	3685	3590	3361	3371
GLOD5	7	9	20	24
GLP1R	1	1	0	0
GLP2R	561	543	545	561
GLRA1	0	0	0	0
GLRA2	0	1	4	0
GLRA3	3	6	9	6
GLRA4	0	1	0	0
GLRB	557	570	617	597
GLRX	699	663	2528	2450
GLRX2	794	838	763	795
GLRX3	8060	7818	5039	5269
GLRX5	2320	2218	1996	2076
GLS	3935	3676	4575	4503
GLS2	1282	1195	431	409
GLT1D1	0	0	0	0
GLT6D1	0	0	0	0
GLT8D1	2343	2346	3423	3196
GLT8D2	667	568	595	555
GLTP	3642	3468	3407	3330
GLTPD1	881	893	1223	1183
GLTPD2	24	24	50	61
GLTSCR1	481	497	495	446
GLTSCR1L	2218	2202	1778	1624
GLTSCR2	6532	6276	4453	4348
GLUD1	10206	9805	8404	8237
GLUD1P3	115	120	145	101
GLUD1P7	11	9	7	7
GLUD2	26	27	17	18
GLUL	58879	56894	131460	128041
GLYAT	0	0	1	0
GLYATL1	0	1	0	0
GLYATL2	2	1	2	2
GLYATL3	0	0	0	0
GLYCAM1	0	0	0	0
GLYCTK	240	230	126	128
GLYR1	5842	5497	5410	5211
GM140	0	0	1	0
GM2A	28537	27461	34100	32851
GMCL1	1931	1831	1638	1597
GMCL1P1	0	1	1	2
GMDS	1970	1837	2136	2190
GMDS-AS1	49	50	62	80
GMEB1	555	494	353	363
GMEB2	1704	1661	1402	1358
GMFB	6064	6164	7986	8250
GMFG	7	6	5	8
GMIP	1083	1053	1040	923
GML	0	0	0	0
GMNC	0	0	0	0
GMNN	3387	3333	2208	2175
GMPPA	1829	1744	1890	1806
GMPPB	874	843	826	830
GMPR	35	50	32	41
GMPR2	4520	4275	4342	4442
GMPS	5358	5154	3514	3575
GNA11	4035	4182	4776	4757
GNA12	2371	2157	2172	2108
GNA13	3858	3763	2171	2191
GNA14	0	6	2	2
GNA15	1752	1608	1366	1236
GNAI1	1747	1604	841	830
GNAI2	9747	9304	8292	7938
GNAI3	7537	7262	5101	5185
GNAL	2219	2182	803	829
GNAO1	929	905	942	880
GNAQ	6048	5797	5793	5715
GNAS	36627	35763	42914	42016
GNAS-AS1	0	0	0	1
GNAT1	5	9	11	8
GNAT2	4	6	2	1
GNAT3	0	0	1	2
GNAZ	25	13	6	12
GNB1	8643	8398	8929	8693
GNB1L	214	175	129	115
GNB2	7722	7370	7547	7142
GNB2L1	50322	47561	28617	28118
GNB3	0	0	1	0
GNB4	1215	1218	625	616
GNB5	1651	1664	1795	1738
GNE	896	906	1113	1190
GNG10	1172	1184	1341	1380
GNG11	84	104	240	234
GNG12	6411	5991	6367	6268
GNG12-AS1	5	7	4	5
GNG13	0	4	14	7
GNG2	2	3	0	2
GNG3	14	16	14	12
GNG4	9	2	9	3
GNG5	3733	3747	4316	4255
GNG7	71	59	100	84
GNG8	0	0	0	0
GNGT1	10	10	5	8
GNGT2	0	0	0	0
GNL1	6866	6786	5454	5215
GNL2	4075	3967	3160	3162
GNL3	6985	7130	5801	5660
GNL3L	1884	1929	1696	1592
GNLY	284	286	759	658
GNMT	14	10	3	6
GNN	43	46	21	23
GNPAT	2996	2796	2387	2482
GNPDA1	2765	2619	1570	1549
GNPDA2	906	840	763	871
GNPNAT1	8422	8358	6522	6600
GNPTAB	6353	6173	5776	5756
GNPTG	2432	2527	6101	5981
GNRH1	50	54	51	35
GNRH2	3	1	0	0
GNRHR	4	1	0	0
GNRHR2	31	32	49	44
GNS	10207	9728	19751	18403
GOLGA1	2616	2458	1773	1725
GOLGA2	6348	6173	8281	8029
GOLGA2P2Y	0	0	0	0
GOLGA2P3Y	0	0	0	0
GOLGA2P5	645	693	631	560
GOLGA2P7	1365	1336	1296	1159
GOLGA2P9	0	0	0	0
GOLGA3	3770	3574	5087	5131
GOLGA4	12124	11771	11684	11363
GOLGA5	3678	3368	4406	4430
GOLGA6A	1	0	1	2
GOLGA6B	3	5	3	2
GOLGA6C	4	9	5	5
GOLGA6D	0	0	1	0
GOLGA6L1	0	0	0	0
GOLGA6L10	29	35	18	26
GOLGA6L17P	38	42	62	47
GOLGA6L22	0	1	1	0
GOLGA6L4	95	114	160	137
GOLGA6L5P	228	249	298	265
GOLGA6L6	0	0	0	0
GOLGA6L7P	0	0	0	0
GOLGA6L9	74	60	44	59
GOLGA7	1489	1409	1625	1618
GOLGA7B	113	122	203	204
GOLGA8A	2729	3046	4705	3950
GOLGA8B	1333	1559	2035	1721
GOLGA8CP	0	0	0	0
GOLGA8DP	0	0	0	0
GOLGA8EP	0	0	0	0
GOLGA8F	0	0	0	0
GOLGA8G	0	0	0	0
GOLGA8H	36	40	22	18
GOLGA8I	2	3	2	1
GOLGA8J	0	1	0	0
GOLGA8K	0	0	0	1
GOLGA8M	13	12	57	46
GOLGA8N	173	171	216	187
GOLGA8O	0	3	0	1
GOLGA8R	23	28	30	15
GOLGA8S	12	11	4	12
GOLGA8T	3	1	2	2
GOLGB1	9808	9103	11201	10674
GOLIM4	2620	2595	2234	2048
GOLM1	7285	7175	16088	15393
GOLPH3	14692	14195	16289	16250
GOLPH3L	2586	2360	3352	3447
GOLT1A	106	110	151	135
GOLT1B	2286	2167	2159	2179
GON4L	2624	2442	2280	2047
GOPC	9086	8494	5388	5195
GORAB	507	540	452	449
GORASP1	3998	3960	5343	4938
GORASP2	6714	6665	8386	8012
GOSR1	3989	3896	3502	3344
GOSR2	2481	2399	2798	2733
GOT1	9101	8342	7977	7770
GOT1L1	0	0	0	0
GOT2	13575	13112	13819	13504
GP1BA	0	0	0	0
GP1BB	0	0	0	0
GP2	3	1	0	0
GP5	2	1	3	1
GP6	29	19	132	119
GP9	0	0	0	0
GPA33	3	11	5	2
GPAA1	13597	13598	18462	17289
GPALPP1	1250	1218	929	903
GPAM	1443	1407	1179	1088
GPANK1	1018	957	883	874
GPAT2	0	1	6	5
GPATCH1	831	764	634	617
GPATCH11	935	854	451	475
GPATCH2	535	515	452	443
GPATCH2L	2278	2078	2140	1954
GPATCH3	429	375	319	277
GPATCH4	2258	2259	1568	1459
GPATCH8	4679	4605	4153	4040
GPBAR1	1	5	2	4
GPBP1	6612	6491	5415	5602
GPBP1L1	6445	6204	6000	5703
GPC1	15868	15968	10764	10172
GPC2	93	80	205	174
GPC3	1	2	8	5
GPC4	1736	1619	2072	1978
GPC5	0	0	1	2
GPC5-AS1	0	0	0	0
GPC5-AS2	0	0	0	0
GPC6	54	48	86	79
GPC6-AS1	0	0	0	0
GPC6-AS2	0	0	0	0
GPCPD1	2131	1881	2120	2014
GPD1	33	44	203	244
GPD1L	6133	6109	3951	3744
GPD2	3146	3018	3428	3356
GPER1	13	8	4	3
GPHA2	0	0	2	0
GPHB5	0	0	0	0
GPHN	1461	1476	900	853
GPI	35459	33917	36943	36102
GPIHBP1	1	0	0	1
GPKOW	1174	1128	922	934
GPLD1	285	269	414	399
GPM6A	8	10	5	12
GPM6B	9	6	8	3
GPN1	2723	2674	2095	2098
GPN2	545	540	487	446
GPN3	1521	1485	1330	1342
GPNMB	101	84	76	86
GPR1	387	372	322	329
GPR1-AS	0	0	0	0
GPR101	0	0	0	0
GPR107	9930	9277	14156	13499
GPR108	5286	5207	7337	6790
GPR110	1016	1021	3604	3391
GPR111	2	6	5	1
GPR112	5	1	3	1
GPR113	19	11	22	6
GPR114	11	10	6	4
GPR115	1645	1552	2667	2466
GPR116	56	75	48	45
GPR119	0	0	0	0
GPR12	43	28	129	125
GPR123	0	0	0	0
GPR124	35	22	26	24
GPR125	4385	4150	2980	3009
GPR126	7003	6632	5313	5139
GPR128	3	0	0	0
GPR132	68	72	109	111
GPR133	10	12	154	126
GPR135	35	27	20	22
GPR137	2645	2652	3349	3102
GPR137B	419	424	786	747
GPR137C	45	58	116	95
GPR139	0	0	0	0
GPR141	33	33	19	27
GPR142	0	0	0	0
GPR143	6	10	29	31
GPR146	22	23	46	40
GPR148	0	0	0	0
GPR149	0	0	0	0
GPR15	0	0	0	0
GPR150	0	0	0	0
GPR151	0	0	0	0
GPR152	0	0	0	1
GPR153	384	399	571	503
GPR155	476	493	925	915
GPR156	11	13	16	8
GPR157	57	65	91	82
GPR158	10	9	6	1
GPR158-AS1	0	0	0	0
GPR160	317	326	578	585
GPR161	1251	1138	1911	1891
GPR162	0	0	0	0
GPR17	0	2	0	0
GPR171	0	0	0	0
GPR173	16	24	10	13
GPR174	0	0	0	0
GPR176	2466	2560	4446	4416
GPR179	2	2	6	4
GPR18	0	0	0	0
GPR180	2593	2516	2254	2103
GPR182	0	0	0	0
GPR183	0	0	2	6
GPR19	147	145	90	73
GPR20	0	1	3	0
GPR21	0	1	0	1
GPR22	0	0	0	0
GPR25	1	1	0	1
GPR26	0	0	2	1
GPR27	25	23	28	23
GPR3	4	7	0	1
GPR31	0	0	0	0
GPR32	0	0	0	0
GPR33	0	0	0	0
GPR34	0	0	0	1
GPR35	13	15	54	26
GPR37	86	61	149	124
GPR37L1	48	40	59	40
GPR39	739	719	799	773
GPR4	1	0	4	1
GPR45	0	0	0	0
GPR50	0	0	1	0
GPR52	0	1	0	1
GPR55	0	0	0	0
GPR56	15517	15336	22247	20849
GPR6	0	0	0	0
GPR61	0	0	0	0
GPR62	1	0	0	0
GPR63	39	33	21	22
GPR64	21	17	11	7
GPR65	1	0	2	0
GPR68	3	4	1	1
GPR75	104	95	57	42
GPR75-ASB3	0	0	0	0
GPR78	71	64	343	298
GPR82	9	13	10	10
GPR83	6	4	6	1
GPR84	5	2	2	0
GPR85	397	352	74	81
GPR87	3585	3459	1880	1843
GPR88	0	0	0	0
GPR89A	377	400	411	348
GPR89B	187	180	156	184
GPR97	8	16	25	20
GPR98	182	172	130	139
GPRASP1	49	46	65	77
GPRASP2	18	22	13	4
GPRC5A	63613	65157	325277	304113
GPRC5B	137	150	147	130
GPRC5C	2137	2060	4662	4236
GPRC5D	0	1	0	1
GPRC6A	0	0	0	0
GPRIN1	164	161	145	147
GPRIN2	586	512	318	326
GPRIN3	3	2	3	1
GPS1	4419	4414	4333	4236
GPS2	2588	2510	2700	2566
GPSM1	329	351	481	453
GPSM2	4720	4235	1222	1164
GPSM3	248	219	320	385
GPT	26	20	30	24
GPT2	2861	2874	1551	1602
GPX1	12001	11302	12920	13068
GPX2	2091	2099	343	352
GPX3	273	258	241	228
GPX4	7523	7281	7369	7144
GPX5	0	0	0	0
GPX6	0	0	0	0
GPX7	65	40	64	66
GPX8	4083	4063	5141	5193
GRAMD1A	4197	4140	11003	9676
GRAMD1B	9236	9000	40098	38060
GRAMD1C	1251	1046	1501	1485
GRAMD2	1279	1260	1838	1715
GRAMD3	2077	2107	1955	1960
GRAMD4	2052	1906	1969	1809
GRAP	0	0	1	0
GRAP2	0	0	0	0
GRAPL	0	0	0	0
GRASP	11	9	11	5
GRB10	710	624	460	441
GRB14	10	14	4	6
GRB2	6262	6103	6161	5817
GRB7	1163	1067	1128	1030
GREB1	7	11	1	3
GREB1L	433	390	337	336
GREM1	0	0	1	0
GREM2	1	0	2	1
GRHL1	2534	2484	3000	2886
GRHL2	6389	5904	6066	5864
GRHL3	47	40	6	5
GRHPR	5599	5361	6322	6190
GRIA1	3	1	6	2
GRIA2	1	2	3	0
GRIA3	0	1	0	0
GRIA4	0	0	0	0
GRID1	12	6	3	3
GRID1-AS1	0	0	0	1
GRID2	0	0	0	0
GRID2IP	16	21	21	31
GRIFIN	0	0	0	0
GRIK1	0	0	0	0
GRIK1-AS1	0	0	0	0
GRIK1-AS2	0	2	1	2
GRIK2	3	4	22	17
GRIK3	0	0	0	0
GRIK4	0	0	0	2
GRIK5	51	41	43	39
GRIN1	0	0	3	3
GRIN2A	0	1	2	1
GRIN2B	0	0	0	0
GRIN2C	11	9	4	4
GRIN2D	36	37	38	28
GRIN3A	0	0	1	1
GRIN3B	11	10	23	25
GRINA	13508	13483	18360	16554
GRIP1	211	157	206	180
GRIP2	1	2	1	0
GRIPAP1	1787	1755	1905	1663
GRK1	0	2	0	1
GRK4	76	82	122	116
GRK5	350	366	247	229
GRK6	1776	1740	1093	1107
GRK7	10	8	2	7
GRM1	7	5	9	6
GRM2	4	6	10	9
GRM3	0	1	0	0
GRM4	63	59	15	20
GRM5	0	1	0	2
GRM5-AS1	0	0	0	0
GRM6	0	0	0	1
GRM7	0	0	0	0
GRM8	1	0	1	2
GRN	15494	15139	29766	27197
GRP	0	0	0	0
GRPEL1	2642	2584	2432	2333
GRPEL2	1700	1639	869	956
GRPR	11	8	11	14
GRSF1	10208	9688	9595	9685
GRTP1	980	961	716	702
GRTP1-AS1	0	0	0	1
GRWD1	2614	2650	1733	1646
GRXCR1	0	0	0	0
GRXCR2	0	0	0	0
GS1-18A18.1	0	0	0	0
GS1-24F4.2	4	11	2	1
GS1-259H13.2	19	22	10	18
GS1-279B7.1	0	0	0	0
GS1-600G8.3	0	0	0	0
GSAP	759	692	1063	900
GSC	0	0	0	0
GSC2	0	0	0	0
GSDMA	0	0	0	0
GSDMB	112	124	206	196
GSDMC	2137	1924	2024	1852
GSDMD	4241	4013	5253	5001
GSE1	7241	6853	7180	6805
GSG1	0	0	2	3
GSG1L	0	1	0	0
GSG2	1081	1097	395	362
GSK3A	3393	3340	3238	3132
GSK3B	7235	7020	6600	6612
GSKIP	2517	2462	3639	3679
GSN	14939	13717	12375	12154
GSN-AS1	1	1	2	2
GSPT1	9377	9188	7712	7686
GSPT2	332	323	449	466
GSR	1353	1322	1733	1641
GSS	5335	5195	5160	5007
GSTA1	4	11	7	7
GSTA2	3	0	8	6
GSTA3	3	2	1	6
GSTA4	102	76	197	186
GSTA5	0	0	0	0
GSTA7P	0	0	2	4
GSTCD	2252	2296	1338	1286
GSTK1	13385	12994	30870	29586
GSTM1	2	0	3	2
GSTM2	89	96	146	127
GSTM2P1	0	0	0	0
GSTM3	130	128	101	99
GSTM4	2543	2351	2400	2473
GSTM5	0	0	0	0
GSTO1	5282	5095	4332	4461
GSTO2	777	754	491	527
GSTP1	42027	38775	15906	15819
GSTT1	1826	1772	2591	2475
GSTT2	9	5	6	0
GSTT2B	0	0	0	0
GSTTP1	0	0	0	0
GSTTP2	0	0	0	1
GSTZ1	687	713	712	667
GSX1	0	0	0	0
GSX2	0	0	0	0
GTDC1	980	1003	1334	1297
GTF2A1	3242	3105	2560	2551
GTF2A1L	0	0	0	1
GTF2A2	2513	2483	3378	3351
GTF2B	1631	1553	1649	1668
GTF2E1	905	868	626	658
GTF2E2	1017	927	826	809
GTF2F1	4518	4346	3644	3561
GTF2F2	3407	3303	2934	3050
GTF2H1	3612	3586	2723	2734
GTF2H2	290	298	188	196
GTF2H2B	831	862	616	614
GTF2H2C	13	6	7	6
GTF2H2C_2	170	129	103	94
GTF2H3	2556	2464	1392	1450
GTF2H4	1556	1471	973	873
GTF2H5	900	894	903	892
GTF2I	6838	6913	5460	5181
GTF2IP1	0	2	0	0
GTF2IRD1	1884	1831	1820	1740
GTF2IRD1P1	1	2	4	6
GTF2IRD2	273	282	395	380
GTF2IRD2B	0	0	0	0
GTF3A	5488	5284	5205	5091
GTF3C1	6731	6246	6007	5657
GTF3C2	5082	4942	4199	3973
GTF3C2-AS1	0	0	0	0
GTF3C3	3063	2819	2595	2547
GTF3C4	2249	2209	1413	1498
GTF3C5	3686	3585	2511	2444
GTF3C6	3474	3387	3206	3135
GTPBP1	2854	2927	3039	2954
GTPBP10	1372	1396	995	981
GTPBP2	4661	4597	4275	3782
GTPBP3	1142	1147	833	736
GTPBP4	5662	5655	4375	4388
GTPBP6	0	0	0	0
GTPBP8	1633	1584	1276	1320
GTSCR1	0	0	0	0
GTSE1	3437	3365	903	885
GTSE1-AS1	11	16	3	10
GTSF1	0	0	0	0
GTSF1L	0	0	0	0
GUCA1A	1	0	2	2
GUCA1B	14	21	15	10
GUCA1C	3	2	0	1
GUCA2A	0	0	0	0
GUCA2B	0	0	2	3
GUCD1	4041	3804	3800	3596
GUCY1A2	1	1	1	1
GUCY1A3	1	0	0	0
GUCY1B2	73	54	111	134
GUCY1B3	4	3	9	7
GUCY2C	2	1	36	40
GUCY2D	42	36	30	28
GUCY2EP	7	2	0	0
GUCY2F	1	1	1	2
GUCY2GP	0	1	1	1
GUF1	3740	3566	2673	2631
GUK1	5198	5170	6048	5840
GULP1	884	803	964	976
GUSB	3913	3774	4702	4563
GUSBP1	348	404	335	321
GUSBP10	0	0	0	0
GUSBP11	743	853	1007	843
GUSBP2	114	107	79	66
GUSBP3	3	3	3	2
GUSBP4	46	53	49	48
GUSBP5	93	96	60	60
GUSBP9	0	3	2	0
GVINP1	77	72	42	48
GXYLT1	2168	2046	1360	1404
GXYLT2	150	133	57	63
GYG1	2627	2482	2363	2129
GYG2	28	49	45	53
GYG2P1	0	0	0	0
GYLTL1B	663	647	386	331
GYPA	0	0	0	0
GYPB	0	0	0	0
GYPC	678	627	688	657
GYPE	0	0	0	0
GYS1	6226	6066	7385	6956
GYS2	3	1	0	0
GZF1	774	740	570	539
GZMA	0	0	1	1
GZMB	0	0	0	0
GZMH	0	0	0	0
GZMK	0	0	0	0
GZMM	0	1	3	1
H19	1020	932	154	158
H1F0	3634	3400	3653	3429
H1FNT	0	0	0	0
H1FOO	0	0	0	0
H1FX	2771	2772	1877	1820
H1FX-AS1	90	128	48	53
H2AFB1	0	0	0	0
H2AFB2	0	0	0	0
H2AFB3	0	0	0	0
H2AFJ	1175	1102	1590	1592
H2AFV	14361	13547	9069	8971
H2AFX	9047	9458	3983	3962
H2AFY	14005	13498	11247	11043
H2AFY2	1258	1348	903	890
H2AFZ	25720	24591	9522	9904
H2BFM	1	1	1	0
H2BFWT	0	1	0	1
H2BFXP	0	1	2	2
H3F3A	13	8	9	8
H3F3AP4	0	0	0	0
H3F3B	17528	16928	14568	14173
H3F3C	1	2	1	2
H6PD	1707	1597	4009	3715
HAAO	0	0	0	0
HABP2	0	0	0	0
HABP4	593	588	699	702
HACE1	1573	1442	1073	1076
HACL1	861	875	675	685
HADH	6733	6473	4237	4361
HADHA	12551	12171	12942	12997
HADHB	8756	8257	11836	11685
HAGH	2007	1843	2452	2420
HAGHL	613	622	1019	1014
HAGLR	45	50	50	53
HAL	79	73	220	183
HAMP	0	0	2	0
HAND1	5	7	11	5
HAND2	0	0	0	0
HAND2-AS1	0	0	0	0
HAO1	0	0	0	0
HAO2	0	0	0	0
HAO2-IT1	0	0	0	0
HAP1	143	146	95	80
HAPLN1	0	0	0	0
HAPLN2	1	0	6	2
HAPLN3	285	253	419	432
HAPLN4	2	2	2	2
HAR1A	0	1	3	2
HAR1B	0	0	1	1
HARBI1	510	466	517	502
HARS	3589	3533	2767	2646
HARS2	2940	2696	3038	2989
HAS1	0	0	0	0
HAS2	0	0	3	0
HAS2-AS1	0	0	3	2
HAS3	548	508	66	76
HAT1	5549	5373	4136	4149
HAUS1	1847	1824	1225	1284
HAUS2	1759	1747	1285	1169
HAUS3	1815	1846	1132	1131
HAUS4	3552	3348	1987	1969
HAUS5	1148	1087	519	531
HAUS6	2382	2476	1455	1410
HAUS7	701	741	381	407
HAUS8	598	653	244	217
HAVCR1	0	0	0	0
HAVCR1P1	0	0	0	0
HAVCR2	3	0	3	8
HAX1	3886	3811	2957	2923
HBA1	0	0	0	0
HBA2	0	0	0	0
HBB	0	0	0	0
HBBP1	0	0	0	0
HBD	0	0	0	0
HBE1	0	0	0	0
HBEGF	255	246	498	495
HBG1	0	0	0	0
HBG2	0	0	0	0
HBM	0	0	0	0
HBP1	2844	2639	4469	4469
HBQ1	0	0	0	0
HBS1L	4732	4499	3816	3895
HBZ	0	0	0	0
HCAR1	769	797	464	431
HCAR2	9072	8311	2451	2181
HCAR3	5156	4658	1023	998
HCCAT3	2	2	3	6
HCCAT5	0	0	0	0
HCCS	2817	2672	3609	3584
HCFC1	6726	6277	5105	4909
HCFC1-AS1	0	0	0	0
HCFC1R1	1455	1433	1352	1270
HCFC2	499	505	383	393
HCG11	546	485	317	274
HCG14	5	3	1	1
HCG17	3	3	2	5
HCG18	1898	1968	1919	1697
HCG22	3	2	1	2
HCG23	0	0	0	0
HCG25	56	41	28	29
HCG26	2	5	19	17
HCG27	53	37	9	11
HCG4	101	108	118	94
HCG4B	3	2	0	0
HCG8	54	73	52	65
HCG9	6	8	13	11
HCK	0	0	0	0
HCLS1	16	27	48	57
HCN1	0	0	0	0
HCN2	42	46	128	114
HCN3	423	414	425	357
HCN4	14	8	24	34
HCP5	977	878	2850	2850
HCRT	0	0	1	0
HCRTR1	0	0	0	0
HCRTR2	0	0	0	0
HCST	10	9	17	24
HDAC1	7331	6860	6020	5929
HDAC10	1557	1647	1665	1413
HDAC11	1279	1245	1331	1317
HDAC2	10663	9934	9099	8979
HDAC3	2560	2439	2106	2105
HDAC4	1021	977	1000	964
HDAC5	2711	2573	2699	2594
HDAC6	3094	3015	3919	3641
HDAC7	4055	4205	4603	4278
HDAC8	988	939	972	981
HDAC9	70	48	47	48
HDC	1	1	1	0
HDDC2	3836	3713	3552	3582
HDDC3	1250	1191	997	965
HDGF	29620	27892	16603	16441
HDGFL1	0	0	0	0
HDGFRP2	2509	2435	2054	1935
HDGFRP3	5238	4951	3969	3995
HDHD1	1346	1264	1368	1417
HDHD2	1762	1584	1715	1658
HDHD3	991	963	1069	953
HDLBP	28103	26586	31591	30446
HDX	1	0	0	0
HEATR1	4236	3962	2245	2140
HEATR2	4405	4143	3047	2949
HEATR3	1218	1165	919	903
HEATR4	55	51	183	216
HEATR5A	9580	8945	8782	8519
HEATR5B	2378	2284	2417	2235
HEATR6	1297	1198	1028	950
HEATR9	0	0	0	0
HEBP1	1897	1855	2122	2065
HEBP2	4121	3946	4230	4220
HECA	3008	2970	2964	3038
HECTD1	12557	12032	12224	12248
HECTD2	627	589	529	501
HECTD3	1817	1683	2020	1934
HECTD4	3155	2704	2916	2909
HECW1	102	91	32	40
HECW2	161	170	241	246
HEG1	4111	3840	4656	4329
HEIH	602	562	775	702
HELB	204	157	96	96
HELLS	2529	2393	930	1005
HELQ	949	889	744	771
HELT	0	0	0	0
HELZ	4362	4105	2717	2620
HELZ2	1555	1452	2204	1977
HEMGN	0	0	0	0
HEMK1	1088	990	990	887
HENMT1	2	2	6	4
HEPACAM	2	0	1	1
HEPACAM2	0	6	1	1
HEPH	24	21	40	29
HEPHL1	4	3	2	4
HEPN1	1	1	3	0
HERC1	3912	3503	3846	4006
HERC2	6717	5755	5330	5512
HERC2P10	2	2	1	1
HERC2P2	1276	1308	1234	1024
HERC2P3	1370	1258	1232	1018
HERC2P4	90	83	49	40
HERC2P7	329	244	260	246
HERC2P9	642	676	694	607
HERC3	1014	989	1130	1004
HERC4	6269	6071	5624	5647
HERC5	13	7	4	6
HERC6	1644	1571	2408	2374
HERPUD1	3520	3317	4244	4216
HERPUD2	3029	3039	2826	2827
HES1	1565	1525	2254	2112
HES2	402	400	370	356
HES3	0	0	0	0
HES4	539	615	615	566
HES5	0	0	0	0
HES6	318	347	304	313
HES7	4	5	7	4
HESX1	25	16	15	13
HEXA	11385	10701	17605	16804
HEXA-AS1	76	60	77	61
HEXB	10613	10454	15717	15310
HEXDC	861	866	1202	1005
HEXIM1	5598	5546	6654	6381
HEXIM2	443	419	385	346
HEY1	148	145	171	175
HEY2	0	0	0	2
HEYL	0	0	0	2
HFE	2209	1982	2431	2377
HFE2	0	0	0	0
HFM1	2	0	0	0
HGC6.3	0	0	0	0
HGD	7	8	9	10
HGF	0	0	0	0
HGFAC	10	17	15	13
HGS	4604	4587	4746	4354
HGSNAT	5399	5572	10168	9616
HHAT	565	558	1083	1050
HHATL	0	0	0	0
HHEX	110	110	75	81
HHIP	0	0	1	0
HHIP-AS1	3	1	2	1
HHIPL1	0	0	2	1
HHIPL2	15	12	21	26
HHLA1	0	0	0	0
HHLA2	0	4	2	3
HHLA3	74	62	140	129
HIAT1	4881	4620	4170	4168
HIATL1	5962	5770	6195	6040
HIATL2	113	97	98	90
HIBADH	7144	6776	12962	13070
HIBCH	1747	1488	1352	1328
HIC1	9	9	18	13
HIC2	486	480	336	353
HID1	1118	1172	4109	3745
HIF1A	15104	14075	10252	9774
HIF1A-AS1	1	4	3	1
HIF1A-AS2	0	0	1	0
HIF1AN	3857	3726	4208	4036
HIF3A	1	0	1	1
HIGD1A	13184	12807	13135	13647
HIGD1B	0	0	1	0
HIGD1C	0	1	0	0
HIGD2A	3683	3579	4320	4091
HIGD2B	1	0	0	0
HILPDA	492	503	300	291
HILS1	0	1	0	0
HINFP	1044	1019	1005	980
HINT1	11768	11191	8866	9189
HINT2	1080	1062	960	922
HINT3	3120	3028	3183	3117
HIP1	1052	1035	418	420
HIP1R	3054	2990	2262	2141
HIPK1	4451	4295	3683	3547
HIPK1-AS1	7	9	5	3
HIPK2	970	825	855	906
HIPK3	15776	15074	14249	13921
HIPK4	3	3	3	8
HIRA	2780	2679	1857	1775
HIRIP3	1116	1110	488	511
HIST1H1A	1	0	0	0
HIST1H1B	3	5	3	3
HIST1H1C	249	253	159	187
HIST1H1D	2	2	2	2
HIST1H1E	4	7	2	5
HIST1H1T	0	0	0	0
HIST1H2AA	0	0	0	0
HIST1H2AB	0	1	1	1
HIST1H2AC	173	162	219	200
HIST1H2AD	0	0	0	0
HIST1H2AE	14	9	6	7
HIST1H2AG	45	41	10	9
HIST1H2AH	2	2	2	1
HIST1H2AI	12	10	6	5
HIST1H2AJ	3	2	0	0
HIST1H2AK	9	7	4	5
HIST1H2AL	4	2	0	3
HIST1H2AM	17	14	5	7
HIST1H2APS1	0	0	0	0
HIST1H2BA	0	0	0	0
HIST1H2BB	0	1	1	2
HIST1H2BC	39	29	32	32
HIST1H2BD	191	121	272	264
HIST1H2BE	0	1	0	1
HIST1H2BF	6	8	4	4
HIST1H2BG	7	19	7	4
HIST1H2BH	22	24	12	16
HIST1H2BI	2	0	1	0
HIST1H2BJ	38	47	25	31
HIST1H2BK	699	692	681	646
HIST1H2BL	9	5	9	2
HIST1H2BM	2	1	0	0
HIST1H2BN	18	24	13	9
HIST1H2BO	3	7	2	0
HIST1H3A	4	3	3	1
HIST1H3B	4	8	3	4
HIST1H3C	3	5	3	2
HIST1H3D	2	7	5	4
HIST1H3E	73	69	82	116
HIST1H3F	1	4	0	0
HIST1H3G	20	37	11	6
HIST1H3H	30	28	8	20
HIST1H3I	1	0	0	0
HIST1H3J	6	5	1	4
HIST1H4A	0	2	0	1
HIST1H4B	0	0	1	3
HIST1H4C	2	6	1	0
HIST1H4D	0	3	1	0
HIST1H4E	3	6	4	3
HIST1H4F	0	0	0	0
HIST1H4G	0	0	0	0
HIST1H4H	11	15	16	18
HIST1H4I	6	23	5	4
HIST1H4J	5	1	1	0
HIST1H4K	8	4	8	6
HIST1H4L	1	0	0	0
HIST2H2AA3	0	0	0	0
HIST2H2AA4	0	0	0	0
HIST2H2AB	1	1	1	0
HIST2H2AC	5	6	2	3
HIST2H2BA	8	7	5	4
HIST2H2BC	118	108	74	55
HIST2H2BE	244	257	488	432
HIST2H2BF	16	18	26	23
HIST2H3A	0	0	0	0
HIST2H3C	0	0	0	0
HIST2H3D	16	15	11	10
HIST2H4A	0	0	0	0
HIST2H4B	0	0	0	0
HIST3H2A	234	225	204	213
HIST3H2BB	8	10	13	10
HIST3H3	0	0	0	0
HIST4H4	4	6	5	4
HIVEP1	3042	2796	4100	3985
HIVEP2	9492	8893	11151	10611
HIVEP3	351	329	488	477
HJURP	4068	4071	1195	1172
HK1	12690	12056	9821	9687
HK2	3907	3707	7325	7304
HK3	2	5	7	4
HKDC1	146	158	52	57
HKR1	564	569	746	654
HLA-A	6944	7215	30316	28455
HLA-B	4133	4129	29649	26815
HLA-C	13660	13521	40432	34852
HLA-DMA	409	396	318	305
HLA-DMB	3	7	4	2
HLA-DOA	10	4	2	1
HLA-DOB	36	37	70	45
HLA-DPA1	0	2	0	0
HLA-DPB1	3	7	2	3
HLA-DPB2	0	0	0	0
HLA-DQA1	2	5	20	14
HLA-DQA2	0	0	0	0
HLA-DQB1	1387	1277	2263	2188
HLA-DQB2	0	0	0	0
HLA-DRA	2	0	4	4
HLA-DRB1	10	13	46	46
HLA-DRB3	0	0	0	0
HLA-DRB4	0	0	0	0
HLA-DRB5	0	1	5	4
HLA-DRB6	0	0	0	0
HLA-E	14611	13966	26656	25316
HLA-F	1055	1139	7160	6430
HLA-F-AS1	113	119	73	90
HLA-G	0	0	0	1
HLA-H	129	135	145	120
HLA-J	0	2	0	0
HLA-L	6	19	15	15
HLCS	4375	4180	4336	4379
HLF	4	5	1	1
HLTF	3962	3714	2705	2707
HLTF-AS1	0	0	0	1
HLX	1	4	0	1
HLX-AS1	0	0	0	1
HM13	13647	13578	27174	25875
HM13-AS1	5	4	4	4
HMBOX1	245	209	210	211
HMBS	3193	2943	2381	2299
HMCES	3781	3462	2819	2800
HMCN1	4	4	10	8
HMCN2	26	22	4	4
HMG20A	2633	2522	2030	1938
HMG20B	4926	5108	3869	3959
HMGA1	13892	13479	6007	5746
HMGA1P7	0	0	0	0
HMGA2	8	6	0	2
HMGB1	44919	43907	20541	21077
HMGB2	10345	10011	2635	2623
HMGB3	12123	11830	7357	7352
HMGB3P1	0	0	0	0
HMGB4	0	0	0	0
HMGCL	827	767	1486	1458
HMGCLL1	0	0	1	0
HMGCR	19355	18275	8201	7879
HMGCS1	26566	25424	9711	9616
HMGCS2	0	0	0	0
HMGN1	21082	20542	24312	24409
HMGN2	20379	20010	9431	9272
HMGN2P46	28	37	87	103
HMGN3	11330	11030	10566	10677
HMGN3-AS1	231	236	238	215
HMGN4	5617	5230	3201	3288
HMGN5	290	227	114	102
HMGXB3	3404	3389	3203	2881
HMGXB4	2295	2269	1545	1579
HMHA1	929	960	733	690
HMHB1	0	0	0	0
HMMR	4608	4367	1003	1050
HMMR-AS1	0	0	0	0
HMOX1	977	973	1189	1141
HMOX2	1948	1935	2200	2020
HMP19	1	0	2	0
HMSD	0	0	0	0
HMX1	0	0	0	0
HMX2	0	0	1	1
HMX3	7	8	12	3
HN1	3392	3353	2210	2218
HN1L	16374	15316	9327	9444
HNF1A	1	2	0	0
HNF1A-AS1	2	0	0	0
HNF1B	4	3	3	10
HNF4A	13	19	11	8
HNF4A-AS1	0	0	0	0
HNF4G	11	18	28	23
HNMT	101	96	285	227
HNRNPA0	12917	12817	12105	12056
HNRNPA1	13845	13593	6482	6418
HNRNPA1L2	1167	1044	913	847
HNRNPA1P10	0	0	0	0
HNRNPA1P33	7765	7767	4718	4583
HNRNPA2B1	100400	99161	55723	55396
HNRNPA3	34097	33162	17892	17834
HNRNPA3P1	0	0	0	0
HNRNPAB	8230	8111	5521	5339
HNRNPC	37430	34034	17784	17666
HNRNPCL1	0	0	0	0
HNRNPCL2	0	0	0	0
HNRNPD	16410	16029	9281	9356
HNRNPDL	13965	13738	8916	8659
HNRNPF	16803	15859	12675	12367
HNRNPH1	18374	18823	14445	13390
HNRNPH2	549	578	520	559
HNRNPH3	8006	7894	4685	4462
HNRNPK	46917	45418	35137	35349
HNRNPKP3	1	0	0	0
HNRNPL	15508	15110	10210	9812
HNRNPLL	2375	2227	1754	1700
HNRNPM	14542	14493	10385	10244
HNRNPR	10242	10012	5645	5603
HNRNPU	32542	31595	22360	22213
HNRNPU-AS1	682	705	693	603
HNRNPUL1	18532	18630	10568	10245
HNRNPUL2	7895	7439	5361	5545
HNRNPUL2-BSCL2	8	9	7	5
HOGA1	137	141	86	86
HOMER1	1502	1426	1121	1147
HOMER2	1626	1565	790	798
HOMER3	1932	1907	1840	1790
HOMEZ	1793	1673	1458	1488
HOOK1	1532	1579	1618	1550
HOOK2	2325	2426	2373	2108
HOOK3	1070	1001	1478	1404
HOPX	2	8	50	58
HORMAD1	0	0	1	1
HORMAD2	0	0	1	0
HOTAIR	186	212	220	227
HOTAIRM1	1243	1285	1245	1139
HOTTIP	4	5	3	2
HOXA-AS3	15	5	4	15
HOXA1	570	528	472	468
HOXA10	1387	1322	1735	1713
HOXA10-AS	500	518	429	388
HOXA10-HOXA9	1	0	1	0
HOXA11	465	457	355	340
HOXA11-AS	263	326	257	255
HOXA13	55	70	120	107
HOXA2	139	125	69	42
HOXA3	1054	1118	770	763
HOXA4	57	49	40	30
HOXA5	146	178	120	98
HOXA6	67	68	31	25
HOXA7	85	69	96	90
HOXA9	12	37	45	36
HOXB-AS1	0	0	0	0
HOXB-AS3	0	0	1	1
HOXB1	0	0	0	0
HOXB13	55	54	84	63
HOXB2	0	0	0	0
HOXB3	2	3	9	4
HOXB4	0	0	0	0
HOXB5	3	0	0	4
HOXB6	158	192	272	251
HOXB7	634	636	567	593
HOXB8	0	0	1	2
HOXB9	7	9	18	13
HOXC-AS1	20	13	30	20
HOXC-AS2	8	8	7	12
HOXC-AS3	34	38	34	26
HOXC10	1570	1553	1385	1320
HOXC11	368	386	324	274
HOXC12	0	0	0	1
HOXC13	1153	1056	659	638
HOXC13-AS	818	799	442	473
HOXC4	206	198	233	209
HOXC5	13	20	16	20
HOXC6	94	80	117	98
HOXC8	47	39	37	37
HOXC9	221	217	254	230
HOXD-AS2	0	0	0	0
HOXD1	0	2	2	3
HOXD10	0	0	0	0
HOXD11	0	0	0	0
HOXD12	0	0	0	0
HOXD13	1	0	0	0
HOXD3	0	1	2	2
HOXD4	2	2	3	2
HOXD8	0	0	0	0
HOXD9	0	0	0	0
HP	0	0	0	0
HP08942	0	0	0	0
HP09025	2	3	2	3
HP09053	4	1	1	3
HP1BP3	7401	7152	6899	6569
HPCA	0	4	5	4
HPCAL1	964	961	1934	1838
HPCAL4	17	10	4	7
HPD	3	0	2	1
HPDL	7	4	4	4
HPGD	61	58	14	17
HPGDS	0	0	0	0
HPN	7	11	28	22
HPN-AS1	0	1	1	0
HPR	0	0	0	0
HPRT1	2411	2363	1118	1201
HPS1	2174	2170	2547	2516
HPS3	4107	3799	3336	3318
HPS4	2158	2198	1699	1573
HPS5	3055	3029	3512	3567
HPS6	1939	1750	1683	1696
HPSE	1014	971	740	745
HPSE2	0	0	0	0
HPVC1	0	0	0	0
HPX	2	4	9	10
HPYR1	0	0	0	0
HR	1116	1019	791	789
HRAS	3898	3979	1895	1801
HRASLS	24	20	7	8
HRASLS2	22	22	26	22
HRASLS5	0	0	1	0
HRC	9	4	19	20
HRCT1	8	11	4	1
HRG	4	15	10	5
HRH1	300	304	454	412
HRH2	0	0	0	0
HRH3	0	0	0	0
HRH4	0	0	0	0
HRK	225	208	316	256
HRNR	0	0	0	0
HRSP12	1403	1278	1285	1279
HS1BP3	1123	1070	788	831
HS1BP3-IT1	3	8	4	2
HS2ST1	4451	4184	4215	4231
HS3ST1	34	32	73	78
HS3ST2	2	1	20	25
HS3ST3A1	8	11	1	1
HS3ST3B1	28	18	4	7
HS3ST4	0	0	0	0
HS3ST5	0	0	3	0
HS3ST6	38	33	7	2
HS6ST1	6005	5800	3580	3546
HS6ST2	4947	4761	3633	3724
HS6ST2-AS1	0	0	0	0
HS6ST3	4	4	26	26
HSBP1	10282	9554	8545	8521
HSBP1L1	891	914	1230	1173
HSCB	297	250	290	275
HSD11B1	0	0	7	4
HSD11B1L	77	67	113	112
HSD11B2	187	218	300	242
HSD17B1	22	19	52	52
HSD17B10	3099	2834	2255	2169
HSD17B11	397	417	476	490
HSD17B12	18944	18836	25902	25469
HSD17B13	1	4	0	2
HSD17B14	3	4	1	1
HSD17B2	12	7	67	70
HSD17B3	14	7	4	5
HSD17B4	7791	7166	7507	7383
HSD17B6	88	99	101	96
HSD17B7	1935	1781	768	649
HSD17B7P2	150	151	75	72
HSD17B8	1156	1125	1180	1213
HSD3B1	1	0	5	3
HSD3B2	0	0	0	0
HSD3B7	1767	1732	2209	2035
HSD3BP4	6	2	0	1
HSD52	0	1	0	0
HSDL1	1666	1628	1396	1412
HSDL2	3797	3562	2206	2279
HSF1	5317	5068	4409	4440
HSF2	1160	1102	952	894
HSF2BP	698	624	586	561
HSF4	715	716	1024	853
HSF5	0	0	2	0
HSFX1	0	0	0	0
HSFX2	0	0	0	0
HSFY1	0	0	0	0
HSFY1P1	0	0	0	0
HSFY2	0	0	0	0
HSH2D	157	145	700	685
HSP90AA1	79957	76286	61819	61805
HSP90AB1	133660	130739	91286	91014
HSP90AB4P	4	1	5	2
HSP90B1	74327	72370	94498	91408
HSP90B2P	19	16	3	6
HSPA12A	927	949	735	749
HSPA12B	0	0	0	0
HSPA13	2281	2100	2573	2574
HSPA14	3923	3765	2920	2788
HSPA1A	1967	1852	2812	2611
HSPA1B	5714	5507	6285	6119
HSPA1L	226	212	242	251
HSPA2	422	379	395	397
HSPA4	12977	12511	11412	11446
HSPA4L	9279	8584	2416	2601
HSPA5	40589	38987	68706	65816
HSPA6	6	5	2	3
HSPA7	0	0	0	0
HSPA8	91792	89249	100376	100608
HSPA9	32272	31858	31050	31139
HSPB1	8276	8041	3846	3441
HSPB11	1615	1640	1054	1074
HSPB2	4	3	3	1
HSPB2-C11orf52	1	0	0	1
HSPB3	18	18	10	14
HSPB6	16	24	13	6
HSPB7	1	0	2	0
HSPB8	6803	6682	5509	5250
HSPB9	0	0	0	1
HSPBAP1	674	640	470	493
HSPBP1	2466	2551	2239	2177
HSPD1	46597	44296	34464	34894
HSPE1	7675	7372	6515	6402
HSPE1-MOB4	5	2	2	4
HSPG2	6656	5625	6145	6417
HSPH1	9660	9440	8835	9005
HTATIP2	5696	5451	7121	6823
HTATSF1	4827	4560	4057	4079
HTATSF1P2	30	29	29	27
HTN1	0	0	0	0
HTN3	0	0	0	0
HTR1A	0	0	0	0
HTR1B	0	0	0	0
HTR1D	437	460	640	620
HTR1E	0	1	0	0
HTR1F	0	0	0	0
HTR2A	0	0	0	0
HTR2A-AS1	0	0	0	0
HTR2B	0	1	4	0
HTR2C	0	0	0	1
HTR3A	2	1	5	3
HTR3B	2	4	2	0
HTR3C	0	0	0	0
HTR3D	0	0	0	1
HTR3E	0	0	0	0
HTR4	0	1	1	1
HTR5A	0	0	0	0
HTR5AOS	0	0	0	0
HTR6	0	0	0	0
HTR7	0	3	0	1
HTR7P1	172	179	195	158
HTRA1	6815	6686	11419	11038
HTRA2	1567	1396	1140	1116
HTRA3	43	31	13	17
HTRA4	9	5	3	5
HTT	7366	6785	6138	6080
HTT-AS	0	0	0	0
HULC	1	1	2	1
HUNK	5	0	2	2
HUS1	1509	1548	1370	1524
HUS1B	2	1	0	0
HUWE1	20167	16726	14363	14816
HVCN1	1	0	8	7
HYAL1	3484	3378	11244	10480
HYAL2	4061	3882	8133	7435
HYAL3	1857	1771	4469	4117
HYAL4	24	24	17	32
HYALP1	0	0	0	0
HYDIN	45	36	83	80
HYDIN2	0	0	0	0
HYI	341	360	369	343
HYKK	583	579	661	697
HYLS1	1930	1973	834	882
HYMAI	1	1	0	0
HYOU1	16858	16519	24372	23057
HYPK	2	6	4	3
HYPM	0	0	0	0
IAH1	2187	2184	2332	2226
IAPP	0	0	1	0
IARS	16613	16367	9456	9333
IARS2	16261	15740	16396	15841
IBA57	1008	1057	1077	1042
IBA57-AS1	2	8	2	4
IBSP	7	12	21	15
IBTK	11415	10676	10486	10711
ICA1	2355	2229	3204	3003
ICA1L	559	570	295	328
ICAM1	797	790	1225	1121
ICAM2	52	44	43	70
ICAM3	460	428	471	469
ICAM4	4	4	2	3
ICAM5	179	216	61	57
ICK	3474	3276	3210	2979
ICMT	3590	3621	3442	3510
ICOS	0	0	0	0
ICOSLG	265	230	95	100
ICT1	1728	1693	1387	1509
ID1	19221	18716	23388	22359
ID2	438	411	552	496
ID3	13409	12807	18254	17339
ID4	302	313	220	208
IDE	7169	6999	6371	6324
IDH1	34805	32040	33556	32845
IDH1-AS1	15	14	14	19
IDH2	6347	6264	6999	6923
IDH3A	15829	15109	17529	17747
IDH3B	1676	1627	1658	1530
IDH3G	2411	2264	2203	2110
IDI1	42519	39751	41780	41855
IDI2	0	0	1	0
IDI2-AS1	3	5	7	6
IDNK	304	307	320	277
IDO1	53	54	39	41
IDO2	0	0	0	0
IDS	3518	3471	6345	5977
IDUA	850	934	1696	1507
IER2	5044	5462	8459	8161
IER3	2122	2091	9797	9524
IER3IP1	5272	5154	5315	5575
IER5	7297	7295	8754	8521
IER5L	2330	2418	3793	3664
IFFO1	33	38	19	25
IFFO2	2127	1927	1010	1019
IFI16	6255	5609	2618	2580
IFI27	27	23	147	103
IFI27L1	438	392	605	611
IFI27L2	670	662	653	677
IFI30	6012	5799	7532	6916
IFI35	631	604	996	935
IFI44	37	42	141	84
IFI44L	1	6	9	2
IFI6	35	57	347	237
IFIH1	2134	1983	2952	2876
IFIT1	368	376	357	231
IFIT1B	0	0	1	1
IFIT2	808	769	1618	1701
IFIT3	1785	1720	2268	2191
IFIT5	1903	1798	1745	1756
IFITM1	6208	5909	10024	8985
IFITM10	120	129	241	232
IFITM2	10819	10450	12869	11933
IFITM3	25552	24450	24361	22273
IFITM4P	1	2	2	0
IFITM5	0	1	0	1
IFLTD1	0	0	1	1
IFNA1	0	0	0	0
IFNA10	0	0	0	0
IFNA13	0	0	0	0
IFNA14	0	0	0	0
IFNA16	0	0	0	0
IFNA17	0	0	0	0
IFNA2	0	0	0	0
IFNA21	0	0	0	0
IFNA22P	0	0	0	0
IFNA4	0	0	0	0
IFNA5	0	0	0	1
IFNA6	0	0	0	0
IFNA7	0	0	0	0
IFNA8	0	0	0	0
IFNAR1	4442	4216	5654	5553
IFNAR2	1321	1304	1486	1478
IFNB1	0	1	0	0
IFNE	9	7	13	10
IFNG	0	0	0	0
IFNG-AS1	0	0	0	0
IFNGR1	9216	8795	11676	11551
IFNGR2	1202	1155	1390	1340
IFNK	0	0	0	0
IFNL1	0	0	0	0
IFNL2	0	0	0	0
IFNL3	0	0	0	0
IFNL4	0	0	0	0
IFNLR1	131	131	84	65
IFNW1	0	0	0	0
IFRD1	2338	2230	2048	1905
IFRD2	5206	5260	3772	3690
IFT122	1050	1022	637	589
IFT140	940	893	1153	991
IFT172	1251	1235	1059	1089
IFT20	974	875	1178	1091
IFT22	842	820	923	919
IFT27	487	495	661	615
IFT43	667	607	655	588
IFT46	1953	1809	1709	1716
IFT52	1809	1742	1338	1299
IFT57	1600	1449	1097	1121
IFT74	789	768	548	540
IFT80	2359	2220	1829	1931
IFT81	1957	1890	2526	2465
IFT88	622	583	452	438
IGBP1	2934	2684	2695	2672
IGBP1P1	0	0	0	0
IGDCC3	0	2	1	1
IGDCC4	3	4	5	4
IGF1	1	0	24	25
IGF1R	25546	23708	23933	23779
IGF2	0	0	0	0
IGF2-AS	0	0	0	0
IGF2BP1	1	0	1	2
IGF2BP2	851	775	484	518
IGF2BP3	113	126	125	107
IGF2R	6283	5561	8508	8620
IGFALS	6	8	5	7
IGFBP1	1	2	7	2
IGFBP2	2390	2370	4457	4115
IGFBP3	10708	10548	39837	37483
IGFBP4	6421	5981	4017	3809
IGFBP5	767	826	35004	32736
IGFBP6	1943	1877	2063	2041
IGFBP7	31922	32171	33292	32673
IGFBP7-AS1	37	60	48	43
IGFBPL1	4	3	4	9
IGFL1	2179	2343	6374	6238
IGFL2	0	1	2	0
IGFL3	2	1	1	0
IGFL4	0	1	0	0
IGFLR1	99	128	100	83
IGFN1	35	42	28	21
IGHMBP2	1230	1150	994	997
IGIP	503	403	663	661
IGJ	3	6	13	5
IGLL1	0	0	2	0
IGLL3P	0	0	0	0
IGLL5	0	0	0	0
IGLON5	0	0	0	0
IGSF1	129	145	209	170
IGSF10	0	2	2	1
IGSF11	12	9	34	27
IGSF11-AS1	0	0	0	0
IGSF21	0	0	0	0
IGSF22	0	1	0	0
IGSF23	10	7	4	2
IGSF3	4560	4250	5083	4921
IGSF5	6	2	6	9
IGSF6	1	1	1	0
IGSF8	2007	1897	3335	3085
IGSF9	1387	1499	1054	856
IGSF9B	0	0	0	0
IHH	0	1	1	0
IK	6906	6554	6013	5868
IKBIP	3427	3364	1401	1375
IKBKAP	4360	4270	3390	3286
IKBKB	1686	1589	1830	1721
IKBKE	873	871	1033	943
IKBKG	1219	1300	1167	1030
IKZF1	0	1	0	0
IKZF2	1757	1604	2391	2312
IKZF3	5	7	5	5
IKZF4	322	339	307	250
IKZF5	1030	982	722	699
IL10	0	0	0	0
IL10RA	21	9	37	27
IL10RB	1593	1568	2270	2188
IL10RB-AS1	4	4	5	7
IL11	91	99	119	95
IL11RA	410	437	590	531
IL12A	24	41	25	23
IL12A-AS1	3	1	2	2
IL12B	1	1	0	0
IL12RB1	0	0	1	2
IL12RB2	6	4	1	2
IL13	0	0	0	0
IL13RA1	6453	6150	8761	8555
IL13RA2	1	3	12	7
IL15	91	108	152	152
IL15RA	381	375	593	596
IL16	27	30	107	80
IL17A	0	0	0	0
IL17B	0	0	0	0
IL17C	1	0	0	1
IL17D	77	71	78	76
IL17F	0	0	0	0
IL17RA	1780	1753	2209	2028
IL17RB	99	98	76	63
IL17RC	804	832	1292	1267
IL17RD	198	180	105	94
IL17RE	1092	1160	961	883
IL17REL	2	4	68	66
IL18	3935	3817	4152	4281
IL18BP	280	318	436	363
IL18R1	184	130	466	451
IL18RAP	6	0	1	3
IL19	1	0	15	11
IL1A	438	378	112	106
IL1B	136	159	55	54
IL1F10	2	5	3	2
IL1R1	271	271	1505	1468
IL1R2	12	10	78	73
IL1RAP	1812	1746	1075	1148
IL1RAPL1	0	1	1	1
IL1RAPL2	4	4	4	2
IL1RL1	5	10	174	144
IL1RL2	2	1	2	1
IL1RN	1792	1692	1775	1732
IL2	0	0	0	0
IL20	62	64	135	152
IL20RA	172	184	184	193
IL20RB	2714	2424	1260	1173
IL21	0	0	0	0
IL21-AS1	0	0	0	0
IL21R	7	13	0	1
IL21R-AS1	2	0	3	0
IL22	0	0	0	0
IL22RA1	54	52	20	14
IL22RA2	0	0	3	1
IL23A	17	28	158	120
IL23R	0	0	1	1
IL24	12	12	13	19
IL25	0	0	0	0
IL26	0	0	0	0
IL27	0	0	0	0
IL27RA	268	249	562	529
IL2RA	0	0	0	0
IL2RB	2	6	10	9
IL2RG	12	20	225	206
IL3	0	0	0	0
IL31	0	0	0	0
IL31RA	4	4	1	1
IL32	25	33	34	55
IL33	6	10	8	9
IL34	0	1	1	1
IL36A	0	0	1	1
IL36B	0	0	0	0
IL36G	0	0	0	0
IL36RN	292	291	229	205
IL37	3	9	0	0
IL3RA	0	0	0	0
IL4	0	0	0	0
IL4I1	4	3	1	2
IL4R	4317	4226	4389	4054
IL5	1	4	0	0
IL5RA	0	1	0	2
IL6	3	4	7	8
IL6R	195	194	172	163
IL6ST	10325	9684	13773	13414
IL7	55	53	30	38
IL7R	126	145	73	79
IL9	0	0	0	0
IL9R	0	0	0	0
ILDR1	445	428	1078	1012
ILDR2	9	2	4	3
ILF2	10992	10643	6907	6876
ILF3	18971	18339	12013	11504
ILF3-AS1	441	512	314	286
ILK	4399	4280	4017	3930
ILKAP	1105	1060	940	898
ILVBL	4512	4399	5497	5195
IMMP1L	466	384	445	435
IMMP2L	748	756	716	731
IMMT	10757	10449	10412	10481
IMP3	5647	5481	4630	4592
IMP4	2364	2287	1767	1709
IMPA1	2341	2209	2283	2387
IMPA2	2098	2078	2497	2559
IMPACT	2680	2578	2080	2091
IMPAD1	5108	5048	6443	6184
IMPDH1	3233	3195	2891	2780
IMPDH2	12777	12178	6255	6146
IMPG1	0	0	1	0
IMPG2	39	42	33	35
INA	0	0	0	1
INADL	5808	5435	8313	8067
INCA1	35	38	98	103
INCENP	7560	7544	2378	2304
INE1	62	65	74	61
INE2	0	0	0	0
INF2	11797	12189	13097	12315
ING1	987	1006	862	804
ING2	589	571	520	559
ING3	902	884	671	666
ING4	615	537	766	772
ING5	727	754	607	599
INGX	0	0	0	0
INHA	10945	11432	13999	13009
INHBA	4	4	20	15
INHBA-AS1	0	0	1	0
INHBB	6116	6184	7580	7382
INHBC	7	5	2	2
INHBE	12	14	0	1
INIP	1008	864	705	690
INMT	2	2	1	3
INMT-FAM188B	0	0	0	0
INO80	2614	2455	2108	1923
INO80B	44	65	75	55
INO80B-WBP1	1	1	1	2
INO80C	1152	1126	868	870
INO80D	1273	1120	984	1000
INO80E	1204	1223	1093	1028
INPP1	2042	1853	1266	1341
INPP4A	2067	1857	1735	1616
INPP4B	1301	1251	1886	1933
INPP5A	1724	1773	2354	2294
INPP5B	746	756	718	655
INPP5D	16670	15789	3365	3316
INPP5E	1061	1149	1022	965
INPP5F	959	939	679	619
INPP5J	681	727	608	548
INPP5K	1311	1259	1449	1398
INPPL1	16971	18128	16028	14519
INS	0	0	0	0
INS-IGF2	0	0	0	0
INSC	10	9	4	7
INSIG1	4291	4089	1715	1748
INSIG2	1337	1214	1333	1342
INSL3	1	3	0	0
INSL4	363	393	1836	1728
INSL5	0	0	0	0
INSL6	0	0	0	0
INSM1	0	0	0	0
INSM2	0	0	0	0
INSR	993	995	1385	1341
INSRR	0	0	1	0
INTS1	13157	13212	16601	14854
INTS10	2752	2540	3032	2807
INTS12	1469	1375	1055	1072
INTS2	1369	1295	861	781
INTS3	4934	4795	5994	5339
INTS4	1668	1639	1256	1294
INTS4L2	4	4	5	3
INTS5	2156	2213	2029	1981
INTS6	4730	4337	3718	3647
INTS6-AS1	79	81	62	54
INTS7	3209	3058	2334	2226
INTS8	5320	4980	4641	4408
INTS9	526	447	420	408
INTU	239	246	202	194
INVS	1404	1350	1133	1098
IP6K1	3381	3274	3435	3254
IP6K2	3284	3277	3329	2949
IP6K3	562	465	11	12
IPCEF1	4	8	3	5
IPMK	1411	1302	956	942
IPO11	1823	1874	1070	996
IPO11-LRRC70	1	1	0	0
IPO13	2155	2167	2098	2082
IPO4	4154	3963	2323	2372
IPO5	17882	17142	11029	11188
IPO5P1	439	449	474	492
IPO7	21935	20824	15787	15561
IPO8	5023	4822	2247	2127
IPO9	12166	12121	8010	7754
IPO9-AS1	8	5	3	7
IPP	1003	888	747	753
IPPK	1667	1690	1761	1837
IPW	458	396	472	435
IQCA1	70	74	66	49
IQCB1	1368	1230	978	1003
IQCC	475	456	293	317
IQCD	19	17	95	85
IQCE	3095	2952	4112	3856
IQCF1	0	0	0	0
IQCF2	0	0	0	0
IQCF3	0	0	0	0
IQCF4	0	0	0	0
IQCF5	0	0	0	0
IQCF5-AS1	0	0	0	0
IQCF6	0	0	0	0
IQCG	66	60	119	117
IQCH	147	136	132	131
IQCH-AS1	504	469	600	609
IQCJ	0	0	0	0
IQCJ-SCHIP1	0	0	0	0
IQCK	416	389	580	608
IQGAP1	44332	42704	38818	37335
IQGAP2	1	7	13	17
IQGAP3	5297	5386	1611	1490
IQSEC1	2514	2478	3664	3310
IQSEC2	1056	1062	1626	1489
IQSEC3	0	0	1	0
IQUB	16	10	13	20
IRAK1	8492	8303	7036	6895
IRAK1BP1	1083	1045	506	546
IRAK2	39	35	65	65
IRAK3	0	1	1	2
IRAK4	1477	1338	1124	1050
IREB2	11036	10519	7959	8001
IRF1	5399	5076	7711	7492
IRF2	1372	1273	1394	1211
IRF2BP1	1017	1091	1096	1054
IRF2BP2	12224	11576	17127	16095
IRF2BPL	4022	4069	4226	4211
IRF3	2671	2742	2660	2340
IRF4	0	0	0	0
IRF5	1020	981	733	706
IRF6	36942	34101	10486	10221
IRF7	213	207	481	416
IRF8	0	1	1	0
IRF9	514	497	646	482
IRG1	0	0	1	0
IRGC	0	0	0	0
IRGM	0	0	0	0
IRGQ	1219	1282	2048	2017
IRS1	748	775	413	445
IRS2	1296	1283	2283	2260
IRS4	0	0	0	0
IRX1	844	882	564	571
IRX2	9956	10135	4716	4557
IRX3	572	590	523	523
IRX4	4195	4598	3324	3236
IRX5	300	288	187	166
IRX6	2	4	2	4
ISCA1	3305	3175	3778	3724
ISCA2	1176	1038	1062	1099
ISCU	5451	5214	3600	3554
ISG15	259	245	589	516
ISG20	367	350	532	516
ISG20L2	2792	2791	2035	1955
ISL1	0	0	0	0
ISL2	136	201	167	139
ISLR	4	8	1	3
ISLR2	3	3	3	2
ISM1	82	64	28	32
ISM1-AS1	0	1	2	0
ISM2	1	1	0	1
ISOC1	1263	1208	1089	1082
ISOC2	2382	2255	2664	2535
ISPD	173	154	154	174
ISPD-AS1	0	0	0	0
IST1	7553	7164	8949	8590
ISX	0	0	0	0
ISY1	452	466	325	351
ISY1-RAB43	0	0	0	0
ISYNA1	5383	5442	3473	3157
ITCH	6799	6456	7500	7564
ITFG1	6365	6104	12050	11304
ITFG2	702	692	491	477
ITFG3	5140	5034	9795	9163
ITGA1	937	1040	810	823
ITGA10	37	31	31	45
ITGA11	4	2	7	13
ITGA2	2680	2558	2486	2526
ITGA2B	156	136	45	43
ITGA3	32423	31231	55404	52655
ITGA4	4	6	2	0
ITGA5	1512	1364	2834	2596
ITGA6	10030	10202	7067	7080
ITGA7	37	38	27	23
ITGA8	0	0	0	0
ITGA9	1	1	5	4
ITGA9-AS1	28	40	16	16
ITGAD	0	0	0	0
ITGAE	1141	1186	932	952
ITGAL	11	19	5	4
ITGAM	41	35	15	13
ITGAV	13117	11845	19558	18890
ITGAX	2	5	6	7
ITGB1	43687	42320	104521	102151
ITGB1BP1	3906	3826	5371	5342
ITGB1BP2	30	42	21	18
ITGB2	598	523	1780	1728
ITGB2-AS1	105	105	194	169
ITGB3	6	12	17	11
ITGB3BP	1304	1240	478	478
ITGB4	18989	18134	10483	10286
ITGB5	3354	3487	11300	10534
ITGB6	9293	9064	30252	29269
ITGB7	441	449	643	565
ITGB8	3446	3390	3649	3327
ITGBL1	19	16	16	17
ITIH1	1	1	0	1
ITIH2	0	0	2	1
ITIH3	8	8	31	31
ITIH4	93	96	175	123
ITIH5	0	0	0	0
ITIH6	21	12	23	24
ITK	0	0	5	5
ITLN1	0	0	0	0
ITLN2	5	2	19	25
ITM2A	0	0	1	0
ITM2B	38749	38253	90975	88785
ITM2C	2877	2789	4845	4647
ITPA	1153	1214	890	954
ITPK1	10201	9621	10344	9943
ITPK1-AS1	0	0	0	0
ITPKA	139	123	228	231
ITPKB	1216	1112	943	961
ITPKB-IT1	0	1	0	0
ITPKC	2191	2005	1782	1681
ITPR1	3998	3955	20224	19856
ITPR1-AS1	21	14	15	17
ITPR2	2696	2472	2621	2528
ITPR3	22446	21380	19183	18384
ITPRIP	4674	4397	5461	5058
ITPRIPL1	0	0	0	0
ITPRIPL2	12450	10912	12379	12781
ITSN1	3208	3090	2996	2766
ITSN2	2184	2117	2131	2017
IVD	4915	4615	5713	5618
IVL	128	147	320	312
IVNS1ABP	9260	8976	5828	5246
IWS1	4106	3949	4338	4377
IYD	48	45	508	517
IZUMO1	200	231	165	142
IZUMO2	0	0	0	1
IZUMO3	0	0	0	0
IZUMO4	65	60	104	85
JADE1	1775	1754	1293	1273
JADE2	2939	2835	3333	3103
JADE3	1155	1123	902	837
JAG1	1532	1505	740	652
JAG2	9545	9748	8115	7511
JAGN1	2135	2026	2093	2004
JAK1	7855	7586	10480	10407
JAK2	820	751	699	649
JAK3	58	42	63	47
JAKMIP1	0	0	0	0
JAKMIP2	0	1	0	1
JAKMIP2-AS1	0	0	0	0
JAKMIP3	18	29	11	16
JAM2	1	4	1	4
JAM3	0	0	0	0
JARID2	4885	4614	5095	5044
JARID2-AS1	5	5	4	8
JAZF1	418	411	373	334
JAZF1-AS1	1	2	0	0
JDP2	1943	1953	2662	2445
JHDM1D-AS1	102	100	179	161
JKAMP	3579	3694	4666	4416
JMJD1C	3828	3598	3576	3440
JMJD1C-AS1	23	15	14	12
JMJD4	1062	1021	894	870
JMJD6	758	790	710	656
JMJD7	327	295	288	280
JMJD7-PLA2G4B	4	6	6	6
JMJD8	2768	2711	4278	3901
JMY	2264	2063	2523	2574
JOSD1	6440	6106	8170	7762
JOSD2	614	618	642	623
JPH1	906	827	427	351
JPH2	2265	2256	2114	2109
JPH3	4	3	10	9
JPH4	0	0	0	1
JPX	302	291	232	266
JRK	2574	2605	2082	1871
JRKL	1446	1365	1158	998
JRKL-AS1	0	0	0	0
JSRP1	4	5	12	12
JTB	6819	6722	9436	9155
JUN	521	576	1435	1441
JUNB	10392	10502	15750	14721
JUND	1915	2168	2320	2160
JUP	26234	24674	19678	18821
KAAG1	0	0	0	0
KAL1	1039	1160	1274	1214
KALRN	31	26	2	12
KANK1	2090	1970	1148	1033
KANK2	1433	1455	2081	2100
KANK3	193	163	52	32
KANK4	3973	3933	2417	2410
KANSL1	1985	1973	1946	1611
KANSL1-AS1	13	19	17	13
KANSL1L	222	194	223	187
KANSL2	1943	1945	1620	1619
KANSL3	5846	5582	6320	6033
KANTR	46	35	15	16
KARS	14124	13429	11970	11851
KAT2A	4680	4584	3464	3142
KAT2B	438	416	234	297
KAT5	4107	3678	3153	3020
KAT6A	2793	2738	2318	2194
KAT6B	1811	1789	1728	1543
KAT7	3232	2990	2391	2320
KAT8	1405	1401	1256	1141
KATNA1	1886	1712	942	884
KATNAL1	669	685	431	486
KATNAL2	159	176	334	314
KATNB1	864	856	635	607
KATNBL1	1888	1765	1385	1515
KATNBL1P6	0	0	0	0
KAZALD1	467	473	661	684
KAZN	766	800	424	442
KBTBD11	245	250	136	126
KBTBD12	2	1	0	0
KBTBD13	0	0	0	0
KBTBD2	4576	4449	3722	3470
KBTBD3	436	436	519	504
KBTBD4	1825	1714	1493	1516
KBTBD6	4127	3729	1951	1888
KBTBD7	1414	1332	1335	1295
KBTBD8	92	94	35	33
KC6	0	1	0	0
KCMF1	3054	2869	3158	3084
KCNA1	0	0	0	0
KCNA10	0	0	0	0
KCNA2	0	0	0	0
KCNA3	1	0	0	1
KCNA4	0	0	0	0
KCNA5	0	0	0	0
KCNA6	0	0	0	0
KCNA7	1	0	2	1
KCNAB1	34	33	43	37
KCNAB1-AS1	0	0	0	0
KCNAB1-AS2	1	0	0	0
KCNAB2	506	503	439	434
KCNAB3	120	136	81	58
KCNB1	3	3	2	1
KCNB2	5	3	0	0
KCNC1	0	1	0	0
KCNC2	0	0	0	0
KCNC3	21	17	59	45
KCNC4	369	363	310	279
KCNC4-AS1	2	1	0	0
KCND1	28	29	35	26
KCND2	2	1	0	1
KCND3	0	2	2	0
KCND3-IT1	0	0	0	0
KCNE1	7	4	7	7
KCNE1L	6	6	9	3
KCNE2	1	1	0	1
KCNE3	0	0	1	0
KCNE4	1	0	1	0
KCNF1	16	12	9	12
KCNG1	1446	1478	1923	1831
KCNG2	1	0	1	0
KCNG3	0	1	0	0
KCNG4	0	0	0	0
KCNH1	2	3	1	1
KCNH2	200	173	165	151
KCNH3	202	206	22	23
KCNH4	37	35	4	1
KCNH5	0	0	0	0
KCNH6	0	0	1	0
KCNH7	0	0	0	0
KCNH8	0	0	0	0
KCNIP1	0	0	0	0
KCNIP2	110	129	127	114
KCNIP2-AS1	6	2	0	2
KCNIP3	14	12	25	27
KCNIP4	0	1	0	2
KCNIP4-IT1	0	0	0	0
KCNJ1	6	10	5	4
KCNJ10	7	3	4	2
KCNJ11	26	17	8	11
KCNJ12	201	172	689	672
KCNJ13	1	0	2	2
KCNJ14	70	77	54	42
KCNJ15	279	311	28	30
KCNJ16	2	4	5	3
KCNJ18	0	0	0	0
KCNJ2	34	37	24	32
KCNJ2-AS1	4	3	5	3
KCNJ3	3	1	4	3
KCNJ4	6	8	3	5
KCNJ5	12	4	2	6
KCNJ6	3	0	1	7
KCNJ8	0	0	0	0
KCNJ9	0	0	0	0
KCNK1	1764	1805	3392	3243
KCNK10	0	1	1	2
KCNK12	0	0	0	0
KCNK13	2	3	5	3
KCNK15	794	911	4326	3991
KCNK16	0	0	0	0
KCNK17	5	3	0	3
KCNK18	0	0	0	0
KCNK2	2	2	1	1
KCNK3	36	36	30	33
KCNK4	0	1	2	1
KCNK5	339	319	247	235
KCNK6	386	350	475	432
KCNK7	2	0	0	3
KCNK9	8	7	11	7
KCNMA1	4	5	7	2
KCNMB1	8	3	43	32
KCNMB2	0	0	0	1
KCNMB3	251	202	209	214
KCNMB4	787	755	738	760
KCNN1	1	0	1	1
KCNN2	0	1	0	0
KCNN3	3	4	2	1
KCNN4	10422	10407	10791	10126
KCNQ1	86	86	86	95
KCNQ1DN	0	0	0	0
KCNQ1OT1	1220	1233	1224	1095
KCNQ2	0	1	0	0
KCNQ3	12	17	132	110
KCNQ4	12	17	14	14
KCNQ5	3	1	1	0
KCNQ5-AS1	0	0	0	0
KCNQ5-IT1	0	0	0	0
KCNRG	9	15	6	7
KCNS1	5	3	4	4
KCNS2	0	0	0	0
KCNS3	636	616	818	710
KCNT1	0	0	2	0
KCNT2	0	0	0	1
KCNU1	2	2	1	0
KCNV1	0	0	0	0
KCNV2	0	0	0	0
KCP	831	939	943	771
KCTD1	2853	2863	2332	2343
KCTD10	3115	2984	2341	2364
KCTD11	1639	1494	1421	1326
KCTD12	3391	3296	796	841
KCTD13	319	368	396	411
KCTD14	9	15	4	5
KCTD15	2023	1998	623	575
KCTD16	4	2	0	1
KCTD17	232	251	246	245
KCTD18	1821	1722	1273	1340
KCTD19	1	0	1	1
KCTD2	1563	1499	1698	1572
KCTD20	14716	14532	9690	9723
KCTD21	790	722	1087	1045
KCTD21-AS1	50	69	42	25
KCTD3	10187	9891	9668	9461
KCTD4	0	2	1	4
KCTD5	1984	1971	1551	1478
KCTD6	435	446	527	495
KCTD7	549	536	599	597
KCTD8	0	0	0	0
KCTD9	2271	2130	1241	1194
KDELC1	630	639	426	417
KDELC2	4433	4307	3347	3244
KDELR1	9721	9821	11433	11180
KDELR2	14249	13987	16904	16685
KDELR3	347	402	565	554
KDF1	668	648	566	530
KDM1A	4828	4531	3380	3315
KDM1B	2173	2005	1521	1640
KDM2A	15364	14715	14839	13618
KDM2B	1918	2007	1832	1804
KDM3A	1833	1773	1770	1602
KDM3B	7159	6647	5472	5294
KDM4A	4328	4066	3409	3332
KDM4A-AS1	19	20	15	20
KDM4B	1550	1564	1826	1796
KDM4C	1167	1096	1029	937
KDM4D	67	72	27	33
KDM4E	0	0	0	0
KDM5A	4215	3873	3602	3568
KDM5B	8810	8229	10170	9693
KDM5C	9648	9195	9713	9271
KDM5D	0	0	0	0
KDM6A	3171	3087	2519	2430
KDM6B	1885	1817	2697	2491
KDM7A	604	561	907	895
KDM8	181	171	159	153
KDR	0	0	0	1
KDSR	5164	4981	5437	5073
KEAP1	4438	4261	3646	3495
KEL	102	68	10	6
KERA	0	0	1	1
KGFLP1	101	84	111	134
KGFLP2	101	105	119	123
KHDC1	14	16	14	14
KHDC1L	0	0	0	1
KHDC3L	0	0	0	0
KHDRBS1	9765	9733	7125	7156
KHDRBS2	0	1	0	0
KHDRBS3	72	66	62	48
KHK	226	205	166	176
KHNYN	5699	5518	6473	6128
KHSRP	8051	7707	4907	4906
KIAA0020	3222	3040	1872	1808
KIAA0040	4528	4165	3387	3251
KIAA0087	0	1	1	0
KIAA0100	22534	21630	21203	20051
KIAA0101	3173	3019	1097	1154
KIAA0125	176	135	4	12
KIAA0141	3959	3943	3565	3495
KIAA0195	3620	3655	3398	3010
KIAA0196	9736	9257	7703	7645
KIAA0226	1120	1059	1374	1213
KIAA0226L	3	7	5	7
KIAA0232	3144	2959	3388	3284
KIAA0247	3999	3808	7620	7033
KIAA0319	606	594	860	890
KIAA0319L	3942	3747	6917	6605
KIAA0355	1026	901	990	941
KIAA0368	8508	8088	7014	6698
KIAA0391	3225	2986	2388	2376
KIAA0408	0	0	0	0
KIAA0430	3984	3578	3977	3818
KIAA0513	1224	1042	1352	1336
KIAA0556	1358	1453	1665	1509
KIAA0586	1503	1285	570	561
KIAA0753	1557	1582	1536	1408
KIAA0754	1361	1045	1424	1412
KIAA0825	120	102	166	140
KIAA0895	1218	1162	926	939
KIAA0895L	686	784	1121	867
KIAA0907	3496	3613	3516	3219
KIAA0922	917	909	811	773
KIAA0930	4101	3846	3256	3220
KIAA0947	7354	6903	5603	5427
KIAA1024	50	63	90	92
KIAA1024L	0	0	0	0
KIAA1033	5619	5098	5353	5440
KIAA1045	0	0	0	0
KIAA1107	327	311	302	316
KIAA1109	5627	5121	5905	5728
KIAA1143	3759	3649	3103	3043
KIAA1147	2966	2904	3538	3089
KIAA1161	6560	6439	9881	9759
KIAA1191	5426	5279	6050	5961
KIAA1210	2	0	2	2
KIAA1211	52	51	18	19
KIAA1211L	1375	1286	1268	1239
KIAA1217	5752	5478	3266	3124
KIAA1244	5647	4880	6435	6371
KIAA1257	15	22	7	11
KIAA1279	2984	2911	3060	2897
KIAA1324	823	792	110	110
KIAA1324L	1819	1864	1312	1253
KIAA1328	476	515	316	321
KIAA1377	721	665	573	565
KIAA1407	151	128	226	165
KIAA1429	7141	6703	5551	5437
KIAA1430	4507	4289	2703	2779
KIAA1432	3253	3139	2698	2643
KIAA1456	289	259	493	411
KIAA1462	60	60	146	164
KIAA1467	193	178	159	139
KIAA1468	3147	3052	2629	2559
KIAA1522	13610	13291	13641	12532
KIAA1524	2817	2745	949	998
KIAA1549	1579	1485	1799	1927
KIAA1549L	274	255	445	411
KIAA1551	1650	1568	1370	1274
KIAA1586	1117	1004	667	739
KIAA1598	5844	5724	8460	8209
KIAA1614	529	450	648	629
KIAA1644	1	1	0	2
KIAA1656	68	83	90	93
KIAA1671	8064	7102	4615	4648
KIAA1683	3	5	14	11
KIAA1715	2804	2600	2305	2354
KIAA1731	3823	3797	2427	2384
KIAA1751	2	0	0	0
KIAA1755	36	35	29	32
KIAA1804	1315	1231	1280	1279
KIAA1841	1315	1264	997	971
KIAA1875	796	822	1140	958
KIAA1919	973	881	1064	980
KIAA1958	548	506	445	409
KIAA2013	1756	1858	2610	2508
KIAA2018	1451	1332	1299	1226
KIAA2022	0	0	1	1
KIAA2026	2014	1946	1995	1785
KIDINS220	4653	4604	4797	4705
KIF11	9609	9167	2589	2651
KIF12	5	11	7	12
KIF13A	4127	3755	3603	3596
KIF13B	952	771	2632	2586
KIF14	7098	6578	1102	1041
KIF15	2444	2401	732	712
KIF16B	616	527	511	501
KIF17	1	1	2	1
KIF18A	1528	1482	408	416
KIF18B	3021	3212	858	777
KIF19	0	0	0	0
KIF1A	2	0	0	1
KIF1B	2896	2649	2312	2408
KIF1C	13176	12451	12547	12430
KIF20A	9246	8876	1547	1532
KIF20B	6469	6202	1713	1820
KIF21A	2140	2141	1554	1617
KIF21B	329	299	112	105
KIF22	6035	5966	2156	2151
KIF23	8283	8438	2393	2311
KIF24	1045	1023	427	434
KIF25	0	0	0	0
KIF25-AS1	0	0	0	0
KIF26A	936	968	646	580
KIF26B	6	7	3	6
KIF27	455	447	552	469
KIF2A	3077	3130	2041	2045
KIF2B	0	0	0	0
KIF2C	6792	6622	1413	1447
KIF3A	1566	1326	1132	1150
KIF3B	7676	7267	9089	9088
KIF3C	152	144	166	144
KIF4A	4683	4586	1187	1134
KIF4B	0	0	0	0
KIF5A	13	13	13	12
KIF5B	15764	14788	13896	13938
KIF5C	103	106	57	48
KIF6	16	14	12	25
KIF7	1193	1154	1086	1102
KIF9	255	245	274	263
KIF9-AS1	62	62	58	63
KIFAP3	1528	1433	1443	1391
KIFC1	7526	7502	2029	1952
KIFC2	2558	2833	3985	3392
KIFC3	3358	3341	3966	3758
KIN	722	660	637	662
KIR2DL1	0	0	0	0
KIR2DL2	0	0	0	0
KIR2DL3	0	0	0	0
KIR2DL4	0	0	0	0
KIR2DL5A	0	0	0	0
KIR2DL5B	0	0	0	0
KIR2DS1	0	0	0	0
KIR2DS2	0	0	0	0
KIR2DS3	0	0	0	0
KIR2DS4	0	0	0	0
KIR2DS5	0	0	0	0
KIR3DL1	0	0	0	0
KIR3DL2	0	0	0	0
KIR3DL3	0	0	0	0
KIR3DS1	0	0	0	0
KIR3DX1	0	0	0	0
KIRREL	3462	3317	1687	1629
KIRREL2	0	0	0	1
KIRREL3	4	9	30	25
KIRREL3-AS2	0	0	0	0
KIRREL3-AS3	0	0	0	0
KISS1	54	67	180	158
KISS1R	1	1	4	5
KIT	5	4	18	21
KITLG	6150	6055	4244	4082
KIZ	758	740	483	538
KL	0	0	1	0
KLB	1	1	0	0
KLC1	3733	3666	3607	3503
KLC2	2946	2968	3143	3039
KLC3	687	635	573	549
KLC4	1857	1899	2496	2330
KLF1	7	5	3	4
KLF10	4169	3975	4881	4798
KLF11	475	439	550	496
KLF12	1607	1538	1574	1444
KLF13	6374	6144	5874	5881
KLF14	0	1	0	1
KLF15	25	28	7	9
KLF16	804	804	756	722
KLF17	0	0	1	0
KLF2	19	5	14	11
KLF3	4215	3983	4239	4162
KLF3-AS1	37	39	54	53
KLF4	145	152	412	393
KLF5	13828	12991	17035	16325
KLF6	1148	1201	612	599
KLF7	1251	1254	990	884
KLF8	66	95	74	76
KLF9	453	435	349	364
KLHDC1	91	106	124	114
KLHDC10	3145	2991	2985	2974
KLHDC2	4076	3841	5766	5567
KLHDC3	3848	3900	3669	3386
KLHDC4	1696	1671	1279	1289
KLHDC7A	396	410	86	93
KLHDC7B	139	116	300	264
KLHDC8A	1	4	5	6
KLHDC8B	291	302	242	225
KLHDC9	186	160	258	242
KLHL1	0	0	0	0
KLHL10	8	5	10	13
KLHL11	304	274	247	222
KLHL12	3479	3322	2184	2102
KLHL13	1280	1161	338	310
KLHL14	0	0	0	0
KLHL15	698	692	1931	2016
KLHL17	318	345	290	274
KLHL18	1315	1306	1228	1167
KLHL2	1526	1389	2398	2312
KLHL20	2150	2056	1677	1669
KLHL21	1303	1221	1032	1007
KLHL22	1091	1111	1231	1148
KLHL23	29	24	14	11
KLHL24	2193	1917	3786	3772
KLHL25	852	871	834	832
KLHL26	385	422	451	389
KLHL28	1009	933	931	880
KLHL29	263	230	200	148
KLHL3	463	497	713	699
KLHL30	135	105	132	109
KLHL31	53	69	70	59
KLHL32	2	3	9	5
KLHL33	0	0	0	0
KLHL34	0	0	0	0
KLHL35	211	226	277	244
KLHL36	1250	1242	1315	1251
KLHL38	91	91	118	106
KLHL4	0	0	1	0
KLHL40	0	0	0	0
KLHL41	28	32	36	39
KLHL42	3707	3668	3605	3479
KLHL5	5945	5659	5724	5614
KLHL6	0	2	1	0
KLHL7	2605	2500	2425	2477
KLHL7-AS1	91	88	48	40
KLHL8	1225	1225	1115	1076
KLHL9	3312	3132	3175	3074
KLK1	2	0	1	0
KLK10	211	188	33	28
KLK11	1	5	0	1
KLK12	0	0	0	0
KLK13	1	2	0	0
KLK14	5	6	2	4
KLK15	0	0	0	0
KLK2	0	0	0	0
KLK3	0	0	0	0
KLK4	0	0	0	0
KLK5	360	359	62	49
KLK6	200	221	87	121
KLK7	9	2	0	1
KLK8	17	3	0	0
KLK9	101	75	2	0
KLKB1	5	1	18	14
KLKP1	1	0	0	0
KLLN	61	55	53	47
KLRAP1	85	98	74	86
KLRB1	0	0	0	0
KLRC1	0	0	0	0
KLRC2	0	1	0	1
KLRC3	4	0	0	0
KLRC4	0	0	3	0
KLRC4-KLRK1	0	0	0	0
KLRD1	3	0	4	3
KLRF1	0	0	0	0
KLRF2	0	0	1	0
KLRG1	9	18	15	9
KLRG2	35	35	13	9
KLRK1	0	0	0	0
KMO	207	184	134	146
KMT2A	6455	5637	5006	4978
KMT2B	2789	2791	2398	2177
KMT2C	3952	3410	3345	3258
KMT2D	5456	4109	3786	4107
KMT2E	3328	3339	2946	2815
KMT2E-AS1	104	124	76	72
KNCN	0	0	0	0
KNDC1	64	39	133	95
KNG1	41	49	539	501
KNOP1	2020	2019	1693	1672
KNSTRN	4160	3895	1170	1170
KNTC1	4058	4037	1774	1785
KPNA1	6420	6192	5016	5093
KPNA2	23353	22311	6824	6958
KPNA3	6856	6710	5732	5748
KPNA4	4696	4551	4258	4316
KPNA5	433	424	396	431
KPNA6	5717	5675	6101	5970
KPNA7	97	68	100	104
KPNB1	17842	17676	10706	10759
KPRP	0	0	0	0
KPTN	523	487	381	341
KRAS	4431	4120	2903	3005
KRBA1	1012	951	716	687
KRBA2	125	137	167	164
KRBOX1	1	0	0	0
KRBOX4	399	409	402	369
KRCC1	3259	3106	3131	3267
KREMEN1	2139	1932	1635	1601
KREMEN2	15	18	23	23
KRI1	2320	2231	1471	1242
KRIT1	3007	2953	2187	2080
KRR1	2735	2615	1835	1854
KRT1	3	2	0	0
KRT10	1181	1207	1233	1247
KRT12	0	0	0	0
KRT13	6439	6811	13208	13369
KRT14	244	231	74	72
KRT15	3097	2852	1365	1182
KRT16	272	273	431	442
KRT16P1	1	3	4	3
KRT16P2	1	0	1	0
KRT16P3	1	2	12	0
KRT17	215886	209750	154553	158060
KRT18	42415	41441	102824	102269
KRT18P55	4	0	1	1
KRT19	17461	16361	18974	19015
KRT19P2	0	0	0	0
KRT2	1	2	1	3
KRT20	0	0	0	0
KRT222	153	151	79	82
KRT23	16	12	18	17
KRT24	3	0	1	0
KRT25	0	0	0	0
KRT26	0	0	0	0
KRT27	0	0	0	0
KRT28	0	0	0	0
KRT3	6	5	1	3
KRT31	0	0	0	0
KRT32	2	3	0	0
KRT33A	0	0	3	0
KRT33B	1	1	1	0
KRT34	6	5	7	4
KRT35	0	0	0	0
KRT36	0	1	0	0
KRT37	0	0	0	0
KRT38	1	0	0	0
KRT39	1	1	2	6
KRT4	2352	2082	1447	1472
KRT40	0	0	0	2
KRT42P	4	9	12	29
KRT5	44750	38001	7377	7733
KRT6A	833	699	971	922
KRT6B	182	187	379	366
KRT6C	1	0	4	1
KRT7	66973	65851	95524	94643
KRT71	0	1	0	0
KRT72	1	1	0	1
KRT73	4	2	0	1
KRT74	3	3	0	1
KRT75	0	0	1	0
KRT76	0	0	1	0
KRT77	0	2	1	0
KRT78	23	24	26	28
KRT79	0	1	0	0
KRT8	81173	79877	167894	170294
KRT80	20290	20099	40237	39480
KRT81	62703	57486	93341	90199
KRT82	1	0	0	0
KRT83	54	43	26	31
KRT84	2	1	8	12
KRT85	0	2	1	2
KRT86	969	853	1446	1503
KRT8P41	0	0	0	0
KRT9	65	52	23	27
KRTAP1-1	0	0	0	0
KRTAP1-3	0	0	0	0
KRTAP1-4	0	0	0	0
KRTAP1-5	0	0	0	0
KRTAP10-1	0	0	0	0
KRTAP10-10	0	0	0	0
KRTAP10-11	0	0	0	0
KRTAP10-12	0	0	0	0
KRTAP10-2	0	0	0	0
KRTAP10-3	0	0	0	0
KRTAP10-4	0	0	0	0
KRTAP10-5	0	0	0	0
KRTAP10-6	1	0	0	0
KRTAP10-7	0	0	0	0
KRTAP10-8	0	0	0	0
KRTAP10-9	0	0	0	0
KRTAP11-1	0	0	0	0
KRTAP12-1	2	0	0	0
KRTAP12-2	0	0	0	0
KRTAP12-3	0	0	0	0
KRTAP12-4	0	0	0	0
KRTAP13-1	0	0	0	0
KRTAP13-2	0	0	0	0
KRTAP13-3	0	0	0	0
KRTAP13-4	0	0	0	0
KRTAP15-1	0	0	0	0
KRTAP16-1	0	0	0	0
KRTAP17-1	0	0	0	0
KRTAP19-1	0	0	0	0
KRTAP19-2	0	0	0	0
KRTAP19-3	0	0	0	0
KRTAP19-4	0	0	0	0
KRTAP19-5	0	0	0	0
KRTAP19-6	0	0	0	0
KRTAP19-7	0	0	0	0
KRTAP19-8	0	0	0	0
KRTAP2-1	0	0	0	0
KRTAP2-2	0	1	0	0
KRTAP2-3	0	0	0	0
KRTAP2-4	0	0	0	0
KRTAP20-1	0	0	0	0
KRTAP20-2	0	0	0	0
KRTAP20-3	0	0	0	0
KRTAP20-4	0	0	0	0
KRTAP21-1	0	0	0	0
KRTAP21-2	0	0	0	0
KRTAP21-3	0	0	0	0
KRTAP22-1	0	0	0	0
KRTAP22-2	0	0	0	0
KRTAP23-1	0	0	0	0
KRTAP24-1	0	0	0	0
KRTAP25-1	0	0	0	0
KRTAP26-1	0	0	0	0
KRTAP27-1	0	0	0	0
KRTAP29-1	0	0	0	0
KRTAP3-1	0	0	0	0
KRTAP3-2	0	0	0	0
KRTAP3-3	0	0	0	0
KRTAP4-1	33	33	41	36
KRTAP4-11	0	0	0	0
KRTAP4-12	0	0	0	0
KRTAP4-2	0	0	1	0
KRTAP4-3	0	0	0	0
KRTAP4-4	0	0	0	0
KRTAP4-5	0	0	0	0
KRTAP4-6	0	0	0	0
KRTAP4-7	0	0	0	0
KRTAP4-8	0	0	0	0
KRTAP4-9	0	0	0	0
KRTAP5-1	1	0	0	0
KRTAP5-10	0	0	0	0
KRTAP5-11	0	0	0	0
KRTAP5-2	0	0	1	2
KRTAP5-3	0	0	0	0
KRTAP5-4	0	0	0	0
KRTAP5-5	0	0	0	0
KRTAP5-6	0	0	0	0
KRTAP5-7	0	1	1	1
KRTAP5-8	0	2	1	1
KRTAP5-9	1	0	1	0
KRTAP5-AS1	377	329	1005	927
KRTAP6-1	0	0	0	0
KRTAP6-2	0	0	0	0
KRTAP6-3	0	0	0	0
KRTAP7-1	0	0	0	0
KRTAP8-1	0	0	0	0
KRTAP9-1	0	0	0	0
KRTAP9-2	0	0	0	0
KRTAP9-3	0	0	0	0
KRTAP9-4	0	0	0	0
KRTAP9-6	0	0	0	0
KRTAP9-7	0	0	0	0
KRTAP9-8	0	0	0	0
KRTAP9-9	0	0	0	0
KRTCAP2	3562	3454	6439	6121
KRTCAP3	70	78	62	75
KRTDAP	1	0	1	1
KSR1	2975	3092	3178	2757
KSR2	61	65	97	104
KTI12	0	0	0	0
KTN1	22727	21672	20892	19967
KTN1-AS1	44	49	24	22
KXD1	2354	2276	1914	1944
KY	11	6	73	49
KYNU	13851	12932	22314	22138
L1CAM	2859	2876	2230	2143
L1TD1	4	1	1	0
L2HGDH	1978	1955	1500	1592
L3HYPDH	715	712	515	535
L3MBTL1	320	325	300	197
L3MBTL2	1543	1414	1453	1344
L3MBTL3	319	318	274	269
L3MBTL4	0	0	0	0
LACC1	1749	1855	2014	2035
LACE1	531	510	578	554
LACRT	0	0	0	0
LACTB	1252	1246	2532	2533
LACTB2	2986	3041	3645	3753
LACTBL1	0	0	0	0
LAD1	7217	6720	3317	3116
LAG3	17	33	3	3
LAGE3	396	343	345	337
LAIR1	3	5	4	3
LAIR2	0	0	0	0
LALBA	0	0	0	0
LAMA1	43	31	7	10
LAMA2	27	32	15	17
LAMA3	7348	6760	11839	11667
LAMA4	27	34	56	52
LAMA5	48985	48886	55849	50347
LAMB1	8295	7855	9442	8873
LAMB2	19655	18763	29427	26581
LAMB2P1	18	7	11	3
LAMB3	34276	33232	40527	38077
LAMB4	22	12	3	10
LAMC1	30558	28288	28743	27991
LAMC2	12822	12067	28546	27500
LAMC3	8	5	4	6
LAMP1	36510	36574	48291	46749
LAMP2	13301	12622	16532	15870
LAMP3	240	230	325	272
LAMP5	0	0	0	0
LAMP5-AS1	0	0	0	0
LAMTOR1	6444	6414	5737	5548
LAMTOR2	1675	1552	1766	1763
LAMTOR3	2128	1999	1845	1815
LAMTOR4	1849	1654	1537	1496
LAMTOR5	3768	3464	4103	4021
LAMTOR5-AS1	46	37	38	40
LANCL1	7604	7203	5832	5838
LANCL2	2131	1977	1821	1652
LANCL3	61	56	46	48
LAP3	4826	4664	4486	4544
LAPTM4A	18405	18211	37730	36239
LAPTM4B	28662	28090	29037	27926
LAPTM5	76	76	70	69
LARGE	923	890	1505	1450
LARGE-AS1	0	0	0	0
LARP1	15397	15051	12175	11694
LARP1B	1471	1421	1265	1278
LARP4	6173	5601	6004	5799
LARP4B	5155	5210	5311	5203
LARP6	150	164	302	295
LARP7	3370	3227	2378	2365
LARS	11482	10972	8375	8462
LARS2	4398	4169	4606	4369
LARS2-AS1	0	1	0	0
LAS1L	2893	2784	2166	2023
LASP1	15624	14954	18953	18843
LAT	133	152	144	138
LAT2	11	7	20	18
LATS1	4798	4563	3716	3690
LATS2	3988	4059	8589	8537
LAX1	14	19	2	2
LAYN	2	0	0	2
LBH	36	35	25	28
LBP	1	0	7	2
LBR	5749	5533	2215	2280
LBX1	12	16	11	7
LBX1-AS1	43	57	67	43
LBX2	35	34	33	27
LBX2-AS1	77	76	92	77
LCA5	832	796	663	666
LCA5L	83	83	118	114
LCAT	913	1028	793	734
LCE1A	0	0	0	0
LCE1B	15	13	3	0
LCE1C	5	1	0	0
LCE1D	0	1	0	0
LCE1E	29	28	3	5
LCE1F	0	0	0	0
LCE2A	0	0	0	0
LCE2B	0	0	0	0
LCE2C	0	0	0	0
LCE2D	0	0	0	0
LCE3A	0	0	0	0
LCE3B	0	0	0	0
LCE3C	0	0	0	0
LCE3D	0	0	0	0
LCE3E	0	0	0	2
LCE4A	0	0	0	0
LCE5A	0	1	3	0
LCE6A	0	0	0	0
LCK	3	1	0	2
LCLAT1	2065	1977	1575	1501
LCMT1	1545	1466	1330	1369
LCMT2	1174	1065	1014	987
LCN1	0	0	0	0
LCN10	0	0	0	0
LCN12	30	50	103	81
LCN15	4	3	0	1
LCN2	12637	12492	55013	52346
LCN6	0	0	0	0
LCN8	0	0	0	0
LCN9	0	0	0	0
LCNL1	0	0	0	0
LCOR	1582	1448	1256	1254
LCORL	551	558	418	400
LCP1	686	669	239	270
LCP2	0	0	0	0
LCT	1	0	1	0
LCTL	1	1	1	1
LDB1	3014	3116	3076	2729
LDB2	0	0	0	0
LDB3	33	33	52	56
LDHA	80274	77448	99562	100238
LDHAL6A	0	0	0	0
LDHAL6B	0	0	0	0
LDHB	40151	38334	25001	25365
LDHC	0	0	2	1
LDHD	113	102	131	104
LDLR	9343	9048	8920	8164
LDLRAD1	77	94	98	85
LDLRAD2	0	0	0	3
LDLRAD3	768	809	293	292
LDLRAD4	0	1	5	3
LDLRAD4-AS1	0	0	0	0
LDLRAP1	1327	1248	2090	1912
LDOC1	0	0	0	1
LDOC1L	2220	2123	1851	1869
LEAP2	22	15	17	3
LECT1	0	0	0	0
LECT2	1	0	1	0
LEF1	0	1	0	1
LEF1-AS1	0	0	0	0
LEFTY1	0	1	0	1
LEFTY2	1	0	0	0
LEKR1	2	2	6	6
LELP1	0	0	0	0
LEMD1	64	44	152	135
LEMD1-AS1	0	0	1	0
LEMD2	4879	4888	4802	4631
LEMD3	2840	2768	2773	2795
LENEP	0	0	0	0
LENG1	421	368	338	320
LENG8	6747	8041	9818	7452
LENG9	417	394	714	689
LEO1	2016	1932	1817	1820
LEP	0	0	1	1
LEPR	496	476	400	393
LEPRE1	1131	1083	1855	1663
LEPREL1	3531	3537	3358	3067
LEPREL2	2	0	5	2
LEPREL4	1457	1452	2426	2242
LEPROT	4145	4223	6698	6511
LEPROTL1	1820	1815	2583	2431
LETM1	4247	4229	4109	3920
LETM2	108	106	79	83
LETMD1	2332	2284	2176	2048
LEUTX	0	0	0	0
LFNG	612	659	488	432
LGALS1	4991	4432	1241	1160
LGALS12	0	0	0	0
LGALS13	0	0	0	0
LGALS14	0	0	3	5
LGALS16	0	0	0	0
LGALS17A	1	3	3	5
LGALS2	0	0	0	0
LGALS3	5607	5434	13014	12958
LGALS3BP	36351	35500	55705	51971
LGALS4	39	44	48	32
LGALS7	0	0	0	0
LGALS7B	4	3	0	0
LGALS8	5143	5167	5204	5083
LGALS8-AS1	13	4	8	4
LGALS9	260	264	1280	1168
LGALS9B	98	87	209	193
LGALS9C	345	337	587	548
LGALSL	485	468	374	389
LGI1	0	0	0	0
LGI2	23	17	12	12
LGI3	0	2	2	2
LGI4	3	3	2	3
LGMN	2374	2446	3678	3397
LGR4	4707	4560	4323	4198
LGR5	2	1	1	3
LGR6	385	409	515	432
LGSN	90	84	36	37
LHB	11	13	33	26
LHCGR	2	0	6	6
LHFP	388	356	224	237
LHFPL1	0	2	1	1
LHFPL2	1281	1297	2978	2845
LHFPL3	0	0	0	0
LHFPL3-AS1	0	0	0	0
LHFPL3-AS2	2	1	0	0
LHFPL4	0	0	0	0
LHFPL5	7	6	10	9
LHPP	638	604	446	439
LHX1	15	10	5	7
LHX2	1	1	0	0
LHX3	2	0	1	0
LHX4	44	46	45	57
LHX4-AS1	582	693	511	408
LHX5	32	28	33	29
LHX6	30	29	27	28
LHX8	0	0	0	0
LHX9	3	2	0	0
LIAS	583	474	436	370
LIF	911	959	1147	959
LIFR	1755	1659	1375	1299
LIFR-AS1	51	71	54	53
LIG1	4328	4431	1907	1957
LIG3	1771	1775	1124	1041
LIG4	2276	2266	2318	2274
LILRA1	0	0	0	0
LILRA2	0	0	0	0
LILRA3	0	0	0	1
LILRA4	0	0	0	0
LILRA5	0	0	1	0
LILRA6	0	0	0	0
LILRB1	0	0	1	0
LILRB2	0	0	0	0
LILRB3	2	2	2	0
LILRB4	0	0	0	0
LILRB5	0	0	0	0
LILRP2	0	0	0	0
LIM2	0	0	0	0
LIMA1	7455	7191	6100	5997
LIMCH1	17376	17809	21886	21362
LIMD1	3161	2969	2392	2216
LIMD1-AS1	8	8	4	1
LIMD2	21	21	19	15
LIME1	322	384	391	307
LIMK1	1179	1154	1616	1526
LIMK2	15310	14570	11599	11411
LIMS1	4477	4206	3484	3512
LIMS2	83	117	263	252
LIMS3	0	0	0	0
LIMS3-LOC440895	0	2	3	2
LIMS3L	0	0	0	0
LIN28A	0	1	2	0
LIN28B	0	1	0	2
LIN37	251	298	227	238
LIN52	299	267	182	193
LIN54	2139	2134	1387	1456
LIN7A	0	0	0	0
LIN7B	66	42	91	63
LIN7C	1780	1656	1583	1517
LIN9	972	858	407	408
LINC-PINT	120	108	109	108
LINC-ROR	3	1	5	3
LINC00028	0	0	0	0
LINC00029	0	0	0	0
LINC00032	4	0	2	2
LINC00035	5	16	10	6
LINC00051	0	0	0	0
LINC00052	7	4	8	11
LINC00086	274	235	132	107
LINC00087	23	25	22	12
LINC00092	0	0	0	0
LINC00094	607	614	570	544
LINC00102	0	0	0	0
LINC00111	2	0	1	0
LINC00112	0	2	1	1
LINC00113	25	10	47	36
LINC00114	1	3	0	0
LINC00115	55	49	46	40
LINC00116	628	582	605	635
LINC00152	294	322	211	202
LINC00158	0	0	0	0
LINC00159	0	0	0	0
LINC00160	3	15	18	26
LINC00161	0	0	0	0
LINC00162	0	0	1	1
LINC00163	0	0	0	0
LINC00167	4	1	1	2
LINC00173	6	4	7	1
LINC00174	320	300	314	264
LINC00176	58	72	56	50
LINC00184	16	9	33	28
LINC00189	0	0	0	0
LINC00200	0	0	0	0
LINC00202-1	8	8	14	9
LINC00202-2	2	1	1	1
LINC00207	0	0	0	0
LINC00208	0	0	0	0
LINC00210	0	0	0	0
LINC00211	1	0	0	0
LINC00221	0	0	0	0
LINC00222	1	0	1	0
LINC00226	0	0	0	0
LINC00229	0	0	0	0
LINC00235	20	14	14	15
LINC00238	0	0	0	0
LINC00239	58	79	66	68
LINC00240	24	19	11	13
LINC00242	9	5	2	0
LINC00244	0	0	0	0
LINC00251	0	0	0	0
LINC00254	0	0	0	0
LINC00260	19	9	6	15
LINC00261	0	0	0	0
LINC00263	389	319	486	402
LINC00264	0	0	0	0
LINC00265	622	707	503	471
LINC00266-1	18	10	12	15
LINC00266-3	3	1	4	2
LINC00269	0	0	0	0
LINC00271	2	7	12	14
LINC00272	1	3	1	3
LINC00273	0	0	0	0
LINC00276	0	0	0	0
LINC00277	1	0	0	0
LINC00278	0	0	0	0
LINC00280	0	0	0	0
LINC00282	1	4	2	1
LINC00284	167	173	346	352
LINC00290	0	0	0	0
LINC00293	0	0	0	0
LINC00294	3454	3494	2748	2758
LINC00297	0	0	0	0
LINC00298	0	0	0	0
LINC00299	0	0	0	0
LINC00301	0	0	0	0
LINC00303	0	0	0	0
LINC00304	0	2	9	16
LINC00305	0	0	0	0
LINC00307	0	0	0	0
LINC00308	0	0	0	0
LINC00309	0	0	0	0
LINC00310	3	6	2	1
LINC00311	6	4	8	7
LINC00312	6	8	4	3
LINC00313	343	330	436	357
LINC00314	0	0	0	0
LINC00316	0	0	0	0
LINC00317	0	0	0	0
LINC00319	956	1078	2500	2123
LINC00320	0	0	0	0
LINC00322	32	26	45	55
LINC00323	21	13	96	86
LINC00324	36	42	31	27
LINC00326	0	0	1	0
LINC00327	0	1	0	0
LINC00330	2	1	0	0
LINC00331	0	0	0	0
LINC00332	0	0	0	0
LINC00333	0	0	0	0
LINC00336	1	2	2	0
LINC00337	6	3	3	6
LINC00339	243	243	211	219
LINC00341	2	3	5	2
LINC00342	180	153	159	152
LINC00343	0	0	0	1
LINC00346	224	167	148	151
LINC00347	0	0	0	0
LINC00348	0	1	0	0
LINC00351	0	0	0	0
LINC00353	0	0	0	0
LINC00354	0	0	0	0
LINC00358	0	0	0	0
LINC00359	0	0	0	0
LINC00366	0	0	0	0
LINC00367	0	0	0	0
LINC00368	0	0	0	1
LINC00371	2	1	1	0
LINC00378	0	0	0	0
LINC00379	0	0	0	0
LINC00380	0	0	0	0
LINC00381	2	1	0	0
LINC00382	0	0	0	0
LINC00392	0	0	0	0
LINC00395	0	0	0	0
LINC00397	0	0	0	0
LINC00398	0	0	0	0
LINC00400	18	23	33	41
LINC00403	0	0	0	0
LINC00408	0	0	0	0
LINC00410	0	0	0	0
LINC00411	0	0	0	0
LINC00412	0	0	1	1
LINC00417	0	0	0	0
LINC00421	0	0	0	0
LINC00423	0	0	0	1
LINC00424	0	0	0	0
LINC00426	5	11	9	14
LINC00433	0	0	0	0
LINC00441	4	3	3	5
LINC00442	0	0	1	0
LINC00443	0	0	0	0
LINC00446	0	0	0	0
LINC00448	0	0	0	0
LINC00452	15	36	85	60
LINC00457	0	0	0	0
LINC00458	1	0	1	0
LINC00460	0	0	0	0
LINC00461	0	0	0	1
LINC00462	0	0	1	1
LINC00466	6	3	3	4
LINC00467	116	82	136	147
LINC00469	0	0	0	0
LINC00470	1	5	2	4
LINC00471	20	35	16	18
LINC00472	63	56	60	59
LINC00473	1785	1733	5987	5883
LINC00474	0	1	0	0
LINC00475	37	30	17	33
LINC00476	97	109	90	79
LINC00477	0	0	0	0
LINC00478	1	1	0	0
LINC00479	45	55	46	42
LINC00482	106	84	87	59
LINC00483	6	6	6	11
LINC00485	8	4	1	5
LINC00486	1	0	0	1
LINC00487	0	0	0	0
LINC00488	0	0	0	0
LINC00489	0	0	0	0
LINC00491	15	10	6	10
LINC00492	0	0	0	0
LINC00493	726	673	806	874
LINC00494	1	2	5	0
LINC00499	0	0	0	0
LINC00501	2	2	2	0
LINC00502	0	0	0	0
LINC00506	70	87	68	73
LINC00507	3	1	1	0
LINC00511	40	31	61	42
LINC00514	23	16	19	21
LINC00515	8	4	12	6
LINC00518	218	193	116	108
LINC00520	1	2	1	0
LINC00521	0	0	0	0
LINC00523	0	0	0	0
LINC00525	57	46	74	51
LINC00526	50	60	41	37
LINC00528	2	0	0	0
LINC00534	0	0	1	0
LINC00535	2	3	0	1
LINC00536	1	1	2	2
LINC00538	0	0	0	0
LINC00539	1	2	1	0
LINC00540	0	0	0	0
LINC00544	0	0	0	0
LINC00545	2	0	1	1
LINC00547	1	0	0	0
LINC00548	0	0	1	3
LINC00550	0	0	0	0
LINC00551	0	0	0	1
LINC00552	0	1	1	1
LINC00554	0	0	0	0
LINC00558	0	0	0	0
LINC00559	0	0	0	0
LINC00563	0	0	0	0
LINC00565	0	1	5	0
LINC00568	7	8	5	11
LINC00570	0	1	0	1
LINC00571	31	22	22	25
LINC00572	0	0	0	0
LINC00574	7	3	1	0
LINC00575	2	0	0	0
LINC00577	0	0	0	0
LINC00578	1	4	1	2
LINC00581	0	1	0	1
LINC00582	0	0	0	0
LINC00583	0	0	0	0
LINC00587	0	0	0	0
LINC00588	0	0	0	0
LINC00589	33	19	97	82
LINC00592	25	27	94	91
LINC00593	0	0	0	0
LINC00595	0	0	0	0
LINC00597	1	0	2	0
LINC00598	13	12	24	16
LINC00599	0	0	0	0
LINC00601	20	26	51	34
LINC00602	14	9	20	11
LINC00603	0	0	0	0
LINC00605	0	0	0	0
LINC00606	0	0	0	0
LINC00607	2	3	11	6
LINC00608	0	0	0	0
LINC00609	0	0	0	0
LINC00612	4	4	3	3
LINC00613	0	0	0	0
LINC00615	3	1	1	1
LINC00616	0	0	1	0
LINC00618	9	12	6	5
LINC00619	4	2	1	0
LINC00620	0	0	0	1
LINC00622	7	9	35	36
LINC00623	1	8	3	2
LINC00624	0	0	1	2
LINC00626	0	0	0	0
LINC00628	4	1	2	11
LINC00629	9	11	4	4
LINC00630	299	327	210	214
LINC00632	0	0	0	0
LINC00633	0	0	0	0
LINC00634	1	6	2	2
LINC00635	0	0	0	0
LINC00636	0	1	0	0
LINC00637	5	1	1	3
LINC00638	45	59	82	47
LINC00639	12	18	23	22
LINC00640	8	5	0	0
LINC00641	512	534	537	485
LINC00642	0	0	1	0
LINC00643	77	72	66	52
LINC00644	0	0	0	0
LINC00645	0	0	0	0
LINC00648	6	7	9	2
LINC00649	59	55	35	26
LINC00652	2	3	0	3
LINC00654	0	0	1	4
LINC00656	0	1	0	0
LINC00657	40513	38945	36288	36113
LINC00658	0	0	0	1
LINC00659	22	22	32	23
LINC00661	0	0	0	0
LINC00662	290	230	204	193
LINC00663	25	16	31	28
LINC00664	0	0	0	0
LINC00665	2	1	0	1
LINC00667	2332	2197	2623	2557
LINC00668	0	0	0	0
LINC00669	91	91	25	20
LINC00670	2	1	0	2
LINC00671	0	1	0	0
LINC00672	84	101	234	186
LINC00673	2073	1895	1436	1491
LINC00674	4124	3880	3712	3657
LINC00675	10	5	3	2
LINC00676	0	0	0	0
LINC00678	0	1	0	0
LINC00681	0	0	0	0
LINC00682	3	4	0	1
LINC00683	1	0	1	0
LINC00684	0	0	0	0
LINC00685	0	0	0	0
LINC00687	1	1	4	2
LINC00689	182	149	232	234
LINC00690	0	0	0	0
LINC00691	0	1	4	0
LINC00692	0	0	0	0
LINC00693	0	0	0	0
LINC00696	1	0	0	0
LINC00698	0	0	0	0
LINC00700	0	0	0	0
LINC00701	0	0	0	0
LINC00702	4	7	6	8
LINC00703	0	0	0	0
LINC00704	1	2	3	0
LINC00705	0	0	0	0
LINC00706	1	1	3	1
LINC00707	831	798	602	550
LINC00708	0	0	0	0
LINC00709	0	0	0	0
LINC00710	0	0	0	0
LINC00836	0	0	0	0
LINC00837	0	0	0	0
LINC00838	0	0	0	0
LINC00839	0	0	0	0
LINC00840	2	1	0	1
LINC00841	0	0	0	0
LINC00842	1151	1177	656	593
LINC00844	0	0	0	0
LINC00845	0	0	0	0
LINC00847	232	245	255	232
LINC00850	0	0	0	0
LINC00851	0	0	0	0
LINC00852	23	19	26	18
LINC00853	32	36	34	52
LINC00854	4	0	4	3
LINC00856	0	0	0	0
LINC00857	1180	1123	1186	1126
LINC00858	0	0	0	1
LINC00861	1	0	0	1
LINC00862	6	2	13	13
LINC00864	2	6	4	4
LINC00865	1	0	1	1
LINC00866	1	0	1	1
LINC00867	0	3	1	0
LINC00869	18	26	35	32
LINC00870	0	1	0	0
LINC00871	0	0	0	0
LINC00877	0	0	0	0
LINC00879	0	0	0	0
LINC00880	1	1	0	0
LINC00881	0	0	0	0
LINC00882	5	3	4	5
LINC00883	500	513	345	336
LINC00884	1	5	2	2
LINC00885	136	121	73	69
LINC00886	38	35	103	99
LINC00887	14	7	10	10
LINC00888	499	531	502	477
LINC00889	0	0	0	0
LINC00890	0	0	0	0
LINC00891	0	0	0	0
LINC00892	0	0	0	0
LINC00893	85	77	206	173
LINC00894	155	183	353	246
LINC00895	0	0	0	0
LINC00896	9	16	9	5
LINC00898	1	2	0	1
LINC00899	100	87	51	77
LINC00900	0	0	0	0
LINC00904	0	0	0	0
LINC00905	0	0	0	0
LINC00906	0	0	0	0
LINC00907	1	3	4	3
LINC00908	9	8	10	3
LINC00909	661	635	483	471
LINC00910	65	57	51	54
LINC00911	0	0	0	0
LINC00917	0	0	0	0
LINC00919	0	0	0	0
LINC00920	91	88	104	114
LINC00921	17	19	21	25
LINC00922	0	1	0	0
LINC00923	0	1	1	1
LINC00924	4	5	11	6
LINC00925	15	9	3	0
LINC00926	19	22	20	18
LINC00927	0	0	0	0
LINC00928	0	0	0	0
LINC00929	0	0	0	1
LINC00930	1	0	0	0
LINC00933	54	45	120	89
LINC00934	0	0	0	0
LINC00935	0	0	3	2
LINC00936	30	27	53	53
LINC00937	0	0	4	2
LINC00938	409	405	317	266
LINC00939	26	31	62	58
LINC00940	0	0	0	0
LINC00941	22	19	17	8
LINC00942	5	5	4	4
LINC00943	0	0	1	0
LINC00944	18	12	15	11
LINC00945	0	0	0	0
LINC00948	0	0	0	0
LINC00950	19	15	75	55
LINC00951	0	0	0	0
LINC00954	3	0	2	2
LINC00955	0	0	0	0
LINC00957	50	32	70	67
LINC00958	2256	2140	860	842
LINC00959	32	37	75	66
LINC00960	4	0	3	2
LINC00961	0	0	0	0
LINC00963	606	540	911	819
LINC00964	23	27	25	11
LINC00965	0	0	0	0
LINC00967	0	0	0	0
LINC00968	1	0	0	0
LINC00970	0	1	0	0
LINC00971	1	0	0	0
LINC00974	0	0	0	0
LINC00977	0	0	0	0
LINC00982	0	0	0	0
LINC00987	2	1	1	3
LINC00989	0	0	0	0
LINC00992	0	0	0	0
LINC00993	0	0	0	0
LINC00994	0	1	1	1
LINC00996	0	0	0	0
LINC00997	1040	916	667	692
LINC00998	2843	2486	1408	1385
LINC00999	497	463	478	415
LINC01000	3932	4158	4289	3481
LINC01001	111	95	116	98
LINC01002	1005	1129	1412	1212
LINC01003	194	183	170	179
LINC01004	211	225	212	182
LINC01005	0	0	0	0
LINC01006	2	0	3	4
LINC01007	0	0	0	0
LINC01010	6	4	1	2
LINC01011	88	98	124	127
LINC01012	43	45	31	30
LINC01013	0	0	0	0
LINC01014	0	0	0	0
LINC01015	0	0	0	0
LINC01016	1	1	0	0
LINC01018	0	0	0	0
LINC01019	4	4	3	1
LINC01020	0	0	0	0
LINC01021	45	35	23	14
LINC01023	15	22	8	12
LINC01024	147	144	210	196
LINC01028	0	0	0	0
LINC01029	0	0	0	0
LINC01030	0	0	1	1
LINC01049	0	0	0	0
LINC01056	0	0	0	0
LINC01057	188	235	357	305
LINC01060	28	24	33	30
LINC01061	353	377	384	346
LINC01069	0	0	0	0
LINC01070	0	0	0	0
LINC01080	0	0	0	0
LINC01081	0	0	0	0
LINC01082	0	0	0	0
LINC01085	0	0	0	0
LINC01087	0	1	0	0
LINC01088	2	2	2	1
LINC01089	271	299	260	239
LINC01091	0	0	0	0
LINC01093	7	6	13	7
LINC01094	40	43	21	27
LINC01095	0	0	0	0
LINC01096	0	0	0	0
LINC01097	0	0	0	0
LINC01098	1	1	1	0
LINC01099	2	0	1	0
LINC01100	0	0	0	1
LINC01101	0	0	0	0
LINC01102	0	0	0	0
LINC01103	0	0	0	0
LINC01104	0	0	0	0
LINC01105	0	0	1	0
LINC01106	482	493	487	470
LINC01107	0	0	0	0
LINC01108	0	0	1	0
LINC01111	1	0	3	2
LINC01114	0	0	0	0
LINC01115	0	0	0	0
LINC01116	12	11	8	3
LINC01118	1	0	0	2
LINC01119	45	26	35	20
LINC01120	0	0	0	0
LINC01121	0	0	0	0
LINC01122	0	1	2	0
LINC01123	241	255	148	140
LINC01124	60	43	71	58
LINC01125	65	50	109	97
LINC01126	15	25	13	15
LINC01127	0	0	0	0
LINC01128	271	297	277	258
LINC01132	45	34	67	65
LINC01133	221	235	284	319
LINC01134	13	10	8	8
LINC01135	2	1	1	5
LINC01136	11	4	4	0
LINC01137	505	527	424	450
LINC01138	150	174	163	138
LINC01139	0	0	0	0
LINC01140	14	20	36	20
LINC01141	3	2	0	0
LINC01142	0	0	0	0
LINC01144	25	33	17	19
LINC01146	0	0	0	0
LINC01150	0	0	0	0
LINC01152	0	0	0	0
LINC01158	0	0	0	0
LINC01159	0	0	0	0
LINC01160	15	28	14	19
LINC01164	2	6	1	0
LINC01168	0	0	0	0
LINC01169	0	0	0	0
LINC01176	84	84	59	54
LINC01180	0	0	0	0
LINC01184	292	283	237	267
LINC01185	0	0	0	0
LINC01186	111	119	134	106
LINC01187	0	0	0	0
LINC01189	0	0	0	0
LINC01191	0	1	2	0
LINC01192	0	0	0	0
LINC01193	17	13	8	11
LINC01194	0	0	0	0
LINC01197	0	0	0	0
LINC01203	0	0	0	0
LINC01204	2	4	4	4
LINC01205	1	0	0	0
LINC01206	3	3	4	8
LINC01207	1	2	21	22
LINC01208	0	1	1	0
LINC01209	0	0	0	2
LINC01210	0	0	0	0
LINC01212	0	0	0	0
LINC01213	92	92	122	160
LINC01214	3	2	23	25
LINC01215	0	0	0	1
LINC01216	0	0	1	0
LINC01220	8	4	13	10
LINC01222	0	0	0	0
LINC01225	0	0	0	1
LINC01226	1	2	1	3
LINC01227	0	0	0	0
LINC01230	0	0	0	0
LINC01232	103	98	114	109
LINC01233	0	0	0	0
LINC01234	2	0	4	2
LINC01237	2	2	0	0
LINC01239	44	52	63	58
LINC01242	0	0	0	0
LINC01245	0	0	0	0
LINC01247	0	1	0	0
LINC01248	0	0	0	3
LINC01249	1	0	1	1
LINC01250	0	0	0	0
LINC01251	3	2	14	3
LINC01252	62	56	97	66
LINC01254	0	0	0	0
LINC01255	0	0	0	0
LINC01257	0	0	0	0
LINC01258	0	0	0	0
LINC01260	239	253	500	527
LINC01265	0	1	0	2
LINC01266	0	4	6	1
LINC01267	20	26	75	66
LINC01268	1	0	0	0
LINC01270	396	367	345	305
LINC01271	28	48	34	19
LINC01272	25	8	21	14
LINC01273	32	25	28	24
LINC01276	0	0	0	0
LINC01277	23	23	46	53
LINC01278	1068	1049	1182	1082
LINC01279	316	288	517	507
LINC01280	0	0	0	0
LINC01281	0	0	0	0
LINC01282	0	0	0	0
LINC01284	0	0	0	0
LINC01285	0	0	0	0
LINC01289	0	0	1	0
LINC01299	0	0	0	0
LINC01300	0	0	0	1
LINC01301	2	2	10	8
LINC01304	0	0	0	0
LINC01305	0	1	0	0
LINC01310	0	0	0	0
LINC01311	82	58	48	48
LINC01312	1	0	0	0
LINC01314	0	0	0	0
LINC01330	0	0	0	1
LINC01333	0	0	0	0
LINC01335	0	0	0	0
LINC01338	0	0	0	0
LINC01340	0	0	0	0
LINC01341	1	6	33	12
LINC01342	0	0	0	0
LINC01343	0	0	0	0
LINC01344	0	0	1	1
LINC01346	0	0	0	0
LINC01347	791	814	756	679
LINC01349	0	0	0	0
LINC01350	0	0	0	0
LINC01351	0	0	0	1
LINC01352	0	0	0	0
LINC01353	2	0	1	2
LINC01354	0	0	0	1
LINC01355	95	92	104	81
LINC01356	2	8	1	1
LINC01358	0	0	4	5
LINC01359	2	0	4	3
LINC01360	0	0	0	0
LINC01361	6	6	5	3
LINC01363	0	0	0	0
LINC01364	0	0	0	0
LINC01365	0	0	0	0
LINC01366	0	0	0	0
LINC01370	0	1	0	0
LINGO1	4	6	2	6
LINGO2	0	0	0	0
LINGO3	0	0	1	0
LINGO4	11	5	26	21
LINS	845	847	684	569
LIPA	8016	7765	8986	8740
LIPC	3	6	14	18
LIPE	1549	1433	548	528
LIPE-AS1	15	25	6	14
LIPF	6	0	1	0
LIPG	3004	3177	1579	1542
LIPH	104	100	406	422
LIPI	0	0	0	0
LIPJ	0	1	1	1
LIPK	4	1	27	20
LIPM	0	0	0	0
LIPN	0	0	11	10
LIPT1	341	335	314	301
LIPT2	250	252	215	194
LITAF	25175	23575	20191	19734
LIX1	2	2	1	1
LIX1L	273	255	175	174
LKAAEAR1	0	0	0	2
LL22NC01-81G9.3	0	0	0	0
LLGL1	3073	3060	3247	3043
LLGL2	4891	4713	7406	6694
LLPH	2243	2237	1789	1744
LMAN1	11446	11185	16137	16113
LMAN1L	9	6	27	7
LMAN2	9464	9166	16110	15003
LMAN2L	1090	1050	1953	1730
LMBR1	5251	4850	4515	4403
LMBR1L	580	609	895	772
LMBRD1	5634	5225	12338	12172
LMBRD2	1643	1707	1676	1552
LMCD1	107	129	164	159
LMCD1-AS1	12	14	9	9
LMF1	921	910	2461	2175
LMF1-AS1	0	0	0	0
LMF2	3891	3934	4737	4312
LMLN	595	524	896	782
LMNA	20778	19658	13610	13429
LMNB1	7411	7092	2080	2090
LMNB2	10065	9994	3610	3566
LMO1	327	272	146	108
LMO2	332	310	460	424
LMO3	42	26	14	15
LMO4	1980	1928	3116	3077
LMO7	6830	6656	14314	13647
LMO7-AS1	8	13	21	22
LMO7DN	0	0	0	0
LMOD1	19	25	26	33
LMOD2	0	0	0	0
LMOD3	8	10	9	6
LMTK2	2533	2497	2826	2702
LMTK3	486	470	622	532
LMX1A	0	0	2	0
LMX1B	297	260	218	181
LNP1	33	19	16	10
LNPEP	1671	1500	1429	1320
LNX1	433	421	542	498
LNX1-AS1	0	0	0	0
LNX1-AS2	3	3	10	4
LNX2	1995	1801	1998	1917
LOC100093631	0	0	0	3
LOC100101148	0	0	0	0
LOC100126784	2	2	9	14
LOC100127888	0	0	2	1
LOC100128006	0	1	0	0
LOC100128076	1	2	0	0
LOC100128127	0	0	0	0
LOC100128164	6	4	2	1
LOC100128176	0	0	0	0
LOC100128233	0	0	0	0
LOC100128239	1	1	2	0
LOC100128288	42	37	89	74
LOC100128361	198	205	69	54
LOC100128398	37	51	39	37
LOC100128494	19	34	31	29
LOC100128505	0	0	0	0
LOC100128531	0	0	0	1
LOC100128554	0	0	0	0
LOC100128568	10	4	6	6
LOC100128573	3	2	4	4
LOC100128593	0	0	0	1
LOC100128682	1	0	0	0
LOC100128714	0	0	2	0
LOC100128770	11	6	23	33
LOC100128885	0	0	0	0
LOC100128993	0	0	0	0
LOC100129027	0	0	0	0
LOC100129034	2292	2226	5185	5095
LOC100129046	4	5	0	1
LOC100129055	0	0	0	1
LOC100129083	1	0	0	0
LOC100129138	1	0	0	0
LOC100129148	4	11	3	3
LOC100129175	0	0	0	0
LOC100129203	12	19	25	28
LOC100129213	0	0	0	0
LOC100129216	0	0	0	0
LOC100129316	1	0	1	1
LOC100129345	0	0	0	0
LOC100129361	1430	1425	1423	1378
LOC100129427	0	0	0	0
LOC100129518	45	32	10	15
LOC100129520	0	0	0	0
LOC100129534	60	61	72	64
LOC100129550	899	829	1296	1184
LOC100129617	13	23	5	13
LOC100129620	0	0	0	0
LOC100129636	0	0	0	0
LOC100129697	0	0	0	0
LOC100129722	17	22	22	22
LOC100129917	142	144	100	71
LOC100129924	2	4	5	11
LOC100129931	2	1	0	3
LOC100129935	0	0	0	0
LOC100129940	0	0	2	0
LOC100129973	32	29	32	38
LOC100130075	0	0	0	0
LOC100130093	217	213	122	127
LOC100130238	0	0	0	0
LOC100130264	1	1	1	0
LOC100130298	0	0	0	0
LOC100130301	1	0	0	1
LOC100130331	0	0	2	0
LOC100130357	33	24	40	29
LOC100130370	2	0	0	1
LOC100130417	9	10	7	9
LOC100130451	1	0	3	0
LOC100130452	0	0	0	0
LOC100130476	3	6	51	57
LOC100130539	0	0	0	0
LOC100130587	0	1	1	0
LOC100130673	98	113	45	36
LOC100130691	53	50	47	45
LOC100130700	0	0	0	0
LOC100130705	20	28	25	16
LOC100130744	467	493	417	360
LOC100130849	0	0	0	0
LOC100130872	0	0	8	1
LOC100130880	0	0	0	0
LOC100130899	656	621	918	817
LOC100130950	35	32	52	34
LOC100130954	0	0	0	1
LOC100130964	0	0	0	0
LOC100130987	65	81	45	46
LOC100130992	17	16	20	9
LOC100131047	0	0	0	0
LOC100131094	0	0	0	1
LOC100131138	4	1	2	2
LOC100131257	6	9	11	14
LOC100131289	62	56	67	51
LOC100131303	0	0	0	0
LOC100131315	0	0	0	0
LOC100131347	9	1	3	0
LOC100131496	2	0	4	1
LOC100131564	490	534	656	574
LOC100131626	0	1	0	1
LOC100131635	0	0	0	0
LOC100131655	16	24	27	25
LOC100131691	141	129	202	160
LOC100132057	3	1	0	1
LOC100132062	0	0	0	0
LOC100132077	146	114	100	93
LOC100132078	1	0	0	0
LOC100132111	92	137	299	317
LOC100132146	0	0	0	3
LOC100132174	0	0	0	0
LOC100132215	4	1	5	2
LOC100132287	0	0	0	0
LOC100132304	0	0	0	0
LOC100132352	336	317	292	279
LOC100132354	2	3	0	1
LOC100132356	38	41	24	24
LOC100132529	1	0	1	5
LOC100132735	1	0	7	3
LOC100132741	0	0	0	0
LOC100132781	0	1	1	0
LOC100132831	0	0	0	0
LOC100132891	581	555	526	509
LOC100133050	3	0	1	0
LOC100133091	77	66	54	56
LOC100133267	0	0	0	0
LOC100133286	6	1	5	2
LOC100133315	89	98	70	58
LOC100133331	151	176	130	91
LOC100133445	42	43	44	51
LOC100133461	0	0	0	0
LOC100133669	418	403	200	203
LOC100133920	0	0	0	0
LOC100133985	5	7	4	3
LOC100134317	0	0	0	0
LOC100134368	32	52	62	55
LOC100134391	0	0	0	0
LOC100134868	0	0	0	0
LOC100144595	0	0	0	0
LOC100188947	9	13	16	16
LOC100190940	0	1	1	0
LOC100190986	616	576	535	467
LOC100192426	0	0	0	0
LOC100233156	0	0	0	0
LOC100240728	0	0	0	0
LOC100240734	0	1	0	0
LOC100240735	0	0	0	0
LOC100268168	20	31	34	41
LOC100270679	0	0	0	0
LOC100270746	46	26	23	38
LOC100270804	37	36	31	28
LOC100271832	0	0	0	0
LOC100272216	6	3	7	1
LOC100272217	56	41	33	29
LOC100286922	0	0	0	0
LOC100287010	0	0	0	0
LOC100287015	70	64	33	27
LOC100287036	0	2	3	0
LOC100287042	144	158	77	77
LOC100287072	1	1	1	3
LOC100287098	14	14	36	39
LOC100287225	0	4	3	1
LOC100287592	0	0	0	0
LOC100287632	5	1	3	8
LOC100287704	0	0	0	0
LOC100287728	0	0	0	0
LOC100287792	1	0	0	0
LOC100287834	0	0	0	0
LOC100287846	10	14	9	12
LOC100287944	1	0	0	0
LOC100288069	821	844	765	706
LOC100288123	0	2	0	0
LOC100288162	2	0	0	3
LOC100288181	57	57	121	121
LOC100288570	0	0	0	0
LOC100288637	882	907	273	266
LOC100288748	136	133	120	87
LOC100288778	473	475	509	439
LOC100288814	1	0	0	0
LOC100288842	115	107	67	82
LOC100288846	13	7	18	12
LOC100288866	1	4	0	1
LOC100288911	70	67	77	81
LOC100288966	0	0	0	0
LOC100288974	4	8	4	10
LOC100289019	1117	1262	1721	1370
LOC100289092	28	28	27	28
LOC100289230	71	80	60	47
LOC100289333	0	0	0	3
LOC100289361	10	21	15	11
LOC100289473	20	19	39	35
LOC100289495	36	41	34	44
LOC100289511	8	8	5	7
LOC100289561	16	27	26	27
LOC100289580	1	2	1	2
LOC100289650	0	0	1	1
LOC100289656	0	0	0	0
LOC100289673	0	0	0	0
LOC100294145	2938	2826	1572	1665
LOC100294362	7	14	10	9
LOC100303749	0	0	0	0
LOC100335030	6	5	1	2
LOC100379224	12	10	9	15
LOC100420587	1	0	0	0
LOC100422212	0	0	0	0
LOC100422556	1	2	0	1
LOC100422737	1	0	0	0
LOC100499194	0	0	0	0
LOC100499484	77	102	49	57
LOC100499484-C9ORF174	2	9	6	9
LOC100499489	5	6	12	5
LOC100500773	0	0	0	0
LOC100505474	0	0	0	0
LOC100505478	0	0	0	0
LOC100505515	0	0	0	0
LOC100505540	0	0	0	0
LOC100505549	70	50	31	31
LOC100505592	1	1	9	6
LOC100505622	0	0	0	0
LOC100505625	23	12	32	18
LOC100505658	0	0	0	0
LOC100505666	109	106	195	200
LOC100505683	1	7	5	6
LOC100505715	0	2	1	1
LOC100505716	0	0	0	0
LOC100505718	1	0	0	0
LOC100505736	0	0	0	0
LOC100505739	0	0	0	0
LOC100505776	0	0	0	0
LOC100505782	0	0	0	0
LOC100505795	0	0	0	0
LOC100505811	2	1	2	2
LOC100505812	71	73	97	114
LOC100505817	2	0	1	1
LOC100505835	0	0	0	0
LOC100505841	0	0	2	0
LOC100505878	0	0	0	0
LOC100505887	0	0	0	0
LOC100505912	6	5	6	13
LOC100505918	0	0	0	1
LOC100505921	10	6	13	8
LOC100505942	24	19	31	35
LOC100505978	2	0	0	0
LOC100505984	0	0	0	1
LOC100506022	4	3	6	5
LOC100506023	37	37	25	28
LOC100506071	0	1	0	2
LOC100506076	0	0	1	0
LOC100506082	1	1	3	1
LOC100506083	32	20	21	26
LOC100506085	3	2	1	1
LOC100506100	121	99	83	90
LOC100506122	0	0	0	0
LOC100506123	198	221	421	360
LOC100506124	15	12	38	34
LOC100506125	3	5	2	3
LOC100506127	124	117	112	74
LOC100506136	11	11	11	17
LOC100506142	0	0	0	1
LOC100506159	0	0	0	0
LOC100506172	0	0	0	0
LOC100506175	2	1	97	77
LOC100506178	0	0	2	2
LOC100506188	0	0	0	0
LOC100506207	15	21	36	44
LOC100506258	8	14	19	8
LOC100506271	19	22	45	40
LOC100506272	1	0	0	1
LOC100506274	0	0	0	0
LOC100506281	0	0	0	0
LOC100506299	20	19	30	25
LOC100506314	168	155	59	59
LOC100506321	0	1	0	0
LOC100506325	36	39	38	35
LOC100506368	6	2	2	15
LOC100506371	0	0	0	0
LOC100506384	0	0	0	0
LOC100506385	2	0	10	6
LOC100506388	1	0	0	0
LOC100506393	0	0	0	0
LOC100506403	0	0	0	0
LOC100506406	0	0	0	0
LOC100506422	0	0	0	0
LOC100506457	0	0	0	0
LOC100506469	392	417	338	264
LOC100506470	0	0	0	0
LOC100506472	55	31	49	30
LOC100506474	0	0	0	0
LOC100506476	57	44	59	81
LOC100506497	1	1	0	0
LOC100506499	78	51	35	39
LOC100506526	0	0	0	0
LOC100506548	1868	1783	1483	1390
LOC100506551	0	0	0	1
LOC100506585	0	0	0	0
LOC100506603	280	305	382	360
LOC100506606	35	27	41	40
LOC100506639	299	297	282	233
LOC100506655	0	0	1	0
LOC100506674	39	36	17	22
LOC100506675	4	6	5	4
LOC100506682	0	0	0	0
LOC100506688	12	11	38	31
LOC100506700	0	0	0	0
LOC100506710	4252	4155	4294	4108
LOC100506713	38	48	58	41
LOC100506725	0	0	0	0
LOC100506730	149	146	115	141
LOC100506746	139	104	183	161
LOC100506747	0	0	0	0
LOC100506787	0	1	0	0
LOC100506790	0	0	0	0
LOC100506801	2	3	3	3
LOC100506804	22	32	14	25
LOC100506834	39	30	16	17
LOC100506844	66	55	66	75
LOC100506858	0	0	0	0
LOC100506860	3	6	13	10
LOC100506895	21	22	8	7
LOC100506985	0	0	0	0
LOC100506990	135	114	95	100
LOC100507002	38	18	9	5
LOC100507006	7	3	3	2
LOC100507053	37	27	14	13
LOC100507065	0	0	1	0
LOC100507073	5	1	0	3
LOC100507091	0	0	0	0
LOC100507140	3	9	15	7
LOC100507144	16	23	32	25
LOC100507156	0	0	0	1
LOC100507175	0	2	0	0
LOC100507194	0	0	0	0
LOC100507195	0	0	0	2
LOC100507201	0	0	0	0
LOC100507205	0	0	0	0
LOC100507217	2727	2700	2784	2906
LOC100507250	5	7	2	1
LOC100507283	41	40	43	65
LOC100507334	0	1	0	0
LOC100507346	0	0	0	0
LOC100507351	1	2	2	0
LOC100507373	76	77	60	50
LOC100507377	0	0	0	0
LOC100507384	0	0	0	0
LOC100507387	1	0	0	0
LOC100507389	0	0	0	0
LOC100507391	17	21	36	40
LOC100507412	0	0	0	0
LOC100507424	80	76	103	91
LOC100507443	0	0	0	0
LOC100507459	174	142	166	201
LOC100507462	98	93	93	78
LOC100507468	0	0	0	0
LOC100507472	24	25	19	18
LOC100507501	41	59	72	53
LOC100507506	16	13	18	14
LOC100507534	0	0	1	0
LOC100507537	13	10	8	3
LOC100507540	0	0	2	1
LOC100507547	172	206	122	134
LOC100507557	35	22	96	94
LOC100507564	27	37	53	51
LOC100507577	127	122	220	244
LOC100507600	0	0	0	0
LOC100507634	48	37	44	32
LOC100507642	1195	1126	1809	1689
LOC100507651	1	1	0	3
LOC100507661	0	0	0	0
LOC100508046	0	0	0	0
LOC100630918	71	83	48	64
LOC100630923	73	91	164	121
LOC100631378	0	0	0	0
LOC100652758	167	173	310	375
LOC100652768	98	83	150	146
LOC100652770	0	0	0	0
LOC100652824	0	0	0	0
LOC100652931	0	0	0	0
LOC100652999	0	0	0	0
LOC100653515	1	2	3	4
LOC100862671	1076	1052	1434	1454
LOC100996249	0	0	0	0
LOC100996251	1	3	4	2
LOC100996255	64	82	95	88
LOC100996266	1	0	0	1
LOC100996291	0	0	0	1
LOC100996324	0	1	1	5
LOC100996325	3	3	0	0
LOC100996342	0	0	0	0
LOC100996349	0	0	0	0
LOC100996351	0	1	0	1
LOC100996385	0	0	0	0
LOC100996437	32	29	31	26
LOC100996447	0	0	0	0
LOC100996455	51	40	16	11
LOC100996579	489	526	285	304
LOC100996590	0	0	1	0
LOC100996609	0	0	0	0
LOC100996634	581	571	347	290
LOC100996635	0	0	0	0
LOC100996654	0	0	0	2
LOC100996669	0	0	0	0
LOC100996671	0	0	0	0
LOC100996679	0	0	0	0
LOC100996693	3	2	4	2
LOC100996758	0	0	0	0
LOC100996876	0	0	0	0
LOC101054525	0	0	0	0
LOC101059948	7	11	17	31
LOC101060004	0	0	0	0
LOC101060019	0	0	1	0
LOC101060091	4	2	2	0
LOC101060211	0	0	0	0
LOC101060321	0	0	0	0
LOC101060351	0	0	0	0
LOC101060376	0	0	0	0
LOC101060385	0	0	0	0
LOC101060389	0	0	0	0
LOC101060524	0	0	0	0
LOC101060542	0	2	3	2
LOC101060553	12	14	9	5
LOC101241902	3	1	1	0
LOC101243545	1	1	0	0
LOC101409256	0	8	6	7
LOC101448202	0	0	1	0
LOC101559451	6	13	4	6
LOC101593348	3	3	2	2
LOC101805491	0	0	0	0
LOC101926888	75	78	66	55
LOC101926889	6	4	7	7
LOC101926892	0	0	0	0
LOC101926895	4	9	2	6
LOC101926896	0	1	0	0
LOC101926897	0	0	0	0
LOC101926905	0	0	0	0
LOC101926908	0	0	0	0
LOC101926911	16	24	13	9
LOC101926913	2	1	1	3
LOC101926924	0	0	0	0
LOC101926928	0	1	3	1
LOC101926933	1	2	1	2
LOC101926935	7	7	4	6
LOC101926940	0	0	1	0
LOC101926942	1	0	0	0
LOC101926943	1	1	0	0
LOC101926944	0	2	0	3
LOC101926950	0	0	0	0
LOC101926955	0	0	1	0
LOC101926960	0	0	0	0
LOC101926962	0	0	0	0
LOC101926963	0	0	0	0
LOC101926964	0	0	0	0
LOC101926966	0	0	0	0
LOC101926975	0	0	0	0
LOC101926987	6	4	1	4
LOC101926996	153	168	265	250
LOC101927015	0	0	0	0
LOC101927018	0	1	0	0
LOC101927021	222	183	241	187
LOC101927023	6	3	4	7
LOC101927027	309	349	202	221
LOC101927040	0	3	3	1
LOC101927043	0	0	1	0
LOC101927045	230	220	197	202
LOC101927048	0	0	0	0
LOC101927051	1	2	1	1
LOC101927053	0	0	0	0
LOC101927058	0	0	0	0
LOC101927062	0	0	0	0
LOC101927069	1	0	3	1
LOC101927079	2	0	0	0
LOC101927081	0	0	0	0
LOC101927087	1	3	6	5
LOC101927100	0	5	1	1
LOC101927102	2	2	12	8
LOC101927112	0	0	0	0
LOC101927117	9	12	6	10
LOC101927120	0	0	0	0
LOC101927123	1	0	2	3
LOC101927124	10	15	13	13
LOC101927129	0	0	0	0
LOC101927131	0	0	0	0
LOC101927132	0	1	1	1
LOC101927134	0	2	0	0
LOC101927136	15	13	3	3
LOC101927142	0	0	0	0
LOC101927143	0	0	0	0
LOC101927150	0	0	0	0
LOC101927151	370	370	299	274
LOC101927153	0	0	0	0
LOC101927159	0	0	0	0
LOC101927164	0	0	0	0
LOC101927166	0	0	0	0
LOC101927178	5	7	14	15
LOC101927181	117	75	177	171
LOC101927190	0	0	0	2
LOC101927196	0	0	0	0
LOC101927204	477	476	395	372
LOC101927207	0	0	0	0
LOC101927211	2	0	3	2
LOC101927217	21	15	22	22
LOC101927229	0	0	0	0
LOC101927230	0	0	0	0
LOC101927237	4	2	2	1
LOC101927239	0	0	0	0
LOC101927242	0	0	0	0
LOC101927243	0	0	1	1
LOC101927248	0	0	0	0
LOC101927257	0	0	0	1
LOC101927267	0	0	0	0
LOC101927269	0	0	0	0
LOC101927272	1	4	2	2
LOC101927273	0	0	0	0
LOC101927274	0	3	0	1
LOC101927275	16	16	16	11
LOC101927280	1	0	0	1
LOC101927282	5	5	4	0
LOC101927284	0	3	2	2
LOC101927285	0	0	0	0
LOC101927286	0	0	0	0
LOC101927292	0	0	0	0
LOC101927310	0	0	0	0
LOC101927311	0	0	0	0
LOC101927314	1	0	0	0
LOC101927318	4	0	14	19
LOC101927322	14	23	8	10
LOC101927323	34	35	44	39
LOC101927332	0	0	0	0
LOC101927334	0	0	0	0
LOC101927347	0	0	0	0
LOC101927348	0	0	0	0
LOC101927354	2	3	9	7
LOC101927356	0	0	0	0
LOC101927364	0	0	0	0
LOC101927374	36	38	41	33
LOC101927378	0	0	0	0
LOC101927379	0	0	0	0
LOC101927391	130	133	224	201
LOC101927394	0	1	0	0
LOC101927406	0	0	0	0
LOC101927410	0	0	0	0
LOC101927411	0	0	0	0
LOC101927415	39	48	25	27
LOC101927418	0	0	0	0
LOC101927421	0	0	1	0
LOC101927431	0	0	0	0
LOC101927437	0	0	0	0
LOC101927438	0	2	2	0
LOC101927446	0	0	0	0
LOC101927450	0	0	0	0
LOC101927457	0	0	1	0
LOC101927460	0	0	0	0
LOC101927464	0	0	0	0
LOC101927468	9	11	6	8
LOC101927476	48	43	185	165
LOC101927478	0	0	0	1
LOC101927482	0	0	0	2
LOC101927488	0	0	0	0
LOC101927492	1	2	2	2
LOC101927495	2	0	0	0
LOC101927497	16	23	12	8
LOC101927501	16	11	2	3
LOC101927502	0	0	1	1
LOC101927524	0	0	0	0
LOC101927526	0	0	0	0
LOC101927539	0	0	0	0
LOC101927550	66	40	78	70
LOC101927557	0	0	0	0
LOC101927560	0	4	2	1
LOC101927571	7	11	21	11
LOC101927572	26	20	19	16
LOC101927575	0	1	0	0
LOC101927577	0	0	1	0
LOC101927580	0	1	0	0
LOC101927583	0	0	0	0
LOC101927587	0	0	1	0
LOC101927592	0	1	0	0
LOC101927599	120	128	114	109
LOC101927604	10	10	7	5
LOC101927616	0	1	0	0
LOC101927619	1	1	0	1
LOC101927620	0	0	0	0
LOC101927621	47	48	34	38
LOC101927623	1	0	0	1
LOC101927630	1	0	4	0
LOC101927631	57	57	48	59
LOC101927637	0	0	0	0
LOC101927641	0	0	0	0
LOC101927642	0	1	0	0
LOC101927650	0	0	0	0
LOC101927651	0	0	0	0
LOC101927653	0	0	0	0
LOC101927661	0	0	0	0
LOC101927666	0	1	0	0
LOC101927667	0	0	0	0
LOC101927668	2	4	2	1
LOC101927678	0	0	0	0
LOC101927683	0	0	0	0
LOC101927688	3	2	3	3
LOC101927691	1	1	2	2
LOC101927694	0	0	0	0
LOC101927697	0	0	0	1
LOC101927698	1	5	5	3
LOC101927700	0	0	5	8
LOC101927701	0	0	0	0
LOC101927709	0	0	0	0
LOC101927718	13	20	26	31
LOC101927720	3	5	15	5
LOC101927722	0	0	0	0
LOC101927728	0	0	0	0
LOC101927730	0	0	0	0
LOC101927735	0	0	0	0
LOC101927740	0	1	1	0
LOC101927746	355	306	227	219
LOC101927750	3	0	0	0
LOC101927755	41	36	72	75
LOC101927766	0	0	0	0
LOC101927769	0	0	0	1
LOC101927770	1	1	1	0
LOC101927780	5	8	2	7
LOC101927795	7	3	9	7
LOC101927796	1	3	1	2
LOC101927797	1	6	9	3
LOC101927811	121	110	99	128
LOC101927814	0	0	0	0
LOC101927817	1	0	0	0
LOC101927821	0	0	0	0
LOC101927829	1	0	0	0
LOC101927830	0	0	0	0
LOC101927835	0	1	0	0
LOC101927839	0	0	0	0
LOC101927843	0	0	0	0
LOC101927844	0	0	1	0
LOC101927847	0	0	0	0
LOC101927865	11	10	27	16
LOC101927869	0	0	0	0
LOC101927870	0	0	0	0
LOC101927873	214	182	113	95
LOC101927881	20	15	7	3
LOC101927884	0	0	0	0
LOC101927900	0	0	1	0
LOC101927901	0	0	0	0
LOC101927905	0	0	0	0
LOC101927907	0	0	0	0
LOC101927911	3	5	21	21
LOC101927914	1	0	1	1
LOC101927917	0	0	0	0
LOC101927919	16	15	10	1
LOC101927921	0	0	0	0
LOC101927922	0	0	0	0
LOC101927924	0	0	0	0
LOC101927926	0	0	0	0
LOC101927931	4	0	4	2
LOC101927934	15	11	22	24
LOC101927948	0	0	0	0
LOC101927950	0	0	0	0
LOC101927967	0	0	0	0
LOC101927987	0	0	0	0
LOC101927990	0	0	0	0
LOC101928001	0	0	0	0
LOC101928002	6	3	3	2
LOC101928008	0	0	0	0
LOC101928009	0	0	0	0
LOC101928012	0	0	0	0
LOC101928020	25	19	30	25
LOC101928030	0	0	0	0
LOC101928035	0	0	0	0
LOC101928036	0	1	0	2
LOC101928043	0	1	1	1
LOC101928048	0	0	0	0
LOC101928053	12	9	5	3
LOC101928062	78	66	78	45
LOC101928063	18	17	24	26
LOC101928068	78	77	84	48
LOC101928075	3	0	9	6
LOC101928093	0	0	0	0
LOC101928100	56	35	12	20
LOC101928103	15	18	9	15
LOC101928104	0	0	0	0
LOC101928107	0	0	0	0
LOC101928113	0	0	0	0
LOC101928122	4	1	4	5
LOC101928128	0	0	0	0
LOC101928134	0	0	0	0
LOC101928135	0	0	0	0
LOC101928136	24	26	29	26
LOC101928137	7	9	2	9
LOC101928138	0	0	0	0
LOC101928154	1	0	2	0
LOC101928158	0	0	2	0
LOC101928161	0	0	0	0
LOC101928162	0	0	0	0
LOC101928163	0	0	0	0
LOC101928167	0	0	0	0
LOC101928168	0	0	0	0
LOC101928174	1	1	0	0
LOC101928200	0	0	0	0
LOC101928201	0	0	0	1
LOC101928203	0	0	0	0
LOC101928205	0	0	0	1
LOC101928211	0	0	0	0
LOC101928222	16	11	10	18
LOC101928227	0	0	0	0
LOC101928241	0	0	0	0
LOC101928243	30	33	40	21
LOC101928244	1	0	2	0
LOC101928248	0	0	2	0
LOC101928254	0	0	0	0
LOC101928259	1	0	1	1
LOC101928266	0	0	0	0
LOC101928269	0	0	0	0
LOC101928273	1	0	0	0
LOC101928283	0	0	0	0
LOC101928290	6	5	18	12
LOC101928292	16	12	27	17
LOC101928295	0	0	0	0
LOC101928303	5	7	7	5
LOC101928333	0	0	1	0
LOC101928335	0	1	0	0
LOC101928336	1	1	0	6
LOC101928340	0	0	0	0
LOC101928358	0	0	0	0
LOC101928363	0	3	3	3
LOC101928370	1	1	0	0
LOC101928371	2	1	0	0
LOC101928372	0	1	5	3
LOC101928378	285	342	360	248
LOC101928386	0	0	0	0
LOC101928388	4	6	4	4
LOC101928398	1	1	0	0
LOC101928401	1	0	0	0
LOC101928404	0	0	0	0
LOC101928414	0	0	0	0
LOC101928416	0	0	0	0
LOC101928417	0	0	0	0
LOC101928418	0	0	0	0
LOC101928420	0	0	0	0
LOC101928435	0	1	0	1
LOC101928436	0	1	0	1
LOC101928437	0	0	1	0
LOC101928438	4	2	2	8
LOC101928440	0	0	0	1
LOC101928441	1	1	0	1
LOC101928442	0	0	0	0
LOC101928443	0	0	0	0
LOC101928445	28	21	27	13
LOC101928446	2	1	0	0
LOC101928448	1	3	0	2
LOC101928449	0	0	0	0
LOC101928455	0	0	0	0
LOC101928460	0	0	0	0
LOC101928469	0	0	0	0
LOC101928471	0	0	0	0
LOC101928489	89	81	42	59
LOC101928491	0	0	0	0
LOC101928495	0	0	0	0
LOC101928505	6	4	1	4
LOC101928514	1	1	3	3
LOC101928516	0	0	0	0
LOC101928517	0	0	0	0
LOC101928519	1	0	2	1
LOC101928523	0	0	0	0
LOC101928530	2	2	6	3
LOC101928535	2	1	4	4
LOC101928536	0	0	0	0
LOC101928537	0	1	0	0
LOC101928539	0	1	0	0
LOC101928545	26	16	12	18
LOC101928559	0	0	0	0
LOC101928564	0	0	0	0
LOC101928567	0	0	0	0
LOC101928569	3	1	0	1
LOC101928571	0	0	0	2
LOC101928580	1	0	0	0
LOC101928597	0	0	1	0
LOC101928600	47	40	49	36
LOC101928604	0	0	0	0
LOC101928611	0	0	0	0
LOC101928618	0	0	0	0
LOC101928651	0	0	0	0
LOC101928663	0	0	0	0
LOC101928674	12	14	17	17
LOC101928682	0	0	0	0
LOC101928689	15	13	10	8
LOC101928694	0	2	4	1
LOC101928700	3	5	3	2
LOC101928708	0	0	0	0
LOC101928710	168	161	296	297
LOC101928730	0	0	0	0
LOC101928731	0	0	0	0
LOC101928736	61	57	51	50
LOC101928737	2	7	11	18
LOC101928738	27	28	26	32
LOC101928744	0	0	0	0
LOC101928748	0	0	0	0
LOC101928766	1	2	0	2
LOC101928767	20	15	7	6
LOC101928769	0	0	1	0
LOC101928773	0	0	1	0
LOC101928775	0	0	0	0
LOC101928778	0	0	0	0
LOC101928782	0	0	0	0
LOC101928784	24	22	16	22
LOC101928790	0	0	0	0
LOC101928791	0	0	0	0
LOC101928794	8	8	2	6
LOC101928795	0	0	0	0
LOC101928796	1	0	0	0
LOC101928797	0	0	0	0
LOC101928804	0	0	0	0
LOC101928812	3	3	3	4
LOC101928823	0	0	0	1
LOC101928837	41	33	9	16
LOC101928844	0	0	2	0
LOC101928847	0	0	2	0
LOC101928855	0	0	1	0
LOC101928861	0	0	0	0
LOC101928865	5	3	6	3
LOC101928869	0	0	0	0
LOC101928880	1	0	0	1
LOC101928882	0	2	0	0
LOC101928886	0	0	0	0
LOC101928891	98	118	162	142
LOC101928894	0	0	0	0
LOC101928896	1	0	4	2
LOC101928909	0	1	0	2
LOC101928911	0	0	0	0
LOC101928922	0	0	0	0
LOC101928936	97	95	114	93
LOC101928937	0	0	0	0
LOC101928940	4	6	3	3
LOC101928943	0	0	0	0
LOC101928961	0	0	0	0
LOC101928988	0	0	0	0
LOC101928992	1	1	0	1
LOC101929010	0	0	1	0
LOC101929034	0	0	0	0
LOC101929057	39	32	24	26
LOC101929059	0	0	0	0
LOC101929064	0	0	0	0
LOC101929076	1	0	0	0
LOC101929080	0	0	1	0
LOC101929084	0	0	0	0
LOC101929086	1	2	4	4
LOC101929099	25	30	14	22
LOC101929106	0	0	0	0
LOC101929124	0	0	0	0
LOC101929125	0	1	3	1
LOC101929140	24	28	8	18
LOC101929144	0	0	0	0
LOC101929148	0	0	0	0
LOC101929153	0	0	0	0
LOC101929154	0	0	0	0
LOC101929162	1	0	0	0
LOC101929164	0	0	0	0
LOC101929172	0	0	0	0
LOC101929173	0	1	5	1
LOC101929181	0	1	0	1
LOC101929196	0	0	0	0
LOC101929207	0	0	0	0
LOC101929217	0	0	0	0
LOC101929221	0	1	0	0
LOC101929224	16	23	4	5
LOC101929225	0	0	0	0
LOC101929231	9	7	10	3
LOC101929234	17	19	29	14
LOC101929239	0	0	0	0
LOC101929241	0	0	0	0
LOC101929259	1	1	2	1
LOC101929260	0	0	0	0
LOC101929265	0	1	0	0
LOC101929268	1	2	0	0
LOC101929282	0	0	0	0
LOC101929284	0	0	0	0
LOC101929295	9	12	16	30
LOC101929312	0	0	0	0
LOC101929319	0	0	0	0
LOC101929335	0	0	0	0
LOC101929344	0	0	1	2
LOC101929369	0	0	0	0
LOC101929371	0	0	0	0
LOC101929372	1	5	5	0
LOC101929374	0	0	0	1
LOC101929380	0	1	0	0
LOC101929384	0	0	0	0
LOC101929395	0	0	1	2
LOC101929406	0	0	0	0
LOC101929412	1	0	0	0
LOC101929413	0	0	0	0
LOC101929420	0	0	0	0
LOC101929427	0	0	0	1
LOC101929439	1	0	4	2
LOC101929452	0	0	0	0
LOC101929454	0	0	0	0
LOC101929478	0	0	0	0
LOC101929486	0	0	0	0
LOC101929505	1	0	1	0
LOC101929512	6	4	0	3
LOC101929524	8	1	5	6
LOC101929526	0	0	0	0
LOC101929528	0	0	0	0
LOC101929532	0	0	0	0
LOC101929539	2	2	0	1
LOC101929549	0	0	0	0
LOC101929551	0	0	0	0
LOC101929555	1	0	0	0
LOC101929567	245	260	326	268
LOC101929570	0	0	0	0
LOC101929572	0	0	0	0
LOC101929584	1	2	5	2
LOC101929586	0	0	1	0
LOC101929591	0	0	0	0
LOC101929596	4	6	5	7
LOC101929607	3	1	4	2
LOC101929608	1	0	0	0
LOC101929613	24	37	55	44
LOC101929625	0	0	0	0
LOC101929631	0	0	0	0
LOC101929633	4	4	0	1
LOC101929645	0	1	1	0
LOC101929653	0	0	0	0
LOC101929655	65	43	28	23
LOC101929657	0	1	0	2
LOC101929663	0	0	0	0
LOC101929664	1	0	1	0
LOC101929679	11	7	2	2
LOC101929680	1	1	1	0
LOC101929681	0	0	0	0
LOC101929685	0	0	0	0
LOC101929690	0	0	0	0
LOC101929694	0	0	2	3
LOC101929696	0	0	0	0
LOC101929698	1	0	0	1
LOC101929701	0	0	0	0
LOC101929715	2	0	3	1
LOC101929717	0	0	0	0
LOC101929718	8	4	10	4
LOC101929723	3	5	0	1
LOC101929733	0	0	0	0
LOC101929736	14	19	15	17
LOC101929743	0	0	0	0
LOC101929746	9	13	40	49
LOC101929753	0	0	0	0
LOC101929760	6	8	1	0
LOC101929765	1	6	3	8
LOC101929767	67	64	81	66
LOC101929829	0	0	0	0
LOC101930452	6	6	0	2
LOC102031319	0	0	0	0
LOC102060414	2	2	1	0
LOC102288414	452	402	355	409
LOC102467073	15	10	9	5
LOC102467074	0	0	0	0
LOC102467075	0	0	0	0
LOC102467079	0	0	0	0
LOC102467080	0	0	1	0
LOC102467081	1	1	0	3
LOC102467146	2	1	1	2
LOC102467147	2	4	1	2
LOC102467212	0	0	2	1
LOC102467213	0	0	0	0
LOC102467214	0	0	0	0
LOC102467216	0	0	0	0
LOC102467217	0	0	0	0
LOC102467223	0	0	0	0
LOC102467224	0	0	0	0
LOC102467225	0	0	0	0
LOC102467226	0	0	0	0
LOC102467655	0	0	0	0
LOC102477328	1	0	1	1
LOC102503427	0	0	0	0
LOC102546226	0	0	0	0
LOC102546228	0	0	0	0
LOC102546229	1	0	1	0
LOC102546294	3	2	3	5
LOC102546298	4	1	2	0
LOC102546299	0	0	0	0
LOC102577424	0	0	0	0
LOC102577426	0	2	1	0
LOC102606465	220	184	189	180
LOC102606466	0	0	0	0
LOC102659288	0	1	8	4
LOC102723318	0	0	0	0
LOC102723320	0	0	0	0
LOC102723344	0	0	1	0
LOC102723354	550	550	687	612
LOC102723362	0	0	0	0
LOC102723373	152	150	58	39
LOC102723376	0	0	0	0
LOC102723385	6	9	7	5
LOC102723426	0	0	0	0
LOC102723427	0	0	0	0
LOC102723448	0	0	0	0
LOC102723483	3	2	4	1
LOC102723487	0	0	0	1
LOC102723505	0	0	0	1
LOC102723510	7	5	8	3
LOC102723513	1	1	2	3
LOC102723517	0	0	0	0
LOC102723544	0	0	0	0
LOC102723562	0	0	0	0
LOC102723578	0	0	0	0
LOC102723590	1	0	0	0
LOC102723605	0	0	0	0
LOC102723617	0	0	0	0
LOC102723631	0	0	0	0
LOC102723641	0	0	0	0
LOC102723680	0	0	0	0
LOC102723737	0	0	0	0
LOC102723742	0	0	0	1
LOC102723769	118	91	71	68
LOC102723809	0	0	0	0
LOC102723824	0	0	1	1
LOC102723854	1	1	2	4
LOC102723859	0	0	0	0
LOC102723885	2	4	3	3
LOC102723927	2	2	0	1
LOC102724020	0	0	0	0
LOC102724034	0	0	1	0
LOC102724050	1	0	0	1
LOC102724058	0	0	0	0
LOC102724084	3	3	5	6
LOC102724094	0	2	0	0
LOC102724153	0	1	1	0
LOC102724163	1	4	2	1
LOC102724188	0	0	0	0
LOC102724190	14	13	10	9
LOC102724224	1	0	1	1
LOC102724246	6	3	2	3
LOC102724316	974	961	960	844
LOC102724321	0	0	0	0
LOC102724386	6	14	5	1
LOC102724421	0	0	0	0
LOC102724467	38	53	26	26
LOC102724484	0	0	0	0
LOC102724508	1	2	1	1
LOC102724550	11	12	10	13
LOC102724555	0	0	0	0
LOC102724558	0	0	0	0
LOC102724596	2	2	2	2
LOC102724631	0	0	0	0
LOC102724651	0	0	0	0
LOC102724663	0	0	0	0
LOC102724678	0	0	0	0
LOC102724691	0	0	5	3
LOC102724814	244	291	357	289
LOC102724820	0	0	0	3
LOC102724827	113	93	96	115
LOC102724849	0	0	0	0
LOC102724862	0	0	0	0
LOC102724890	0	0	0	0
LOC102724927	6	12	15	11
LOC102724933	0	0	4	1
LOC102724958	0	0	0	0
LOC102800310	14	16	16	13
LOC102800315	0	0	0	0
LOC102800447	1	0	1	0
LOC103021295	0	0	0	0
LOC103091866	51	32	40	24
LOC103171574	3	3	1	2
LOC103191607	2	2	0	2
LOC103312105	0	0	0	0
LOC113230	90	77	158	134
LOC115110	42	43	75	81
LOC143666	29	46	33	39
LOC145474	0	0	0	0
LOC145783	167	155	154	167
LOC145837	1	1	4	4
LOC145845	1	2	3	0
LOC146481	0	0	0	0
LOC146513	0	0	0	0
LOC146880	923	971	1184	972
LOC148413	636	581	558	550
LOC148696	0	0	0	0
LOC148709	102	72	54	52
LOC149373	0	0	0	0
LOC149684	0	0	0	0
LOC149950	0	0	0	0
LOC150381	360	348	295	309
LOC150776	1017	1004	826	759
LOC150935	0	0	0	1
LOC151174	0	0	0	0
LOC151475	2	8	15	12
LOC151484	0	0	0	0
LOC152225	0	0	1	0
LOC152578	0	0	0	0
LOC152586	0	0	0	0
LOC153684	184	181	211	189
LOC153910	0	0	1	1
LOC154449	0	0	0	0
LOC154761	108	106	117	121
LOC154872	0	0	0	0
LOC155060	514	587	689	556
LOC157273	0	0	0	0
LOC158434	0	0	0	0
LOC158435	0	0	0	0
LOC158960	46	33	100	101
LOC1720	0	0	0	0
LOC200726	0	0	0	1
LOC200772	2	7	9	9
LOC202181	364	381	272	251
LOC220729	732	724	786	696
LOC221122	1	0	0	0
LOC253044	0	0	0	0
LOC253573	0	0	0	0
LOC254896	16	20	43	35
LOC255654	0	0	1	0
LOC256880	4	11	10	3
LOC257396	91	77	54	62
LOC283038	0	2	0	0
LOC283045	0	1	1	0
LOC283070	2	3	5	0
LOC283177	0	0	0	1
LOC283194	1	0	0	0
LOC283214	0	0	0	0
LOC283299	109	94	61	41
LOC283332	0	0	0	0
LOC283335	190	181	93	115
LOC283352	1	0	0	0
LOC283440	1	0	2	4
LOC283575	3	2	6	1
LOC283585	0	0	0	1
LOC283683	0	0	0	0
LOC283692	0	0	0	0
LOC283693	18	12	9	11
LOC283710	6	3	5	1
LOC283731	0	0	0	0
LOC283788	0	0	0	0
LOC283856	3	7	11	15
LOC283914	0	0	0	0
LOC283922	261	287	208	193
LOC284009	10	10	1	9
LOC284023	86	76	105	92
LOC284080	46	70	42	47
LOC284294	0	0	0	0
LOC284344	14	16	11	12
LOC284379	1	0	3	1
LOC284395	0	0	1	0
LOC284412	14	18	15	13
LOC284454	976	1224	1101	822
LOC284578	0	2	1	3
LOC284581	9	15	25	21
LOC284632	0	0	0	0
LOC284648	0	1	1	3
LOC284661	2	0	9	5
LOC284757	108	110	153	136
LOC284788	0	0	0	0
LOC284798	0	0	0	0
LOC284801	0	0	0	0
LOC284837	90	77	23	15
LOC284865	0	1	0	1
LOC284889	7	11	5	3
LOC284933	0	0	0	0
LOC284950	17	23	11	5
LOC285000	0	0	0	0
LOC285074	447	426	314	297
LOC285484	0	0	0	0
LOC285593	0	1	0	0
LOC285626	1	4	1	0
LOC285627	0	0	0	0
LOC285629	57	64	43	30
LOC285692	0	0	1	0
LOC285696	1	3	3	1
LOC285740	0	0	0	0
LOC285762	0	0	0	0
LOC285768	16	18	19	17
LOC285819	0	0	0	0
LOC285847	0	0	0	0
LOC285889	0	0	0	0
LOC286059	3	7	2	1
LOC286083	0	0	0	0
LOC286094	0	1	3	1
LOC286114	0	0	0	0
LOC286177	0	0	0	0
LOC286189	0	1	4	2
LOC286190	1	1	0	2
LOC286238	0	0	0	0
LOC286297	1	0	0	0
LOC286359	1	0	0	2
LOC286367	29	38	41	26
LOC286370	0	0	0	0
LOC286437	59	66	76	54
LOC338694	0	0	0	0
LOC338797	0	0	0	0
LOC338963	0	0	0	0
LOC339059	0	0	0	0
LOC339166	0	0	0	0
LOC339240	1	4	4	7
LOC339298	0	0	0	0
LOC339529	0	0	0	0
LOC339539	0	2	0	0
LOC339568	0	0	0	0
LOC339593	0	0	0	0
LOC339622	0	0	0	0
LOC339666	0	0	0	0
LOC339803	555	478	502	389
LOC339807	0	0	0	0
LOC339862	0	0	0	0
LOC339874	16	9	11	12
LOC339975	0	0	0	0
LOC340017	0	0	0	0
LOC340074	0	0	0	0
LOC340107	0	0	0	0
LOC340113	0	0	0	0
LOC340357	0	0	0	0
LOC340515	0	0	0	0
LOC341056	0	0	0	0
LOC344887	181	253	80	79
LOC344967	0	3	1	0
LOC349160	0	0	0	0
LOC374443	401	346	671	674
LOC375196	0	0	0	0
LOC387810	0	0	0	0
LOC388242	0	0	0	0
LOC388282	3	6	21	13
LOC388436	0	0	0	0
LOC388553	0	1	0	0
LOC388692	11	11	9	13
LOC388780	2	5	2	1
LOC388813	0	0	1	2
LOC388849	0	0	0	0
LOC388882	0	0	0	0
LOC388942	1	2	3	1
LOC389033	0	0	0	0
LOC389247	19	22	13	8
LOC389332	0	0	0	0
LOC389602	1	0	4	1
LOC389641	175	172	132	128
LOC389705	0	0	0	0
LOC389765	152	170	174	134
LOC389831	0	0	0	0
LOC389834	0	0	0	0
LOC389895	0	0	0	0
LOC389906	1458	1477	1095	961
LOC390705	0	0	0	0
LOC391003	0	0	0	0
LOC391322	39	61	44	35
LOC392196	0	0	0	0
LOC392232	0	0	0	0
LOC392364	0	0	0	0
LOC392452	0	0	0	0
LOC399715	5	3	4	7
LOC399815	337	358	183	185
LOC400043	7	5	12	13
LOC400548	0	1	0	0
LOC400553	0	0	0	0
LOC400558	2	0	0	2
LOC400620	0	0	0	0
LOC400644	0	1	0	0
LOC400654	0	0	0	0
LOC400655	0	0	3	0
LOC400684	26	32	48	33
LOC400685	7	3	3	2
LOC400736	0	0	0	0
LOC400794	0	0	0	0
LOC400863	0	1	0	1
LOC400867	72	62	55	33
LOC400891	0	2	2	1
LOC400927	20	22	29	31
LOC400940	0	0	0	0
LOC400958	1	0	0	0
LOC401010	74	58	106	114
LOC401052	21	27	61	64
LOC401127	4	4	1	1
LOC401134	0	0	0	0
LOC401177	0	0	0	0
LOC401242	2	1	7	4
LOC401286	0	0	0	0
LOC401320	398	364	427	404
LOC401324	0	0	0	0
LOC401463	0	0	0	0
LOC401557	0	0	0	0
LOC402160	0	0	0	1
LOC407835	2	0	1	1
LOC439994	155	150	177	199
LOC440028	14	15	10	10
LOC440040	0	0	0	0
LOC440117	0	0	0	0
LOC440173	49	37	22	31
LOC440300	90	96	74	55
LOC440311	0	0	0	0
LOC440416	0	0	0	0
LOC440434	523	559	688	605
LOC440461	35	32	17	8
LOC440600	25	18	8	8
LOC440602	0	0	0	0
LOC440700	1	0	0	0
LOC440704	0	0	0	0
LOC440895	0	0	0	0
LOC440896	1	2	10	4
LOC440910	0	0	0	0
LOC441025	0	0	0	0
LOC441081	0	1	2	1
LOC441155	319	328	327	302
LOC441178	0	0	0	0
LOC441204	3	0	9	3
LOC441242	91	84	60	62
LOC441454	5	7	2	6
LOC441455	0	0	0	1
LOC441461	20	25	37	28
LOC441601	0	0	0	0
LOC441666	4	8	2	5
LOC442028	0	0	0	0
LOC442132	0	0	0	0
LOC442497	0	0	1	0
LOC493754	482	433	514	470
LOC494127	0	0	0	0
LOC494141	0	1	1	4
LOC541473	0	0	0	0
LOC54944	232	242	193	174
LOC550113	0	0	0	0
LOC550643	1193	1105	1565	1590
LOC553103	321	343	619	537
LOC554206	22	17	24	13
LOC554223	72	69	62	62
LOC574538	16	12	0	0
LOC606724	0	0	0	0
LOC613037	341	433	449	315
LOC613038	0	0	0	0
LOC63930	0	0	0	0
LOC641367	0	0	0	0
LOC641515	2	3	1	3
LOC641746	0	0	0	0
LOC642236	166	175	182	137
LOC642361	136	131	96	119
LOC642366	0	0	0	0
LOC642423	1	3	2	5
LOC642426	0	0	0	0
LOC642846	368	436	183	171
LOC642852	1323	1397	1658	1450
LOC642929	0	0	0	0
LOC642943	5	5	8	7
LOC643072	133	134	162	143
LOC643201	8	9	3	10
LOC643339	4	4	1	2
LOC643355	0	0	0	1
LOC643387	1	0	2	0
LOC643406	10	13	14	10
LOC643441	0	0	0	1
LOC643486	0	0	0	0
LOC643542	0	0	0	0
LOC643623	0	0	0	0
LOC643711	0	0	0	0
LOC643733	0	2	2	1
LOC643770	37	32	14	27
LOC643802	10	8	10	9
LOC643923	0	0	0	0
LOC644050	0	0	0	0
LOC644145	0	0	0	0
LOC644172	0	0	0	0
LOC644189	0	0	1	0
LOC644554	0	0	0	0
LOC644656	104	93	55	64
LOC644669	0	0	0	0
LOC644762	0	0	0	0
LOC644838	1	2	1	0
LOC644919	13	3	0	2
LOC644936	0	0	0	0
LOC644961	33	19	13	30
LOC645166	128	115	127	117
LOC645354	0	0	0	0
LOC645355	0	0	0	0
LOC645382	0	0	0	0
LOC645434	47	33	51	51
LOC645513	146	181	131	115
LOC645638	83	66	222	251
LOC645752	2	1	2	0
LOC645949	0	0	0	0
LOC646214	827	767	618	482
LOC646268	2	2	0	1
LOC646471	2	8	4	3
LOC646522	0	0	0	0
LOC646626	3	6	4	6
LOC646719	771	782	418	434
LOC646736	0	1	0	1
LOC646743	0	0	0	0
LOC646762	1381	1337	1133	1056
LOC646813	0	0	0	0
LOC646862	15	21	27	30
LOC646903	1	3	0	3
LOC646938	2	2	2	0
LOC647323	1	2	2	2
LOC647859	9	10	9	10
LOC648691	0	1	0	0
LOC648987	413	380	308	335
LOC649133	0	0	0	0
LOC649324	0	0	0	0
LOC649330	0	0	0	0
LOC649352	0	0	0	0
LOC650226	1	2	0	0
LOC650293	0	0	0	0
LOC650368	1	1	1	1
LOC652276	313	301	233	184
LOC653160	128	115	140	148
LOC653486	0	0	0	0
LOC653513	1	1	2	0
LOC653602	188	164	92	65
LOC653653	28	31	20	27
LOC653712	25	24	17	23
LOC653786	3	1	4	8
LOC654342	297	271	272	308
LOC654841	111	117	71	59
LOC727751	0	0	0	0
LOC727896	25	30	21	34
LOC727924	4	4	3	0
LOC728024	20	35	25	27
LOC728040	0	0	0	0
LOC728084	0	0	0	1
LOC728175	2	2	3	1
LOC728228	10	21	15	10
LOC728323	138	153	111	109
LOC728392	3	0	2	2
LOC728463	4	1	3	5
LOC728554	1036	1069	489	447
LOC728613	283	358	313	307
LOC728637	0	0	0	0
LOC728730	151	123	130	141
LOC728739	8	6	6	4
LOC728743	265	232	252	219
LOC728752	113	99	121	110
LOC728819	108	89	117	85
LOC728989	5	5	10	7
LOC729041	1	2	6	4
LOC729080	0	0	0	0
LOC729159	0	1	0	0
LOC729218	958	963	897	795
LOC729296	1	0	0	0
LOC729506	3	2	1	0
LOC729603	34	24	22	26
LOC729609	0	0	1	1
LOC729683	1	0	1	0
LOC729732	26	25	18	19
LOC729737	3416	3553	4422	3900
LOC729739	0	0	0	0
LOC729911	0	0	0	0
LOC729930	0	0	3	0
LOC729950	0	0	1	1
LOC729966	0	2	15	16
LOC729970	15	23	22	12
LOC729987	0	0	0	0
LOC730101	229	225	185	173
LOC730102	390	390	355	340
LOC730159	0	0	0	0
LOC730183	17	18	15	9
LOC730668	22	17	7	8
LOC731157	2	3	4	0
LOC731424	1	2	1	3
LOC79999	0	0	0	0
LOC80154	29	135	87	12
LOC81691	464	435	209	209
LOC90246	239	232	817	860
LOC90784	436	382	355	348
LOC90834	78	85	103	90
LOC91450	3	4	4	2
LOC93432	1	0	0	0
LOC93622	436	471	397	397
LOH12CR1	253	266	195	207
LOH12CR2	15	11	4	13
LONP1	6831	6624	5691	5408
LONP2	5154	4868	5016	4878
LONRF1	369	397	199	220
LONRF2	4	3	24	26
LONRF3	1	2	11	8
LOR	0	0	0	0
LOX	69	80	38	39
LOXHD1	0	0	0	0
LOXL1	281	323	326	308
LOXL1-AS1	72	81	76	83
LOXL2	2097	2054	2766	2733
LOXL3	122	105	65	53
LOXL4	12	18	26	17
LPA	0	0	0	0
LPAL2	10	12	8	16
LPAR1	953	892	1071	1029
LPAR2	815	842	869	801
LPAR3	90	73	12	11
LPAR4	0	3	2	3
LPAR5	656	677	620	553
LPAR6	1088	934	1122	1073
LPCAT1	3090	3019	3182	3019
LPCAT2	4720	4568	2868	2821
LPCAT3	3379	3309	3463	3054
LPCAT4	1265	1225	1325	1127
LPGAT1	11375	11039	29727	28692
LPHN1	1148	1055	1258	1207
LPHN2	187	192	134	116
LPHN3	59	58	38	31
LPHN3-AS1	0	0	0	0
LPIN1	1699	1558	947	851
LPIN2	283	281	445	428
LPIN3	2953	2981	3223	2791
LPL	1	1	1	0
LPO	1	1	2	0
LPP	5332	4711	6088	6141
LPP-AS1	0	0	0	0
LPP-AS2	45	28	40	45
LPPR1	0	0	0	0
LPPR2	1191	1210	3368	3110
LPPR3	11	4	7	12
LPPR4	0	2	0	1
LPPR5	0	0	1	0
LPXN	208	258	306	283
LRAT	147	148	218	200
LRBA	9369	8446	7652	7549
LRCH1	1388	1261	1069	1112
LRCH2	0	0	0	1
LRCH3	727	699	657	655
LRCH4	2540	2596	3533	3177
LRCOL1	0	0	0	0
LRFN1	210	218	222	205
LRFN2	0	1	3	0
LRFN3	583	640	794	765
LRFN4	3437	3592	3865	3496
LRFN5	0	0	0	0
LRG1	1290	1219	3480	3244
LRGUK	3	6	14	10
LRIF1	2547	2425	2077	2155
LRIG1	317	310	352	302
LRIG2	568	586	488	474
LRIG3	566	579	297	308
LRIT1	0	0	0	0
LRIT2	0	0	0	0
LRIT3	10	14	25	11
LRMP	485	477	79	66
LRP1	4381	3544	2830	2954
LRP10	13331	13366	26162	24227
LRP11	19261	18164	18717	18131
LRP12	1493	1459	1555	1514
LRP1B	0	0	0	0
LRP2	0	0	2	0
LRP2BP	32	25	11	9
LRP3	995	982	1359	1362
LRP4	3715	3253	539	519
LRP4-AS1	10	10	3	7
LRP5	9895	9719	16339	15207
LRP5L	215	233	373	323
LRP6	2700	2525	2477	2358
LRP8	4185	4205	2375	2307
LRPAP1	13314	13010	23304	22418
LRPPRC	16686	16222	13575	13418
LRR1	2383	2256	1215	1239
LRRC1	3640	3514	3612	3588
LRRC10	0	0	0	0
LRRC10B	0	0	0	0
LRRC14	2267	2330	2311	2023
LRRC14B	0	0	0	0
LRRC15	0	0	4	7
LRRC16A	5543	5147	5545	5384
LRRC16B	10	12	7	3
LRRC17	17	11	6	14
LRRC18	0	0	0	0
LRRC19	0	0	0	1
LRRC2	9	14	21	26
LRRC2-AS1	0	1	2	1
LRRC20	664	602	911	871
LRRC23	310	249	346	373
LRRC24	77	104	200	161
LRRC25	0	0	0	0
LRRC26	15	24	43	41
LRRC27	362	355	498	465
LRRC28	1452	1391	880	856
LRRC29	31	31	47	41
LRRC3	2	1	2	1
LRRC3-AS1	0	0	0	0
LRRC30	0	0	0	0
LRRC31	0	0	1	0
LRRC32	2	0	0	1
LRRC34	139	153	100	76
LRRC36	0	0	2	1
LRRC37A	59	43	39	38
LRRC37A11P	4	5	6	5
LRRC37A2	69	69	39	35
LRRC37A3	306	355	640	609
LRRC37A4P	1131	989	811	732
LRRC37A5P	0	0	0	0
LRRC37A6P	0	0	0	0
LRRC37B	242	234	181	150
LRRC37BP1	1545	1495	1110	1078
LRRC38	0	0	0	0
LRRC39	12	27	17	21
LRRC3B	0	0	0	0
LRRC3C	0	0	0	0
LRRC4	6	4	28	31
LRRC40	1458	1290	757	760
LRRC41	4454	4193	4254	3971
LRRC42	2668	2567	1891	1869
LRRC43	0	1	2	4
LRRC45	1794	1986	1317	1227
LRRC46	39	41	72	68
LRRC47	1469	1435	1358	1278
LRRC48	25	38	50	48
LRRC49	127	84	85	80
LRRC4B	0	1	0	0
LRRC4C	0	0	2	0
LRRC52	0	0	1	0
LRRC55	0	2	2	6
LRRC56	374	392	265	235
LRRC57	1267	1302	1077	1052
LRRC58	4876	4772	3590	3646
LRRC59	10214	9826	8296	8492
LRRC6	29	34	102	102
LRRC61	676	660	483	472
LRRC63	0	0	1	0
LRRC66	6	7	10	11
LRRC69	19	32	27	29
LRRC7	0	0	0	0
LRRC70	0	7	3	6
LRRC71	1	0	1	1
LRRC72	1	0	0	0
LRRC73	81	73	122	107
LRRC74	0	0	0	0
LRRC75A	64	68	64	50
LRRC75A-AS1	18548	17307	10223	10110
LRRC75B	45	37	42	31
LRRC8A	3721	3654	3795	3584
LRRC8B	1352	1270	1646	1560
LRRC8C	173	151	199	211
LRRC8D	4769	4704	6565	6270
LRRC8E	1879	1792	2058	2081
LRRC9	0	0	0	0
LRRCC1	2762	2717	1240	1286
LRRD1	1	2	0	0
LRRFIP1	11235	11000	10430	9884
LRRFIP2	2627	2463	1940	1895
LRRIQ1	0	1	2	0
LRRIQ3	45	39	14	19
LRRIQ4	0	1	0	1
LRRK1	3494	3383	2937	2794
LRRK2	964	923	1286	1247
LRRN1	0	0	0	1
LRRN2	279	326	737	682
LRRN3	0	2	1	3
LRRN4	0	2	1	0
LRRN4CL	7	3	6	4
LRRTM1	0	0	0	0
LRRTM2	3	2	0	1
LRRTM3	1	0	0	1
LRRTM4	0	0	0	0
LRSAM1	1114	1081	866	844
LRTM1	0	0	0	0
LRTM2	0	0	0	0
LRTOMT	754	632	760	738
LRWD1	958	1005	827	775
LSAMP	2	2	1	4
LSAMP-AS1	0	1	0	0
LSG1	3187	2930	2361	2355
LSM1	915	862	883	975
LSM10	1124	1080	1053	1062
LSM11	231	246	123	100
LSM12	3305	3208	2853	2715
LSM14A	7477	7494	6469	6335
LSM14B	2997	2996	2732	2663
LSM2	3047	3026	1646	1589
LSM3	3560	3399	2581	2687
LSM4	6950	6628	4964	5139
LSM5	3869	3713	1958	2065
LSM6	661	582	381	337
LSM7	1343	1376	825	786
LSM8	2504	2373	1906	1928
LSMEM1	35	36	38	34
LSMEM2	43	55	82	62
LSP1	9	8	0	0
LSP1P3	0	0	0	0
LSR	7444	7494	10909	10220
LSS	6618	6372	2937	2613
LST1	2	1	2	3
LTA	0	2	1	3
LTA4H	7691	6964	5221	5123
LTB	8	8	13	11
LTB4R	1537	1702	1620	1317
LTB4R2	308	385	360	301
LTBP1	1039	989	1787	1665
LTBP2	2912	2896	5297	5424
LTBP3	8824	8893	16486	15155
LTBP4	660	706	711	656
LTBR	5339	5331	6850	6432
LTC4S	66	76	106	103
LTF	0	1	1	0
LTK	45	49	97	87
LTN1	3099	3017	2802	2708
LTV1	3384	3396	2471	2595
LUC7L	1543	1587	1769	1636
LUC7L2	412	422	266	272
LUC7L3	8084	8558	6933	6345
LUCAT1	15	14	11	6
LUM	0	0	0	1
LURAP1	46	56	19	13
LURAP1L	314	328	167	188
LUZP1	5095	4696	5337	5044
LUZP2	0	0	0	0
LUZP4	1	1	1	5
LUZP6	0	0	0	0
LXN	7392	7007	48571	46881
LY6D	5856	5412	4494	4264
LY6E	27219	26284	39669	37854
LY6G5B	422	486	417	328
LY6G5C	119	127	142	99
LY6G6C	72	60	183	183
LY6G6D	1	3	2	3
LY6G6E	0	0	2	0
LY6G6F	0	1	0	1
LY6H	4	4	13	15
LY6K	97	101	75	60
LY75	4	4	10	9
LY75-CD302	0	0	0	1
LY86	0	0	1	0
LY86-AS1	1	3	1	4
LY9	5	3	3	0
LY96	104	79	423	422
LYAR	1072	1065	433	433
LYG1	16	13	18	10
LYG2	0	0	0	0
LYL1	0	0	0	0
LYN	1780	1730	1414	1369
LYNX1	249	283	368	325
LYPD1	196	190	325	347
LYPD2	4	9	21	30
LYPD3	1587	1549	1733	1752
LYPD4	0	0	0	0
LYPD5	112	96	50	62
LYPD6	761	724	489	483
LYPD6B	876	882	916	959
LYPD8	0	0	0	0
LYPLA1	3980	3809	3606	3675
LYPLA2	1664	1680	1898	1686
LYPLA2P2	0	0	1	0
LYPLAL1	725	659	887	908
LYPLAL1-AS1	0	1	1	0
LYRM1	679	669	830	824
LYRM2	4782	4425	4121	4204
LYRM4	745	671	479	486
LYRM5	780	709	809	821
LYRM7	1598	1422	991	990
LYRM9	193	204	238	290
LYSMD1	693	632	694	641
LYSMD2	478	505	461	448
LYSMD3	2702	2312	1982	2001
LYSMD4	1026	994	707	648
LYST	1076	1037	806	837
LYVE1	1	0	0	2
LYZ	1	1	33	21
LYZL1	0	0	0	0
LYZL2	0	0	0	0
LYZL4	2	6	1	0
LYZL6	0	0	0	0
LZIC	525	474	426	420
LZTFL1	1228	1193	1138	1099
LZTR1	2326	2423	2116	1901
LZTS1	26	30	26	21
LZTS1-AS1	0	0	0	0
LZTS2	4313	4122	3357	3148
LZTS3	341	293	858	672
M1AP	1	2	5	3
M6PR	9793	9737	10290	9986
MAATS1	0	0	3	1
MAB21L1	0	0	0	0
MAB21L2	0	0	0	0
MAB21L3	527	504	474	470
MACC1	1440	1432	1129	1209
MACC1-AS1	0	0	0	0
MACF1	7316	6368	9139	9240
MACROD1	769	772	305	346
MACROD2	26	18	27	17
MACROD2-AS1	0	0	0	0
MACROD2-IT1	0	0	0	0
MAD1L1	1708	1621	1545	1487
MAD2L1	5609	5201	1615	1665
MAD2L1BP	3545	3263	3164	3116
MAD2L2	795	770	694	637
MADCAM1	0	0	1	0
MADD	4036	3905	4020	3842
MAEA	5743	5706	5546	5576
MAEL	2	0	0	0
MAF	321	301	358	356
MAF1	6763	6564	7444	6901
MAFA	20	22	17	21
MAFB	302	271	829	853
MAFF	156	159	425	427
MAFG	1508	1466	1095	1046
MAFG-AS1	50	62	42	38
MAFIP	0	0	0	0
MAFK	11094	12561	34392	30025
MAG	151	112	220	214
MAGEA1	0	0	0	0
MAGEA10	0	0	0	0
MAGEA10-MAGEA5	0	0	0	0
MAGEA11	1	2	5	4
MAGEA12	3	6	5	5
MAGEA2	0	0	0	0
MAGEA2B	0	0	0	0
MAGEA3	0	1	0	0
MAGEA4	1	0	0	0
MAGEA5	0	0	0	0
MAGEA6	0	0	0	0
MAGEA8	0	0	0	0
MAGEA8-AS1	0	0	0	0
MAGEA9	0	0	0	0
MAGEA9B	0	0	0	0
MAGEB1	0	0	0	0
MAGEB10	0	0	0	0
MAGEB16	0	0	0	0
MAGEB17	0	0	0	0
MAGEB18	0	0	1	0
MAGEB2	0	0	0	0
MAGEB3	1	0	0	0
MAGEB4	0	0	0	0
MAGEB5	0	0	0	0
MAGEB6	0	1	0	0
MAGEC1	0	1	3	4
MAGEC2	0	0	0	0
MAGEC3	0	1	1	0
MAGED1	3429	3558	5380	5155
MAGED2	3736	3528	6803	6654
MAGED4	0	0	0	0
MAGED4B	0	0	0	0
MAGEE1	399	395	418	395
MAGEE2	0	0	0	0
MAGEF1	2601	2452	2274	2144
MAGEH1	158	132	296	263
MAGEL2	0	0	0	0
MAGI1	745	729	833	793
MAGI1-AS1	0	0	0	0
MAGI2	2	5	3	5
MAGI2-AS2	0	0	0	0
MAGI2-AS3	0	0	0	0
MAGI3	1145	1091	1195	1228
MAGIX	83	49	82	83
MAGOH	1282	1326	884	860
MAGOH2	0	0	0	0
MAGOHB	1338	1322	894	873
MAGT1	8657	8354	12195	11806
MAK	81	77	142	157
MAK16	845	795	581	558
MAL	3	3	7	4
MAL2	8337	7907	8650	9105
MALAT1	14327	20184	32909	25081
MALL	1306	1254	1379	1394
MALRD1	0	0	0	1
MALSU1	1274	1411	1374	1360
MALT1	4234	4051	2453	2476
MAMDC2	47	51	13	17
MAMDC2-AS1	7	12	6	7
MAMDC4	839	891	554	467
MAML1	3115	3064	2256	2216
MAML2	2364	2273	2461	2338
MAML3	288	276	489	533
MAMLD1	287	319	404	447
MAMSTR	90	71	50	63
MAN1A1	1	1	3	3
MAN1A2	4542	4342	4108	3807
MAN1B1	4962	4873	7939	7565
MAN1B1-AS1	106	94	106	115
MAN1C1	89	73	233	221
MAN2A1	4279	4118	5195	4877
MAN2A2	4937	5186	5949	5146
MAN2B1	6781	6609	9414	9038
MAN2B2	3886	3718	7728	7345
MAN2C1	6377	6211	6496	5901
MANBA	4122	3842	6507	6166
MANBAL	3054	2906	3238	3096
MANEA	2070	1941	1520	1402
MANEA-AS1	34	25	22	21
MANEAL	3363	3264	4026	3848
MANF	4279	4294	6284	5886
MANSC1	1387	1408	2903	2678
MANSC4	6	3	19	12
MAOA	1696	1489	1066	1053
MAOB	2	3	1	4
MAP10	0	0	0	0
MAP1A	44	36	11	22
MAP1B	305	284	551	585
MAP1LC3A	11	15	32	18
MAP1LC3B	5333	5033	5982	5968
MAP1LC3B2	2	2	4	5
MAP1LC3C	7	17	21	12
MAP1S	727	743	811	812
MAP2	424	397	143	153
MAP2K1	3745	3523	4232	4210
MAP2K2	4250	4228	4125	4133
MAP2K3	3071	3007	4530	4304
MAP2K4	2998	2944	3185	3200
MAP2K4P1	1	0	0	1
MAP2K5	1038	1034	1012	982
MAP2K6	1180	1099	757	705
MAP2K7	1948	1965	1857	1680
MAP3K1	1597	1440	1169	1101
MAP3K10	554	507	619	604
MAP3K11	4091	3929	4740	4473
MAP3K12	391	368	565	431
MAP3K13	1306	1236	1643	1517
MAP3K14	1007	1015	1045	989
MAP3K14-AS1	111	92	128	129
MAP3K15	0	0	0	0
MAP3K19	1	0	1	1
MAP3K2	3807	3823	3986	4072
MAP3K3	1306	1387	1043	972
MAP3K4	1632	1485	1308	1273
MAP3K5	1957	1849	2131	2030
MAP3K6	701	724	656	642
MAP3K7	4270	4043	3922	3857
MAP3K7CL	5	2	0	1
MAP3K8	611	601	1223	1042
MAP3K9	2088	1975	2163	2153
MAP4	12334	12178	10688	10178
MAP4K1	47	52	31	25
MAP4K2	1307	1247	1098	995
MAP4K3	2737	2590	2608	2633
MAP4K4	5168	5010	7196	7238
MAP4K5	3678	3517	3080	3067
MAP6	196	158	349	311
MAP6D1	223	245	266	304
MAP7	5680	5633	5483	5310
MAP7D1	4603	4600	4623	4427
MAP7D2	7	9	6	2
MAP7D3	1096	1111	1086	1142
MAP9	1143	1056	1063	1079
MAPK1	9525	9199	7901	7654
MAPK10	381	362	429	344
MAPK11	254	265	555	488
MAPK12	948	896	808	809
MAPK13	9718	9112	7997	7641
MAPK14	6338	6304	5525	5443
MAPK15	35	41	60	48
MAPK1IP1L	5214	5185	4787	4800
MAPK3	1998	2020	2042	1905
MAPK4	11497	11437	26843	26532
MAPK6	4113	3991	3351	3154
MAPK7	569	578	469	511
MAPK8	3760	3790	2970	2807
MAPK8IP1	384	358	361	423
MAPK8IP2	47	36	90	78
MAPK8IP3	17274	17237	17286	15682
MAPK9	3422	3285	3114	3230
MAPKAP1	5263	5067	4933	4934
MAPKAPK2	6694	6600	8389	7885
MAPKAPK3	5007	4877	4033	4104
MAPKAPK5	2193	2120	1763	1787
MAPKAPK5-AS1	602	578	606	542
MAPKBP1	2879	2706	1392	1287
MAPRE1	14260	13607	10868	10709
MAPRE2	1026	1048	779	698
MAPRE3	415	350	439	398
MAPT	20	18	20	17
MAPT-AS1	0	0	0	0
MAPT-IT1	0	0	0	0
MARC1	666	748	386	414
MARC2	2111	1946	2333	2303
MARCH1	3	6	9	3
MARCH10	2	1	6	5
MARCH11	0	0	0	0
MARCH2	461	413	819	778
MARCH3	118	117	86	96
MARCH4	1	2	18	22
MARCH5	3232	2973	2822	2806
MARCH6	20049	19581	19363	18805
MARCH7	6042	5960	4758	4770
MARCH8	1416	1400	1329	1369
MARCH9	544	574	714	695
MARCKS	11413	11027	6454	6710
MARCKSL1	1627	1709	4503	4310
MARCO	75	99	122	112
MARK1	766	763	471	460
MARK2	4527	4482	4927	4607
MARK2P9	0	0	0	0
MARK3	3809	3735	3221	3095
MARK4	1237	1220	1458	1398
MARS	11688	11482	7396	7248
MARS2	1303	1244	1296	1234
MARVELD1	7462	7609	6546	6191
MARVELD2	1041	1034	761	758
MARVELD3	1932	1931	2246	2236
MAS1	0	0	0	0
MAS1L	0	0	0	0
MASP1	7	4	6	7
MASP2	0	0	0	0
MAST1	60	44	45	32
MAST2	3026	3042	2729	2564
MAST3	381	417	475	444
MAST4	6206	5600	3469	3302
MASTL	3047	3176	1481	1513
MAT1A	7	3	8	4
MAT2A	12205	12344	8900	8615
MAT2B	6435	6085	5689	5660
MATK	787	763	904	895
MATN1	0	1	2	2
MATN1-AS1	72	74	68	52
MATN2	4458	4200	2177	2117
MATN3	213	223	995	928
MATN4	1	1	5	0
MATR3	21061	20181	17219	17111
MAU2	2655	2554	2809	2664
MAVS	4951	4582	4984	4637
MAX	1944	2029	2176	2133
MAZ	10529	10565	7135	6624
MB	293	276	484	446
MB21D1	118	114	125	110
MB21D2	1141	1076	1294	1373
MBD1	2941	2947	2690	2427
MBD2	7413	7189	5753	5561
MBD3	5783	5581	4021	3817
MBD3L1	0	0	0	0
MBD3L2	0	0	0	0
MBD3L3	0	0	0	0
MBD3L4	0	0	0	0
MBD3L5	0	0	0	0
MBD4	2216	2162	1599	1594
MBD5	983	914	988	931
MBD6	2780	3221	2950	2440
MBIP	1086	981	829	815
MBL1P	18	9	36	26
MBL2	0	0	1	1
MBLAC1	68	66	88	78
MBLAC2	1005	907	564	585
MBNL1	5408	5064	3624	3460
MBNL1-AS1	68	83	131	147
MBNL2	10214	9708	8085	8038
MBNL3	1858	1654	1305	1235
MBOAT1	1511	1615	1870	1757
MBOAT2	1359	1321	2379	2159
MBOAT4	6	7	1	5
MBOAT7	6273	6218	9706	8804
MBP	1971	2045	2375	2329
MBTD1	1860	1730	1706	1671
MBTPS1	10451	10049	11371	10708
MBTPS2	2705	2517	2517	2398
MC1R	639	768	1783	1562
MC2R	4	2	3	6
MC3R	0	0	0	0
MC4R	0	0	0	1
MC5R	2	1	2	1
MCAM	3463	3366	20612	19435
MCAT	731	728	648	650
MCC	3161	2919	963	907
MCCC1	2122	2202	2309	2271
MCCC2	9737	9582	11088	10812
MCCD1	0	0	0	0
MCEE	554	515	717	739
MCEMP1	4	1	3	0
MCF2	1120	1054	1558	1497
MCF2L	545	537	2066	1811
MCF2L-AS1	49	46	109	120
MCF2L2	125	97	107	102
MCFD2	8402	8195	9964	9750
MCHR1	1	2	0	1
MCHR2	0	0	0	0
MCHR2-AS1	0	0	0	0
MCIDAS	178	194	306	340
MCL1	15159	14452	17383	17018
MCM10	1785	1726	807	795
MCM2	6795	6716	3551	3616
MCM3	15183	15555	9679	9632
MCM3AP	6060	5985	4335	4091
MCM3AP-AS1	255	223	73	76
MCM4	6958	7066	4956	4964
MCM5	4750	4829	2374	2415
MCM6	5570	5681	3186	3137
MCM7	9165	9258	4775	4618
MCM8	1080	1164	591	574
MCM9	1789	1790	1442	1468
MCMBP	5521	5270	3425	3373
MCMDC2	0	1	2	0
MCOLN1	693	760	1195	1139
MCOLN2	320	285	196	200
MCOLN3	635	694	540	474
MCPH1	564	569	478	481
MCRS1	3218	2949	2530	2508
MCTP1	174	137	99	105
MCTP2	2519	2585	2838	2760
MCTS1	2631	2524	2278	2288
MCTS2P	477	417	234	253
MCU	2889	2878	2668	2597
MCUR1	2245	2298	2318	2248
MDC1	5924	5906	2520	2345
MDFI	1522	1467	1174	1088
MDFIC	2826	2523	2692	2630
MDGA1	337	318	192	176
MDGA2	0	0	0	0
MDH1	16854	15948	18723	18693
MDH1B	119	109	133	138
MDH2	16765	16238	17887	17850
MDK	1913	1750	2929	2778
MDM1	933	904	591	530
MDM2	9475	8942	5905	5787
MDM4	1861	1912	1467	1318
MDN1	5303	4449	3406	3670
MDP1	154	150	110	117
MDS2	23	34	57	59
ME1	9495	8925	5463	5250
ME2	7275	7121	6556	6587
ME3	9	9	18	15
MEA1	4128	4053	3821	3852
MEAF6	2896	2734	2150	2134
MECOM	2879	2749	1658	1692
MECP2	2691	2584	2853	2838
MECR	835	807	772	831
MED1	4941	4714	3788	3941
MED10	2333	2244	2293	2280
MED11	885	821	860	898
MED12	2433	2125	2085	2126
MED12L	110	146	67	75
MED13	6518	6128	5746	5408
MED13L	4026	3627	3276	3066
MED14	7435	6895	5238	5028
MED14OS	15	10	7	10
MED15	3663	3708	4082	3787
MED15P9	0	0	0	1
MED16	1952	1931	2035	1813
MED17	3124	2901	2977	2827
MED18	652	682	671	709
MED19	802	849	888	886
MED20	3079	3099	2840	2724
MED21	2342	2255	1570	1438
MED22	2152	2147	1713	1676
MED23	3347	3191	3341	3004
MED24	3785	3834	2994	2870
MED25	1923	1937	1811	1559
MED26	435	430	406	346
MED27	954	952	645	701
MED28	1798	1707	1232	1164
MED29	2831	2775	2560	2607
MED30	488	486	230	249
MED31	469	458	441	422
MED4	4114	4127	3459	3470
MED4-AS1	1	0	0	1
MED6	1297	1198	856	928
MED7	997	949	777	726
MED8	1480	1469	1454	1403
MED9	840	836	1161	1066
MEDAG	0	0	1	1
MEF2A	3581	3476	2988	2933
MEF2B	0	1	0	1
MEF2BNB	350	367	432	415
MEF2BNB-MEF2B	11	9	12	5
MEF2C	5	2	1	0
MEF2C-AS1	0	0	0	0
MEF2D	3163	3066	4438	4138
MEFV	2	4	4	2
MEG3	0	0	0	0
MEG8	0	0	0	0
MEG9	0	0	1	0
MEGF10	2	1	6	11
MEGF11	4	3	3	5
MEGF6	3140	3316	6880	6491
MEGF8	7908	7175	12652	12608
MEGF9	2545	2440	2193	2184
MEI1	5	2	4	0
MEI4	0	0	0	0
MEIG1	8	7	3	5
MEIOB	0	0	2	1
MEIS1	856	803	722	722
MEIS1-AS3	8	0	4	5
MEIS2	909	848	983	999
MEIS3	44	59	173	165
MEIS3P1	1222	1114	1637	1633
MELK	5104	5032	1673	1764
MEMO1	2651	2595	1983	1909
MEN1	4034	4040	3165	2866
MEOX1	2	1	1	0
MEOX2	0	0	0	0
MEP1A	8	3	0	0
MEP1B	2	2	1	1
MEPCE	2687	2835	2302	2243
MEPE	1	1	4	0
MERTK	4	7	0	1
MESDC1	1571	1689	1959	1948
MESDC2	9931	9521	18987	18588
MESP1	78	69	132	150
MESP2	11	4	12	5
MEST	403	403	257	227
MESTIT1	0	0	0	2
MET	11404	11344	7363	7054
METAP1	5444	5372	2870	2982
METAP1D	526	510	290	255
METAP2	7540	7142	4623	4652
METRN	1392	1441	2239	2200
METRNL	765	757	1756	1727
METTL1	788	793	582	579
METTL10	1604	1470	941	858
METTL11B	0	0	0	0
METTL12	35	51	15	18
METTL13	4707	4461	4186	4012
METTL14	1454	1459	1253	1151
METTL15	1222	1178	1108	1086
METTL16	2595	2493	1652	1560
METTL17	3654	3632	2926	2909
METTL18	592	594	472	478
METTL20	61	64	76	95
METTL21A	1592	1558	1607	1591
METTL21B	357	336	350	275
METTL21C	0	0	1	0
METTL21EP	6	7	6	9
METTL22	432	417	300	283
METTL23	1189	1190	1248	1206
METTL24	0	0	0	0
METTL25	242	246	315	312
METTL2A	1245	1185	1023	1015
METTL2B	1419	1358	1085	1149
METTL3	1954	1938	1230	1142
METTL4	1127	1129	735	712
METTL5	2952	2981	2204	2213
METTL6	885	871	729	736
METTL7A	7148	6860	2541	2416
METTL7B	26	29	30	18
METTL8	1565	1510	772	765
METTL9	4998	5062	4671	4861
MEX3A	339	295	272	239
MEX3B	108	125	88	88
MEX3C	2995	2869	2576	2564
MEX3D	611	608	694	639
MFAP1	2392	2375	2041	2072
MFAP2	0	0	0	0
MFAP3	4944	4504	4770	4451
MFAP3L	547	530	765	731
MFAP4	0	1	0	0
MFAP5	4205	4281	1913	1818
MFF	10016	9798	7899	7511
MFGE8	945	856	1206	1114
MFHAS1	624	611	551	505
MFI2	326	358	793	729
MFI2-AS1	114	136	96	90
MFN1	3183	3021	2803	2828
MFN2	5579	5172	4571	4507
MFNG	67	77	74	59
MFRP	0	0	0	0
MFSD1	5260	5104	14730	14037
MFSD10	4202	4499	5773	5293
MFSD11	2026	2003	1959	1883
MFSD12	4290	4518	8669	8113
MFSD2A	156	208	392	377
MFSD2B	4	3	5	7
MFSD3	2896	2900	4122	3937
MFSD4	75	88	114	106
MFSD5	1989	1934	2188	2133
MFSD6	4802	4553	6797	6589
MFSD6L	0	0	2	4
MFSD7	208	229	753	648
MFSD8	1227	1228	1304	1238
MFSD9	574	534	680	580
MGA	2962	2685	2202	2229
MGAM	56	41	372	329
MGARP	16	28	7	8
MGAT1	4047	4043	5838	5494
MGAT2	3765	3644	2848	2808
MGAT3	0	4	4	7
MGAT4A	1506	1624	2540	2615
MGAT4B	7740	7536	9247	8653
MGAT4C	0	0	0	0
MGAT5	2403	2320	2853	2617
MGAT5B	1017	1015	1204	1091
MGC12916	10	10	1	3
MGC15885	0	0	0	0
MGC16025	1	2	0	0
MGC16142	21	22	18	27
MGC16275	6	5	2	3
MGC27345	485	544	414	395
MGC27382	0	0	1	0
MGC2889	1	0	0	0
MGC32805	5	7	3	2
MGC34796	1	0	0	0
MGC39584	0	0	0	0
MGC45800	0	0	0	0
MGC45922	3	5	4	2
MGC57346	632	607	478	473
MGC70870	0	0	0	0
MGC72080	394	363	325	319
MGEA5	7196	7296	7163	6824
MGLL	4826	4754	9474	9369
MGME1	1568	1476	592	677
MGMT	10	9	9	12
MGP	2	4	5	6
MGRN1	2103	2042	2816	2583
MGST1	19567	18382	13790	13290
MGST2	3451	3272	5591	5515
MGST3	3849	3794	4884	4863
MIA	4	2	6	12
MIA-RAB4B	0	0	0	0
MIA2	1	2	1	0
MIA3	3392	3247	3580	3325
MIAT	91	82	100	54
MIB1	6457	6018	4750	4610
MIB2	762	775	786	769
MICA	2068	1980	3649	3525
MICAL1	1145	1225	3912	3538
MICAL2	2132	2064	2414	2392
MICAL3	4230	4254	3195	3047
MICALCL	293	267	172	176
MICALL1	6720	6530	3435	3070
MICALL2	2462	2559	4404	3879
MICB	936	939	521	456
MICU1	3003	2958	2534	2511
MICU2	3446	3248	3575	3538
MICU3	0	0	0	0
MID1	6727	6841	5902	5584
MID1IP1	1955	1900	1471	1417
MID1IP1-AS1	1	5	3	2
MID2	1398	1335	1358	1405
MIDN	4726	5155	8685	8100
MIEF1	4877	4739	3837	3793
MIEF2	1601	1489	2336	2284
MIEN1	1655	1537	2441	2328
MIER1	2893	2682	2231	2301
MIER2	745	789	727	656
MIER3	2961	2826	2364	2304
MIF	11097	11738	8997	8887
MIF4GD	1260	1228	1111	1071
MIIP	460	408	260	287
MILR1	3	1	4	5
MIMT1	0	0	0	0
MINA	2180	2126	1450	1416
MINK1	11349	11470	9088	8298
MINOS1	2104	1909	2262	2264
MINOS1-NBL1	1	0	1	1
MINOS1P1	0	1	1	1
MINPP1	2642	2532	4080	3863
MIOS	2474	2386	2740	2557
MIOX	0	0	0	1
MIP	9	9	20	11
MIPEP	3605	3297	3563	3564
MIPEPP3	63	56	54	68
MIPOL1	888	809	649	731
MIR1-1	0	0	0	0
MIR1-2	0	0	0	0
MIR100	0	0	1	0
MIR100HG	704	692	798	740
MIR101-1	0	0	0	0
MIR101-2	0	0	0	0
MIR103A1	0	0	0	0
MIR103A2	4	2	0	2
MIR103B1	0	0	0	0
MIR103B2	0	0	0	0
MIR105-1	0	0	0	0
MIR105-2	0	0	0	0
MIR106A	0	0	0	0
MIR106B	0	2	3	1
MIR107	0	0	0	0
MIR10A	0	0	0	0
MIR10B	0	0	0	0
MIR1178	0	0	0	0
MIR1179	0	0	0	0
MIR1180	2	2	1	1
MIR1181	0	0	0	0
MIR1182	0	0	0	0
MIR1184-1	0	0	0	0
MIR1184-2	0	0	0	0
MIR1184-3	0	0	0	0
MIR1185-1	0	0	0	0
MIR1185-2	0	0	0	0
MIR1193	0	0	0	0
MIR1197	0	0	0	0
MIR1199	0	0	0	0
MIR1200	0	0	0	0
MIR1203	0	0	0	0
MIR1204	80	72	28	33
MIR1205	2	0	0	1
MIR1206	3	3	2	0
MIR1207	0	0	0	1
MIR1208	0	0	0	0
MIR122	0	0	0	0
MIR1224	0	0	0	0
MIR1225	0	0	0	0
MIR1226	0	0	0	0
MIR1227	0	0	0	0
MIR1228	0	0	0	0
MIR1229	0	0	0	0
MIR1231	0	0	0	0
MIR1233-1	0	0	0	0
MIR1233-2	0	0	0	0
MIR1234	0	0	0	0
MIR1236	0	0	0	0
MIR1237	0	0	0	0
MIR1238	0	0	0	0
MIR124-1	0	0	0	0
MIR124-2	0	0	0	0
MIR124-2HG	0	0	0	0
MIR124-3	0	0	0	0
MIR1243	0	0	0	0
MIR1244-1	0	0	0	0
MIR1244-2	0	0	0	0
MIR1244-3	0	0	0	0
MIR1245A	0	0	0	0
MIR1245B	0	0	0	0
MIR1246	0	0	0	0
MIR1247	0	0	0	0
MIR1248	0	1	1	1
MIR1249	1	1	3	2
MIR1250	3	1	1	2
MIR1251	0	0	0	0
MIR1252	0	0	0	0
MIR1253	0	0	0	0
MIR1256	0	0	0	0
MIR1257	1	1	0	0
MIR1258	0	0	0	0
MIR125A	0	0	0	0
MIR125B1	1	1	0	0
MIR125B2	1	0	0	0
MIR126	1	0	0	0
MIR1260A	0	0	0	0
MIR1260B	0	0	0	0
MIR1262	0	0	0	0
MIR1264	0	0	0	0
MIR1265	0	0	0	0
MIR1266	0	0	0	0
MIR127	0	0	0	0
MIR1270	0	0	0	0
MIR1272	0	0	0	1
MIR1273H	0	0	0	0
MIR1275	0	0	0	0
MIR1276	1	0	0	0
MIR1277	0	0	0	0
MIR1278	0	0	0	0
MIR1279	0	0	0	0
MIR128-1	0	0	0	0
MIR128-2	0	0	0	0
MIR1281	7	2	2	2
MIR1282	6	9	11	7
MIR1283-1	0	0	0	0
MIR1283-2	0	0	0	0
MIR1284	0	0	1	0
MIR1286	0	0	0	1
MIR1287	0	0	0	0
MIR1288	3	1	0	0
MIR1289-2	0	0	0	0
MIR129-1	0	0	0	0
MIR129-2	0	0	0	0
MIR1291	0	1	0	1
MIR1292	0	0	0	0
MIR1293	0	0	0	0
MIR1295A	0	0	0	0
MIR1295B	0	0	0	0
MIR1296	0	0	0	0
MIR1297	0	0	0	0
MIR1298	0	0	0	0
MIR1301	1	0	0	0
MIR1304	57	70	36	39
MIR1305	0	0	0	0
MIR1306	0	0	0	0
MIR1307	6	7	19	13
MIR130A	0	0	1	0
MIR130B	1	1	0	0
MIR132	0	0	0	0
MIR1322	0	0	0	0
MIR1323	0	0	0	0
MIR1324	0	0	0	0
MIR133A1	0	0	0	0
MIR133A1HG	0	0	0	1
MIR133A2	0	0	0	0
MIR133B	0	0	0	0
MIR134	0	0	0	0
MIR1343	0	0	0	0
MIR135A1	0	0	0	0
MIR135A2	0	0	0	0
MIR135B	5	2	3	9
MIR136	0	0	0	0
MIR137	0	0	0	0
MIR137HG	0	0	2	0
MIR138-1	1	0	0	2
MIR138-2	0	0	0	0
MIR139	0	0	0	0
MIR140	0	0	0	0
MIR141	32	33	47	32
MIR142	0	0	0	0
MIR143	0	0	0	0
MIR143HG	0	0	0	0
MIR144	0	0	0	0
MIR145	0	0	0	0
MIR1468	0	0	0	0
MIR1469	0	0	2	0
MIR146A	0	0	0	0
MIR146B	0	0	0	0
MIR1470	0	0	0	0
MIR1471	0	0	0	0
MIR147A	0	0	0	0
MIR147B	0	0	0	0
MIR148A	0	0	0	0
MIR148B	0	1	1	0
MIR149	1	1	4	1
MIR150	0	0	0	0
MIR152	1	0	0	0
MIR153-1	0	0	0	0
MIR153-2	0	0	0	0
MIR1537	0	0	0	0
MIR1538	0	0	1	0
MIR1539	0	0	0	0
MIR154	0	0	0	0
MIR155	0	0	0	0
MIR155HG	3	1	3	0
MIR15A	0	0	0	0
MIR15B	0	0	0	0
MIR16-1	0	0	0	0
MIR16-2	0	0	0	0
MIR17	0	0	0	0
MIR17HG	254	335	122	137
MIR181A1	0	0	0	0
MIR181A1HG	3	3	4	1
MIR181A2	0	0	0	0
MIR181A2HG	10	26	16	25
MIR181B1	0	0	2	0
MIR181B2	0	0	0	1
MIR181C	0	0	0	0
MIR181D	0	0	3	0
MIR182	0	0	0	1
MIR1827	0	0	0	0
MIR183	0	0	0	0
MIR184	0	0	0	0
MIR185	0	0	0	1
MIR186	35	21	40	21
MIR187	0	0	0	0
MIR188	0	0	0	0
MIR18A	0	0	0	0
MIR18B	0	0	0	0
MIR1908	9	7	3	7
MIR1909	0	0	0	0
MIR190A	1	0	0	0
MIR190B	0	0	0	0
MIR191	1	1	1	0
MIR1910	1	0	0	0
MIR1911	0	0	0	0
MIR1912	0	0	0	0
MIR1913	0	0	0	0
MIR1914	59	84	89	58
MIR1915	0	0	0	0
MIR192	0	0	0	1
MIR193A	0	0	0	0
MIR193B	0	0	0	0
MIR194-1	0	0	0	0
MIR194-2	0	0	0	0
MIR195	0	0	0	0
MIR196A1	0	0	0	0
MIR196A2	2	2	1	0
MIR196B	1	3	9	5
MIR197	0	0	1	4
MIR1972-1	0	0	0	0
MIR1972-2	0	0	0	0
MIR1973	0	0	0	0
MIR1976	0	0	0	0
MIR198	0	0	0	0
MIR199A1	0	0	0	0
MIR199A2	0	0	0	0
MIR199B	0	0	0	0
MIR19A	0	0	0	0
MIR19B1	0	0	0	0
MIR19B2	0	0	0	0
MIR200A	2	4	3	2
MIR200B	0	2	2	0
MIR200C	0	3	0	3
MIR202	0	0	0	0
MIR202HG	2	1	1	1
MIR203A	0	0	0	0
MIR203B	0	0	0	0
MIR204	0	0	0	0
MIR205	49	60	15	14
MIR2052	3	1	1	1
MIR2053	0	0	0	0
MIR2054	0	0	0	0
MIR205HG	4977	5043	1233	1065
MIR206	0	0	0	0
MIR208A	0	0	0	0
MIR208B	0	0	0	0
MIR20A	0	0	0	0
MIR20B	0	0	0	0
MIR21	8	6	41	21
MIR210	0	3	1	7
MIR210HG	108	119	183	164
MIR211	0	0	0	0
MIR2110	0	0	0	0
MIR2113	0	0	0	0
MIR2114	0	0	0	0
MIR2116	1	0	2	2
MIR2117	7	4	0	1
MIR212	0	0	0	0
MIR214	0	0	0	0
MIR215	0	0	0	0
MIR216A	0	0	0	0
MIR216B	0	0	0	0
MIR217	0	0	0	0
MIR218-1	0	0	0	0
MIR218-2	0	0	0	0
MIR219A1	6	3	8	7
MIR219A2	0	0	0	0
MIR219B	0	0	0	0
MIR22	0	0	0	0
MIR221	32	24	21	19
MIR222	1	0	0	2
MIR223	0	0	0	0
MIR2276	0	0	0	0
MIR2277	0	0	0	0
MIR2278	0	0	0	0
MIR22HG	1742	1879	2646	2287
MIR2355	1	1	0	0
MIR2392	0	0	0	0
MIR23A	1	4	3	3
MIR23B	5	3	14	12
MIR23C	0	0	0	0
MIR24-1	30	7	37	33
MIR24-2	1	0	1	4
MIR2467	0	0	0	0
MIR25	36	34	25	19
MIR2681	0	0	0	0
MIR2682	0	0	0	0
MIR26A1	0	0	0	0
MIR26A2	1	1	4	0
MIR26B	0	0	0	0
MIR27A	1	0	1	2
MIR27B	12	13	25	28
MIR2861	0	0	0	0
MIR2909	0	0	0	0
MIR296	0	0	0	0
MIR298	0	0	0	0
MIR299	0	0	0	0
MIR29A	0	0	1	0
MIR29B1	0	0	0	0
MIR29B2	4	0	7	6
MIR29C	10	12	29	27
MIR300	0	0	0	0
MIR301A	0	0	0	0
MIR301B	0	0	0	0
MIR302A	0	0	0	0
MIR302B	0	0	0	0
MIR302C	0	0	0	0
MIR302D	0	0	0	0
MIR302F	0	0	0	0
MIR3064	192	226	360	291
MIR3065	0	0	0	0
MIR3074	0	0	0	0
MIR30A	1930	1789	524	495
MIR30B	0	0	0	0
MIR30C1	0	2	2	0
MIR30C2	2	2	5	4
MIR30D	0	0	0	1
MIR30E	0	0	0	0
MIR31	0	0	0	0
MIR3115	0	0	0	0
MIR3117	0	0	0	0
MIR3119-1	0	0	0	0
MIR3119-2	0	0	0	0
MIR3120	0	0	1	0
MIR3121	0	1	0	0
MIR3122	0	0	1	1
MIR3123	0	0	0	0
MIR3124	0	4	0	0
MIR3125	1	0	0	2
MIR3126	0	0	0	0
MIR3127	0	1	0	1
MIR3128	0	0	0	0
MIR3129	0	0	1	0
MIR3130-1	0	0	0	0
MIR3130-2	0	0	0	0
MIR3131	0	0	0	0
MIR3132	1	6	4	4
MIR3134	0	0	0	0
MIR3136	3	7	6	4
MIR3138	0	2	2	0
MIR3140	0	0	0	0
MIR3141	0	0	0	0
MIR3142	0	0	0	0
MIR3143	0	0	0	0
MIR3145	0	0	0	2
MIR3146	4	1	2	0
MIR3147	0	0	0	0
MIR3148	0	0	0	0
MIR3150A	0	0	0	0
MIR3150B	0	1	0	0
MIR3151	0	0	0	0
MIR3152	0	0	0	0
MIR3153	15	25	4	1
MIR3154	0	0	0	0
MIR3155A	0	0	0	0
MIR3155B	0	0	0	0
MIR3156-1	0	0	0	0
MIR3156-2	0	0	0	0
MIR3156-3	0	0	0	0
MIR3157	0	0	2	0
MIR3158-1	0	0	0	0
MIR3158-2	0	0	0	0
MIR3160-1	0	0	0	0
MIR3160-2	0	0	0	0
MIR3162	0	0	0	0
MIR3165	0	0	0	2
MIR3167	0	0	1	0
MIR3169	0	0	0	0
MIR3170	0	0	0	0
MIR3173	0	0	0	0
MIR3175	0	0	0	0
MIR3176	8	6	10	8
MIR3177	4	4	3	1
MIR3178	0	0	0	0
MIR3179-1	0	0	0	0
MIR3179-2	0	0	0	0
MIR3179-3	0	0	0	0
MIR3180-1	0	0	0	0
MIR3180-2	0	0	0	0
MIR3180-3	0	0	0	0
MIR3180-4	0	0	0	0
MIR3180-5	0	0	0	0
MIR3182	0	0	0	0
MIR3183	0	0	0	0
MIR3184	0	1	0	0
MIR3185	0	0	0	0
MIR3186	0	0	0	0
MIR3187	1	0	0	0
MIR3188	0	0	0	0
MIR3189	7	4	1	4
MIR3190	0	0	0	0
MIR3191	15	11	10	11
MIR3192	1	0	0	0
MIR3193	6	3	7	11
MIR3194	0	0	0	0
MIR3196	0	0	0	0
MIR3197	0	2	1	2
MIR3198-1	2	0	1	0
MIR3198-2	0	0	0	0
MIR3199-1	0	0	0	0
MIR3199-2	0	1	0	0
MIR31HG	30	48	64	71
MIR32	0	0	0	0
MIR3200	0	0	0	0
MIR3201	0	0	0	0
MIR3202-1	1	0	0	2
MIR3202-2	0	0	0	0
MIR320A	1	0	1	0
MIR320B1	0	0	0	0
MIR320B2	1	4	0	3
MIR320C1	0	0	0	0
MIR320C2	0	0	0	0
MIR320D1	0	2	0	2
MIR320D2	0	0	0	0
MIR320E	10	11	9	4
MIR323A	0	0	0	0
MIR323B	0	0	0	0
MIR324	0	0	0	0
MIR326	0	0	0	0
MIR328	0	0	0	0
MIR329-1	0	0	0	0
MIR329-2	0	0	0	0
MIR330	4	1	2	1
MIR331	5	2	7	5
MIR335	0	0	0	0
MIR337	0	0	0	0
MIR338	0	0	0	0
MIR339	4	3	2	3
MIR33A	0	0	0	0
MIR33B	3	3	1	6
MIR340	0	0	0	0
MIR345	0	0	0	1
MIR346	0	0	0	0
MIR34A	18	16	14	4
MIR34B	0	2	0	0
MIR34C	6	5	0	1
MIR3529	0	0	0	0
MIR3591	0	0	0	0
MIR3605	4	7	3	2
MIR3606	0	0	0	0
MIR3607	10	8	18	12
MIR3609	0	0	1	0
MIR3610	0	0	0	0
MIR3612	0	0	0	0
MIR3613	1	1	3	3
MIR3614	0	0	0	0
MIR3615	0	0	0	0
MIR3616	0	0	1	1
MIR3618	0	0	0	0
MIR3619	3	0	2	0
MIR362	0	0	0	0
MIR3620	0	0	0	0
MIR3621	0	0	0	0
MIR3622A	0	1	0	0
MIR3622B	0	0	0	0
MIR363	0	0	0	0
MIR3646	0	0	0	0
MIR3648	8	14	21	13
MIR3649	0	0	0	0
MIR3650	0	0	0	0
MIR3651	3	2	0	0
MIR3652	0	0	0	0
MIR3653	32	26	25	19
MIR3654	0	0	0	0
MIR3655	0	0	0	0
MIR3656	0	0	0	0
MIR3658	0	0	0	0
MIR3659	0	0	0	0
MIR365A	0	0	0	0
MIR365B	0	0	0	1
MIR3660	0	0	0	0
MIR3661	0	0	2	1
MIR3662	0	0	0	2
MIR3663	0	0	0	0
MIR3664	0	0	0	0
MIR3665	0	0	0	0
MIR3666	0	0	0	0
MIR3668	0	0	0	0
MIR367	0	0	0	0
MIR3671	1	1	0	1
MIR3675	0	0	0	0
MIR3677	4	2	4	2
MIR3678	0	0	0	0
MIR3679	0	0	0	0
MIR3680-1	0	0	0	0
MIR3680-2	0	0	0	0
MIR3682	22	15	7	7
MIR3684	0	1	0	0
MIR3685	20	11	16	13
MIR3687	4	1	9	6
MIR3688-1	0	0	0	0
MIR3688-2	0	0	0	0
MIR3689A	0	0	0	0
MIR3689B	0	0	0	0
MIR3689C	0	0	0	0
MIR3689D1	0	0	0	0
MIR3689D2	0	0	0	0
MIR3689E	0	0	0	0
MIR3689F	0	0	0	0
MIR369	0	0	0	0
MIR3690	0	0	0	0
MIR3691	0	0	0	0
MIR3692	0	0	0	0
MIR3714	0	0	0	0
MIR371A	0	0	0	0
MIR371B	0	0	0	1
MIR372	0	0	0	0
MIR373	0	0	0	0
MIR374A	0	0	0	0
MIR374B	2	4	4	2
MIR374C	0	0	0	0
MIR375	0	0	0	0
MIR376A1	0	0	0	0
MIR376A2	0	0	0	0
MIR376B	0	0	0	0
MIR376C	0	0	0	0
MIR377	0	0	0	0
MIR378C	0	0	0	0
MIR378D1	0	0	0	0
MIR378D2	0	2	2	1
MIR378E	0	0	0	0
MIR378F	0	0	0	0
MIR378J	16	11	8	6
MIR379	0	0	0	0
MIR380	0	0	0	0
MIR381	0	0	0	0
MIR381HG	0	0	0	0
MIR382	0	0	0	0
MIR383	0	0	0	0
MIR384	0	0	0	0
MIR3907	0	0	0	0
MIR3908	0	0	0	0
MIR3909	2	0	0	2
MIR3910-1	0	0	0	0
MIR3910-2	0	0	0	0
MIR3911	4	5	3	2
MIR3912	0	0	0	0
MIR3913-1	0	0	0	0
MIR3913-2	0	0	0	0
MIR3914-1	0	0	0	0
MIR3914-2	0	0	0	0
MIR3916	103	134	164	127
MIR3917	0	0	0	0
MIR3918	0	1	0	1
MIR3919	0	0	0	0
MIR3920	0	0	0	0
MIR3921	0	0	0	0
MIR3922	0	0	0	0
MIR3924	0	0	0	0
MIR3925	0	0	0	0
MIR3926-1	0	0	0	0
MIR3926-2	0	0	0	0
MIR3928	0	0	0	0
MIR3935	0	0	1	0
MIR3936	58	53	87	69
MIR3938	0	0	0	0
MIR3939	0	0	0	0
MIR3940	0	0	0	0
MIR3941	0	0	0	2
MIR3942	3	8	2	1
MIR3943	0	0	0	0
MIR3944	5	2	4	4
MIR3945	0	0	0	0
MIR3960	0	0	0	0
MIR3973	0	0	0	0
MIR3974	0	0	0	0
MIR3975	0	0	0	0
MIR3976	0	0	0	0
MIR3977	0	0	0	0
MIR3978	0	0	0	0
MIR409	0	0	0	0
MIR410	0	0	0	0
MIR411	0	0	0	0
MIR412	0	0	0	0
MIR421	2	1	1	4
MIR423	6	2	4	1
MIR424	0	0	0	0
MIR425	0	1	1	2
MIR4251	0	0	0	0
MIR4252	0	0	0	0
MIR4253	0	0	0	0
MIR4254	0	0	0	0
MIR4255	0	0	0	0
MIR4256	0	0	0	0
MIR4257	105	120	118	92
MIR4258	20	16	5	14
MIR4260	1	2	0	0
MIR4261	0	0	0	0
MIR4262	0	0	0	0
MIR4263	9	13	7	8
MIR4264	0	0	0	0
MIR4265	0	0	0	0
MIR4266	0	0	0	0
MIR4267	0	0	0	0
MIR4268	0	0	0	0
MIR4269	0	0	0	0
MIR4270	0	0	0	0
MIR4271	0	0	0	0
MIR4272	0	0	0	0
MIR4273	0	0	0	0
MIR4274	0	0	0	0
MIR4275	0	0	0	0
MIR4276	0	0	0	0
MIR4277	0	0	0	0
MIR4278	0	0	0	0
MIR4279	0	0	0	0
MIR4280	0	0	0	0
MIR4281	0	0	0	0
MIR4282	0	0	0	0
MIR4283-1	0	0	0	0
MIR4283-2	0	0	0	0
MIR4284	0	0	0	0
MIR4285	0	0	0	0
MIR4287	0	0	0	0
MIR4288	0	0	0	0
MIR4289	0	0	0	0
MIR429	2	7	11	6
MIR4290	0	0	0	0
MIR4291	0	0	0	0
MIR4292	20	14	18	15
MIR4294	0	0	0	0
MIR4295	0	0	0	0
MIR4296	0	0	1	0
MIR4297	0	0	0	0
MIR4298	0	0	0	0
MIR4299	0	0	0	0
MIR4300	0	0	0	0
MIR4301	0	0	0	0
MIR4302	0	0	0	0
MIR4303	0	0	0	0
MIR4304	1	0	0	0
MIR4305	0	0	0	0
MIR4306	0	0	0	0
MIR4307	0	0	0	0
MIR4308	0	0	0	0
MIR4309	0	0	0	0
MIR431	0	0	0	0
MIR4310	0	0	0	0
MIR4311	0	0	0	0
MIR4312	4	1	0	1
MIR4313	0	0	0	0
MIR4314	0	0	0	0
MIR4315-1	0	0	0	0
MIR4315-2	0	0	0	0
MIR4316	0	0	0	0
MIR4317	0	0	0	0
MIR4318	0	0	0	0
MIR4319	0	0	0	0
MIR432	0	0	0	0
MIR4320	0	0	0	0
MIR4321	12	8	15	11
MIR4322	0	0	0	0
MIR4323	0	0	0	0
MIR4324	0	0	0	0
MIR4325	0	0	0	0
MIR4326	1	2	2	2
MIR4327	0	0	0	0
MIR4328	0	0	0	0
MIR4329	0	0	0	0
MIR433	0	0	0	0
MIR4330	0	0	0	0
MIR4417	0	0	0	0
MIR4420	0	0	0	0
MIR4422	0	0	0	0
MIR4423	2	0	0	0
MIR4424	0	0	0	0
MIR4426	0	0	0	0
MIR4427	2	0	0	0
MIR4429	0	0	0	0
MIR4432	0	0	0	0
MIR4434	0	0	0	0
MIR4435-1	0	0	0	0
MIR4435-1HG	640	568	431	408
MIR4435-2	0	0	0	0
MIR4436A	0	0	0	0
MIR4436B1	0	0	0	0
MIR4436B2	0	0	0	0
MIR4437	0	0	0	0
MIR4439	0	0	0	0
MIR4440	0	0	0	0
MIR4441	0	0	0	0
MIR4442	39	68	43	38
MIR4443	0	0	0	0
MIR4444-1	0	0	0	0
MIR4444-2	0	0	0	0
MIR4446	0	0	0	0
MIR4449	0	1	1	0
MIR4450	0	0	0	0
MIR4451	0	0	0	0
MIR4453	0	0	0	0
MIR4454	0	0	0	0
MIR4456	0	0	0	0
MIR4457	0	0	0	0
MIR4458	0	0	0	0
MIR4458HG	431	421	497	481
MIR4460	0	0	0	0
MIR4461	0	2	0	2
MIR4462	0	0	0	0
MIR4464	0	0	0	0
MIR4465	0	0	0	0
MIR4466	0	0	0	0
MIR4467	4	1	0	5
MIR4468	0	0	0	0
MIR4469	0	0	0	0
MIR4470	0	0	0	0
MIR4471	0	0	1	0
MIR4472-1	0	0	0	0
MIR4472-2	0	0	0	0
MIR4473	0	0	0	0
MIR4474	0	0	0	0
MIR4475	0	0	0	0
MIR4476	0	0	0	0
MIR4478	0	0	0	0
MIR4479	1	3	4	1
MIR448	0	0	0	0
MIR4480	0	0	0	0
MIR4482	5	6	3	2
MIR4483	0	0	0	0
MIR4484	0	0	0	0
MIR4485	0	0	0	0
MIR4486	0	0	0	0
MIR4488	0	0	0	0
MIR4489	0	3	0	1
MIR4490	0	0	0	0
MIR4491	0	0	0	0
MIR4492	0	0	0	0
MIR4493	0	0	0	0
MIR4497	0	0	0	0
MIR4498	0	0	0	0
MIR4499	0	0	0	0
MIR449A	0	0	0	0
MIR449B	0	0	0	0
MIR449C	0	0	0	0
MIR4500	0	0	0	0
MIR4500HG	0	0	0	0
MIR4503	0	0	0	0
MIR4505	0	0	0	0
MIR4508	0	0	0	0
MIR4509-1	0	0	0	0
MIR4509-2	0	0	0	0
MIR4509-3	0	0	0	0
MIR450A1	0	0	0	0
MIR450A2	0	1	1	0
MIR450B	0	0	0	0
MIR4510	0	0	0	0
MIR4511	0	0	0	0
MIR4513	0	0	0	0
MIR4514	0	0	3	0
MIR4515	0	0	0	0
MIR4516	0	0	0	1
MIR4517	22	23	16	11
MIR4518	0	0	0	0
MIR4519	0	0	0	0
MIR451A	0	0	0	0
MIR451B	0	0	0	0
MIR452	0	0	0	0
MIR4520A	9	7	4	6
MIR4520B	0	0	0	0
MIR4521	0	0	0	1
MIR4522	0	0	0	0
MIR4523	3	16	8	5
MIR4524A	0	0	0	0
MIR4524B	0	0	0	0
MIR4526	0	0	0	0
MIR4529	0	0	0	0
MIR4530	0	0	0	0
MIR4531	0	0	0	0
MIR4532	0	0	0	0
MIR4533	0	0	0	0
MIR4534	0	0	0	0
MIR4535	0	0	0	0
MIR4536-1	0	0	0	0
MIR454	1	0	1	1
MIR4540	0	0	0	0
MIR455	1	0	0	0
MIR4632	0	0	0	0
MIR4633	0	1	0	0
MIR4634	0	0	0	0
MIR4635	0	1	0	0
MIR4636	0	0	0	0
MIR4637	0	0	0	0
MIR4638	0	0	0	0
MIR4639	2	2	3	2
MIR4640	7	5	4	2
MIR4641	0	0	0	1
MIR4642	0	0	0	0
MIR4643	0	0	0	0
MIR4644	0	0	0	0
MIR4645	0	0	0	0
MIR4646	0	1	0	0
MIR4647	0	0	0	0
MIR4648	0	1	0	1
MIR4649	0	0	0	0
MIR4650-1	0	0	0	0
MIR4650-2	0	0	0	0
MIR4651	1	1	0	1
MIR4652	0	0	0	0
MIR4653	15	9	11	5
MIR4654	0	0	0	0
MIR4655	0	0	0	0
MIR4656	0	0	0	0
MIR4657	0	0	0	0
MIR4658	0	0	0	0
MIR4659A	0	0	0	0
MIR4659B	0	0	0	0
MIR4660	0	0	0	0
MIR4661	0	0	0	0
MIR4663	0	0	0	0
MIR4664	104	114	111	97
MIR4665	0	0	0	0
MIR4666A	0	0	0	1
MIR4667	0	0	0	0
MIR4668	0	0	0	0
MIR4669	0	0	0	0
MIR4670	0	0	0	0
MIR4671	0	0	3	0
MIR4672	0	1	1	0
MIR4673	0	0	0	0
MIR4674	0	0	0	0
MIR4675	0	0	0	0
MIR4676	0	0	0	0
MIR4677	1	3	1	0
MIR4678	0	0	0	0
MIR4679-1	0	0	0	0
MIR4679-2	0	0	0	0
MIR4680	0	0	0	0
MIR4681	0	0	0	0
MIR4682	0	0	0	1
MIR4683	0	0	0	0
MIR4684	0	0	0	0
MIR4685	2	3	0	0
MIR4686	0	0	0	0
MIR4687	0	0	0	0
MIR4688	0	1	0	0
MIR4689	1	0	0	0
MIR4690	0	0	0	0
MIR4691	37	42	34	26
MIR4692	0	0	0	1
MIR4693	0	0	0	0
MIR4694	0	0	0	0
MIR4695	0	0	0	0
MIR4696	0	0	0	0
MIR4697	0	0	0	0
MIR4697HG	0	0	0	0
MIR4698	0	0	0	0
MIR4699	0	0	0	0
MIR4700	0	0	0	0
MIR4701	5	8	8	8
MIR4703	0	0	0	0
MIR4705	0	0	0	0
MIR4706	0	0	1	0
MIR4707	0	0	0	0
MIR4708	0	0	0	0
MIR4709	0	0	0	0
MIR4710	0	1	0	0
MIR4711	0	0	0	0
MIR4712	33	35	17	15
MIR4713	0	0	0	0
MIR4714	0	1	0	0
MIR4715	0	0	0	0
MIR4716	0	0	0	0
MIR4717	0	0	0	1
MIR4718	0	0	0	0
MIR4719	0	0	0	0
MIR4720	22	21	32	28
MIR4721	0	0	0	0
MIR4722	0	0	0	0
MIR4723	0	1	0	0
MIR4724	0	0	0	0
MIR4725	0	0	0	0
MIR4726	0	0	0	0
MIR4727	0	0	0	0
MIR4728	0	1	2	1
MIR4729	0	0	0	0
MIR4730	3	3	4	6
MIR4731	0	0	0	0
MIR4732	0	0	0	0
MIR4733	0	1	0	1
MIR4734	0	0	0	0
MIR4735	0	0	0	0
MIR4736	0	0	0	0
MIR4737	18	15	12	8
MIR4738	1	0	0	0
MIR4739	0	0	0	0
MIR4740	0	0	0	0
MIR4741	0	0	0	0
MIR4742	0	0	0	0
MIR4743	0	0	0	0
MIR4744	0	0	0	1
MIR4745	0	0	0	0
MIR4746	3	6	5	0
MIR4747	1	0	0	0
MIR4748	0	0	0	0
MIR4749	0	0	0	0
MIR4750	2	1	0	0
MIR4751	0	0	0	0
MIR4752	0	0	0	0
MIR4753	0	0	0	0
MIR4754	0	0	0	0
MIR4755	2	0	0	0
MIR4756	0	0	1	3
MIR4757	0	0	0	0
MIR4758	0	0	0	0
MIR4759	0	0	0	0
MIR4760	0	0	0	0
MIR4761	1	1	0	1
MIR4762	0	0	0	0
MIR4763	0	0	0	0
MIR4764	0	0	0	0
MIR4765	0	0	0	0
MIR4766	0	1	2	3
MIR4767	0	1	11	8
MIR4768	1	0	2	0
MIR4769	0	0	0	0
MIR4770	0	0	0	0
MIR4772	0	0	0	0
MIR4773-1	0	0	0	0
MIR4773-2	0	0	0	0
MIR4774	0	0	0	0
MIR4775	0	0	0	0
MIR4776-1	0	0	0	0
MIR4776-2	0	0	0	0
MIR4777	0	0	0	0
MIR4778	0	0	0	0
MIR4779	0	0	0	0
MIR4780	0	0	0	0
MIR4781	0	2	0	1
MIR4782	1	1	1	0
MIR4783	0	0	0	0
MIR4784	7	6	9	7
MIR4785	3	2	2	3
MIR4786	2	3	2	2
MIR4787	0	0	0	1
MIR4788	0	0	0	0
MIR4789	0	0	0	0
MIR4790	0	0	0	0
MIR4791	0	0	0	0
MIR4792	0	0	0	0
MIR4793	1	0	2	0
MIR4794	0	0	0	0
MIR4795	0	0	0	1
MIR4796	0	0	0	0
MIR4797	0	0	0	0
MIR4798	0	0	0	0
MIR4799	0	0	0	0
MIR4800	0	0	0	0
MIR4801	0	0	0	0
MIR4802	0	0	0	0
MIR4803	0	0	0	0
MIR4804	0	0	0	0
MIR483	0	0	0	0
MIR484	0	0	0	0
MIR485	0	0	0	0
MIR486	0	0	0	0
MIR486-2	0	0	0	0
MIR487A	0	0	0	0
MIR487B	0	0	0	0
MIR488	0	0	0	0
MIR489	0	0	0	0
MIR490	0	0	0	0
MIR491	2	3	4	4
MIR492	0	0	0	0
MIR493	0	0	0	0
MIR494	0	0	0	0
MIR495	0	0	0	0
MIR496	0	0	0	0
MIR497	1	0	0	0
MIR497HG	3	4	4	4
MIR498	0	0	0	0
MIR4999	1	1	0	0
MIR499A	0	0	0	0
MIR499B	0	2	1	3
MIR5000	0	0	0	0
MIR5001	0	0	0	1
MIR5002	0	0	0	0
MIR5003	0	0	0	0
MIR5004	0	0	0	0
MIR5006	1	2	0	1
MIR5007	0	0	0	0
MIR5008	3	0	1	5
MIR5009	0	0	0	0
MIR500A	0	0	0	0
MIR500B	0	0	0	0
MIR501	0	0	0	0
MIR5010	5	4	1	1
MIR5011	0	0	0	0
MIR502	0	0	0	0
MIR503	2	0	0	1
MIR503HG	31	40	50	25
MIR504	0	0	0	0
MIR5047	1213	1323	2215	1787
MIR505	0	0	0	0
MIR506	0	0	0	0
MIR507	0	0	0	0
MIR508	0	0	0	0
MIR5087	3	0	3	0
MIR5088	0	0	0	0
MIR5089	0	0	0	0
MIR509-1	0	0	0	0
MIR509-2	0	0	0	0
MIR509-3	0	0	0	0
MIR5090	2	0	0	0
MIR5091	1	0	0	0
MIR5092	0	0	0	0
MIR5093	0	0	0	0
MIR5094	1	1	0	1
MIR5095	0	0	0	0
MIR510	0	0	0	0
MIR5100	0	0	0	0
MIR511-1	0	0	0	0
MIR512-1	0	0	0	0
MIR512-2	0	0	0	0
MIR514A1	0	0	0	0
MIR514A2	0	0	0	0
MIR514A3	0	0	0	0
MIR514B	0	0	0	0
MIR515-1	0	0	0	0
MIR515-2	0	0	0	0
MIR516A1	0	0	0	0
MIR516A2	0	0	0	0
MIR516B1	0	0	0	0
MIR516B2	0	0	0	0
MIR517A	0	0	0	0
MIR517B	0	0	0	0
MIR517C	0	0	0	0
MIR5186	0	0	0	0
MIR5187	1	1	0	0
MIR5188	0	1	0	1
MIR5189	0	1	0	0
MIR518A1	0	0	0	0
MIR518A2	0	0	0	0
MIR518B	0	0	0	0
MIR518C	0	0	0	0
MIR518D	0	0	0	0
MIR518E	0	0	0	0
MIR518F	0	0	0	0
MIR5190	0	0	0	0
MIR5191	0	0	0	0
MIR5192	0	0	1	0
MIR5193	0	0	1	0
MIR5194	0	3	1	0
MIR5196	0	0	0	0
MIR5197	0	0	0	0
MIR519A1	0	0	0	0
MIR519A2	0	0	0	0
MIR519B	0	0	0	0
MIR519C	0	0	0	0
MIR519D	0	0	0	0
MIR519E	0	0	0	0
MIR520A	0	0	0	0
MIR520B	0	0	0	0
MIR520C	0	0	0	0
MIR520D	0	0	0	0
MIR520E	0	0	0	0
MIR520F	0	0	0	0
MIR520G	0	0	0	0
MIR520H	0	0	0	0
MIR521-1	0	0	0	0
MIR521-2	0	0	0	0
MIR522	0	0	0	0
MIR523	0	0	0	0
MIR524	0	0	0	0
MIR525	0	0	0	0
MIR526A1	0	0	0	0
MIR526A2	0	0	0	0
MIR526B	0	0	0	0
MIR527	0	0	0	0
MIR532	0	0	0	0
MIR539	0	0	0	0
MIR541	0	0	0	0
MIR542	0	0	0	0
MIR543	0	0	0	0
MIR545	0	0	0	0
MIR548A1	0	0	0	0
MIR548A2	0	0	0	0
MIR548A3	0	0	0	0
MIR548AA1	0	0	0	0
MIR548AA2	0	0	0	0
MIR548AC	0	0	2	1
MIR548AD	0	0	0	0
MIR548AE2	0	1	0	0
MIR548AI	0	0	0	0
MIR548AJ2	0	0	0	0
MIR548AL	0	0	0	0
MIR548AN	0	0	0	0
MIR548AO	0	0	0	0
MIR548AP	0	0	0	0
MIR548AQ	0	0	0	0
MIR548AR	0	0	0	0
MIR548AS	0	0	0	0
MIR548AU	0	0	0	0
MIR548AV	1	0	0	0
MIR548AX	0	0	0	0
MIR548AY	0	0	0	0
MIR548AZ	0	0	0	1
MIR548B	0	0	0	0
MIR548BA	1	1	2	1
MIR548C	0	0	0	0
MIR548D1	0	1	0	0
MIR548D2	0	0	0	0
MIR548F1	0	0	0	0
MIR548F2	0	0	0	0
MIR548F3	0	0	0	0
MIR548F4	0	0	0	0
MIR548F5	0	0	0	0
MIR548G	1	0	0	0
MIR548H2	0	0	0	0
MIR548H3	0	0	0	0
MIR548H4	3	0	2	0
MIR548I1	0	1	0	0
MIR548I2	0	0	0	0
MIR548I3	0	0	0	0
MIR548I4	0	0	0	0
MIR548J	2	0	0	1
MIR548K	0	0	0	1
MIR548M	0	0	0	0
MIR548N	1	0	0	0
MIR548O2	0	2	0	0
MIR548Q	0	0	0	0
MIR548T	0	0	0	0
MIR548W	0	0	0	0
MIR548X	0	0	0	0
MIR548Y	1	0	0	1
MIR548Z	0	0	0	0
MIR549A	0	0	0	0
MIR550A1	0	0	0	0
MIR550A2	2	4	1	0
MIR550A3	0	0	0	1
MIR550B1	0	0	0	0
MIR550B2	0	0	0	0
MIR551A	0	0	0	0
MIR551B	0	0	0	0
MIR553	6	8	7	1
MIR554	0	0	0	0
MIR555	0	0	0	0
MIR556	1	0	0	0
MIR557	0	0	0	0
MIR5572	1	0	3	2
MIR5579	0	0	0	0
MIR558	0	0	0	0
MIR5580	0	0	0	0
MIR5581	10	9	7	5
MIR5582	1	1	1	1
MIR5583-1	0	0	0	0
MIR5583-2	0	0	0	0
MIR5584	0	0	0	0
MIR5586	3	0	0	0
MIR5587	2	5	2	6
MIR5588	0	1	0	0
MIR559	5	2	3	4
MIR561	0	0	0	0
MIR563	0	2	0	1
MIR564	0	0	0	0
MIR567	0	1	0	0
MIR568	8	10	13	16
MIR5680	0	0	0	0
MIR5681A	0	0	0	0
MIR5681B	0	0	0	0
MIR5684	0	0	0	0
MIR5685	0	0	0	0
MIR5687	0	0	0	0
MIR5688	0	0	0	0
MIR5689	0	0	0	0
MIR569	0	0	0	0
MIR5690	0	0	0	0
MIR5691	0	0	0	0
MIR5692A1	0	0	0	0
MIR5692B	0	0	0	0
MIR5692C1	0	0	0	0
MIR5692C2	0	0	0	0
MIR5693	1	1	2	3
MIR5694	0	0	0	0
MIR5695	0	0	0	0
MIR5696	0	0	1	0
MIR5698	0	0	0	0
MIR5699	0	0	0	0
MIR570	125	122	138	111
MIR5700	0	0	0	0
MIR5702	0	0	0	0
MIR5703	0	0	0	0
MIR5704	0	0	0	0
MIR5705	0	0	0	0
MIR5707	0	0	0	0
MIR5708	0	0	0	0
MIR572	0	0	0	0
MIR573	9	4	3	3
MIR5739	0	0	0	0
MIR574	0	2	1	1
MIR575	0	0	0	0
MIR577	0	0	0	0
MIR578	0	0	0	0
MIR5787	0	0	0	0
MIR580	1	1	1	1
MIR581	0	0	0	0
MIR583	0	0	0	0
MIR585	0	0	0	0
MIR586	0	0	0	0
MIR589	4	7	5	2
MIR590	26	32	17	12
MIR591	0	0	1	0
MIR592	0	0	0	0
MIR593	1	0	0	0
MIR595	0	0	0	0
MIR596	0	0	0	0
MIR597	0	0	0	0
MIR598	0	0	2	0
MIR599	0	0	0	0
MIR600	0	0	0	0
MIR600HG	232	200	329	258
MIR601	1	0	0	0
MIR602	0	0	0	0
MIR603	0	0	0	0
MIR604	0	0	0	0
MIR605	0	0	0	0
MIR6068	0	0	0	0
MIR6069	0	0	0	0
MIR6070	0	0	2	1
MIR6071	0	0	0	0
MIR6072	0	0	0	0
MIR6073	0	0	0	0
MIR6074	0	0	0	0
MIR6075	0	1	0	0
MIR6076	0	0	0	0
MIR6077	0	0	0	0
MIR6078	0	0	0	0
MIR6079	0	0	0	0
MIR608	0	0	0	0
MIR6080	0	2	2	0
MIR6081	0	0	0	0
MIR6082	0	0	0	0
MIR6083	0	0	0	0
MIR6084	0	0	0	0
MIR6085	0	0	0	0
MIR6086	0	0	0	0
MIR6089	0	0	0	0
MIR609	0	0	0	0
MIR6090	0	0	0	0
MIR610	0	0	0	0
MIR611	1	1	1	3
MIR612	18	21	29	34
MIR6124	0	0	0	0
MIR6125	0	0	0	0
MIR6126	0	0	0	0
MIR6127	0	0	0	0
MIR6128	0	0	0	0
MIR6129	0	0	0	0
MIR613	0	0	0	0
MIR6130	0	0	0	0
MIR6131	0	0	0	0
MIR6132	2	1	1	0
MIR6133	0	0	0	0
MIR6134	0	0	0	0
MIR614	1532	1540	6095	5878
MIR615	0	0	0	0
MIR6165	0	0	0	0
MIR617	0	0	0	0
MIR618	0	0	0	0
MIR620	0	0	0	0
MIR621	0	0	0	0
MIR622	0	0	0	0
MIR623	3	2	2	0
MIR624	0	0	0	0
MIR626	0	0	0	0
MIR627	0	0	0	0
MIR628	1	2	1	4
MIR629	0	0	0	0
MIR630	7	6	8	6
MIR631	9	7	9	9
MIR632	0	0	0	0
MIR634	0	0	0	0
MIR635	8	11	19	12
MIR636	1	2	1	1
MIR637	6	8	8	6
MIR638	0	0	0	0
MIR639	1	1	0	2
MIR641	41	56	24	30
MIR642A	1	1	0	0
MIR642B	0	0	0	0
MIR643	1	1	1	2
MIR644A	1	0	0	0
MIR645	0	0	0	0
MIR647	61	70	90	73
MIR648	0	0	0	0
MIR6499	0	1	0	0
MIR650	0	0	0	0
MIR6501	0	0	0	0
MIR6502	0	0	0	0
MIR6503	0	0	0	0
MIR6504	0	0	0	0
MIR6505	2	1	4	3
MIR6506	0	0	0	0
MIR6508	0	0	1	1
MIR6509	0	0	0	0
MIR651	0	0	0	0
MIR6510	3	3	4	1
MIR6511A2	0	0	0	0
MIR6511B1	0	0	0	0
MIR6512	1	2	1	0
MIR6513	0	0	0	1
MIR6514	0	1	0	1
MIR6515	0	0	0	0
MIR6516	4	5	3	2
MIR653	0	0	0	0
MIR654	0	0	0	0
MIR655	0	0	0	0
MIR656	0	0	0	0
MIR657	0	0	0	0
MIR658	2	2	2	4
MIR659	3	0	0	0
MIR660	0	0	0	0
MIR661	0	0	0	1
MIR662	6	9	26	28
MIR663A	1	0	0	3
MIR663B	0	0	0	0
MIR664A	0	0	0	0
MIR664B	0	0	0	0
MIR665	0	0	0	0
MIR668	0	0	0	0
MIR670	0	0	0	0
MIR671	0	0	0	0
MIR6715A	0	0	0	0
MIR6715B	0	0	0	0
MIR6716	0	0	0	0
MIR6717	5	1	0	2
MIR6718	0	0	0	0
MIR6719	1	0	0	0
MIR6720	5	11	6	7
MIR6721	0	0	0	0
MIR6722	0	0	0	0
MIR6723	1	0	0	1
MIR6726	0	0	0	0
MIR6727	0	0	0	0
MIR6728	0	0	0	0
MIR6729	0	0	0	0
MIR6730	1	1	2	1
MIR6731	0	0	0	0
MIR6732	4	4	5	6
MIR6733	1	1	0	0
MIR6734	0	0	0	0
MIR6735	0	0	0	0
MIR6736	0	0	0	0
MIR6737	0	0	0	0
MIR6738	0	0	0	0
MIR6739	9	4	3	4
MIR6740	0	1	1	2
MIR6741	0	0	0	0
MIR6742	0	0	0	0
MIR6743	0	0	0	0
MIR6744	0	0	0	0
MIR6745	3	3	0	0
MIR6746	4	1	1	1
MIR6747	0	2	1	0
MIR6748	5	3	2	2
MIR6749	0	0	0	0
MIR675	0	0	0	0
MIR6750	0	1	0	1
MIR6751	0	0	0	0
MIR6752	0	0	0	0
MIR6753	5	14	4	14
MIR6754	0	0	0	0
MIR6755	0	0	0	0
MIR6756	0	0	0	1
MIR6757	0	0	0	0
MIR6758	19	18	14	10
MIR6759	1	0	0	0
MIR676	0	0	0	0
MIR6760	0	0	0	0
MIR6761	0	0	0	0
MIR6762	0	0	1	0
MIR6763	0	1	0	0
MIR6764	1	0	2	1
MIR6765	0	0	0	0
MIR6766	0	0	0	0
MIR6767	0	0	0	0
MIR6768	2	0	0	0
MIR6769A	1	0	0	1
MIR6769B	0	0	0	0
MIR6770-2	0	0	0	0
MIR6771	0	0	0	0
MIR6772	4	6	7	3
MIR6773	3	7	6	5
MIR6774	0	0	0	0
MIR6775	62	65	52	43
MIR6776	0	0	1	1
MIR6777	0	0	0	0
MIR6778	2	1	2	0
MIR6779	0	0	1	0
MIR6780A	0	0	0	0
MIR6780B	0	0	0	0
MIR6781	1	0	0	0
MIR6782	0	0	0	0
MIR6783	2	0	0	0
MIR6784	6	4	4	8
MIR6785	0	0	0	0
MIR6786	0	0	0	0
MIR6787	0	3	2	0
MIR6789	0	0	0	0
MIR6790	0	0	0	0
MIR6791	3	2	1	2
MIR6792	0	0	0	0
MIR6793	0	0	0	0
MIR6794	0	0	0	0
MIR6795	0	0	0	0
MIR6796	0	0	0	0
MIR6797	2	1	3	1
MIR6798	0	0	0	0
MIR6799	0	0	1	0
MIR6800	0	0	0	0
MIR6801	0	0	0	0
MIR6802	0	0	0	0
MIR6803	0	0	0	0
MIR6804	0	0	0	0
MIR6805	0	0	0	0
MIR6806	0	0	0	0
MIR6807	0	0	0	0
MIR6808	0	0	0	0
MIR6809	0	0	0	0
MIR6810	0	0	1	0
MIR6811	0	0	0	0
MIR6812	3	2	1	2
MIR6813	0	2	0	0
MIR6814	5	4	4	0
MIR6815	0	0	0	0
MIR6816	0	0	0	0
MIR6817	0	0	0	0
MIR6818	0	0	0	0
MIR6819	0	0	1	1
MIR6820	2	2	0	0
MIR6821	0	0	0	1
MIR6822	0	0	0	0
MIR6823	0	0	0	0
MIR6824	0	0	0	0
MIR6825	0	0	0	0
MIR6826	0	0	1	1
MIR6827	1	4	6	2
MIR6828	1	0	0	0
MIR6829	1	0	0	0
MIR6830	0	0	0	0
MIR6831	0	0	0	0
MIR6832	3	2	2	0
MIR6833	0	0	0	0
MIR6834	0	0	0	0
MIR6835	7	11	10	7
MIR6836	0	0	0	0
MIR6837	1	0	2	0
MIR6838	2	1	1	1
MIR6839	0	0	0	0
MIR6840	20	22	13	12
MIR6841	0	0	0	0
MIR6842	0	0	0	0
MIR6843	1	1	0	0
MIR6844	0	0	0	0
MIR6845	1	6	6	5
MIR6846	0	0	0	0
MIR6847	6	7	3	3
MIR6848	0	0	0	0
MIR6849	0	0	0	0
MIR6850	0	0	0	0
MIR6851	0	0	1	1
MIR6852	0	0	0	0
MIR6853	0	0	0	0
MIR6854	0	0	0	0
MIR6855	0	0	0	1
MIR6856	0	0	0	0
MIR6857	0	0	0	0
MIR6858	0	0	0	0
MIR6859-1	0	0	0	0
MIR6859-2	0	0	0	0
MIR6860	0	0	0	0
MIR6861	0	0	0	0
MIR6862-1	0	0	0	0
MIR6862-2	0	0	0	0
MIR6863	0	0	0	0
MIR6864	2	1	0	0
MIR6865	1	0	0	0
MIR6866	0	0	0	0
MIR6867	0	0	1	1
MIR6868	0	0	0	0
MIR6869	0	0	0	0
MIR6870	0	0	0	0
MIR6871	0	0	0	1
MIR6872	0	0	0	0
MIR6873	0	0	0	0
MIR6874	0	0	0	0
MIR6875	1	0	0	0
MIR6876	0	0	0	0
MIR6877	0	1	0	0
MIR6878	0	0	0	0
MIR6879	0	0	0	0
MIR6880	0	0	0	0
MIR6881	0	0	4	1
MIR6882	0	0	1	0
MIR6883	1	4	1	2
MIR6884	0	1	1	1
MIR6885	0	0	0	0
MIR6886	0	0	0	0
MIR6887	20	14	15	9
MIR6888	0	0	0	0
MIR6889	0	0	0	0
MIR6890	0	0	0	0
MIR6891	0	0	0	0
MIR6892	0	0	0	0
MIR6893	0	0	0	0
MIR6894	0	0	0	0
MIR6895	2	0	1	1
MIR7-1	42	45	19	37
MIR7-2	0	0	0	0
MIR7-3	0	0	0	0
MIR7-3HG	0	0	0	0
MIR708	0	0	0	0
MIR7106	1	2	1	0
MIR7107	0	1	1	0
MIR7108	0	0	0	0
MIR7109	0	0	0	0
MIR711	0	0	1	0
MIR7110	0	4	0	2
MIR7111	12	10	3	0
MIR7112	0	0	0	0
MIR7113	1	0	1	1
MIR7114	0	0	0	0
MIR7150	0	0	0	0
MIR7152	0	0	0	0
MIR7153	0	0	0	0
MIR7154	0	0	0	0
MIR7155	1	1	1	1
MIR7156	1	0	0	0
MIR7159	0	0	0	0
MIR7160	0	0	0	0
MIR7161	30	34	22	16
MIR7162	2	4	5	6
MIR718	0	0	0	0
MIR744	0	0	0	0
MIR7515	0	0	0	0
MIR7515HG	0	0	0	0
MIR758	0	0	0	0
MIR759	0	0	0	0
MIR760	1	0	1	0
MIR761	0	0	0	0
MIR762	3	0	2	4
MIR764	0	0	0	0
MIR7641-2	0	0	0	0
MIR765	0	1	0	0
MIR766	0	0	2	1
MIR767	0	0	0	0
MIR769	0	0	1	0
MIR770	0	0	0	0
MIR7702	0	0	0	0
MIR7703	0	0	0	0
MIR7705	0	0	0	0
MIR7843	0	0	0	0
MIR7844	0	0	0	0
MIR7845	0	0	0	0
MIR7846	0	0	0	0
MIR7848	0	0	0	0
MIR7849	0	0	0	0
MIR7851	1	1	1	1
MIR7852	0	0	0	0
MIR7853	0	0	0	0
MIR7854	0	1	0	0
MIR7855	0	0	0	0
MIR7856	2	2	3	0
MIR7974	1	0	1	1
MIR7976	0	0	0	0
MIR802	0	0	0	0
MIR8052	0	0	0	0
MIR8053	0	0	0	0
MIR8054	0	0	0	0
MIR8055	0	0	0	1
MIR8056	0	0	0	0
MIR8057	0	0	0	0
MIR8058	0	0	0	0
MIR8059	0	0	0	0
MIR8060	0	0	0	0
MIR8061	0	0	0	0
MIR8062	0	0	0	0
MIR8063	0	0	0	0
MIR8064	0	0	1	0
MIR8065	0	0	0	0
MIR8066	0	0	0	0
MIR8067	0	0	0	0
MIR8068	0	0	0	0
MIR8069	0	0	0	0
MIR8070	0	0	0	0
MIR8071-1	0	0	0	0
MIR8071-2	0	0	0	0
MIR8072	8	8	5	3
MIR8073	0	0	0	0
MIR8074	0	0	0	0
MIR8075	8	6	2	1
MIR8076	0	1	1	0
MIR8077	0	0	0	0
MIR8078	0	0	0	0
MIR8079	0	0	0	0
MIR8080	0	0	0	0
MIR8081	0	0	0	0
MIR8082	0	0	0	0
MIR8083	0	0	0	0
MIR8084	0	0	0	0
MIR8085	6	5	4	7
MIR8086	0	0	0	0
MIR8087	0	0	0	0
MIR8088	0	0	0	0
MIR8089	0	0	0	0
MIR873	0	0	0	0
MIR874	0	0	0	0
MIR875	0	0	0	0
MIR876	0	0	0	0
MIR877	0	0	0	0
MIR885	0	0	0	0
MIR888	0	0	0	0
MIR889	0	0	0	0
MIR890	0	0	0	0
MIR891A	0	0	0	0
MIR891B	0	0	0	0
MIR892A	0	0	0	0
MIR892B	0	0	0	0
MIR892C	0	0	0	0
MIR9-1	0	0	0	0
MIR9-2	0	0	0	0
MIR9-3	0	0	0	0
MIR920	0	0	0	0
MIR921	0	0	0	0
MIR922	0	0	0	0
MIR92A1	0	0	0	0
MIR92A2	0	0	0	0
MIR92B	0	0	1	0
MIR93	4	1	2	5
MIR933	0	0	0	0
MIR934	0	0	0	0
MIR935	0	0	0	0
MIR936	2	2	0	1
MIR937	0	0	0	0
MIR938	0	0	0	0
MIR939	0	0	0	0
MIR940	6	3	8	4
MIR941-1	0	0	0	0
MIR941-2	0	0	0	1
MIR941-3	0	0	0	0
MIR941-4	0	0	0	0
MIR942	1	1	2	0
MIR943	0	2	0	0
MIR944	1	0	0	0
MIR96	0	0	0	0
MIR98	0	0	1	1
MIR99A	0	0	0	0
MIR99B	0	1	0	0
MIRLET7A1	0	0	0	0
MIRLET7A2	0	0	0	0
MIRLET7A3	0	0	0	0
MIRLET7B	0	0	0	0
MIRLET7BHG	277	310	432	302
MIRLET7C	0	0	0	0
MIRLET7D	23	21	33	23
MIRLET7DHG	0	0	0	0
MIRLET7E	0	0	0	1
MIRLET7F1	2	5	3	3
MIRLET7F2	0	0	0	0
MIRLET7G	2	1	2	3
MIRLET7I	2	2	2	0
MIS12	2909	3121	2345	2371
MIS18A	1356	1342	804	799
MIS18BP1	4702	4447	1937	1941
MISP	9143	8708	10782	10571
MITD1	840	768	621	656
MITF	1893	1927	1670	1725
MIXL1	1	2	3	1
MKI67	40641	37982	9171	9275
MKKS	2080	1888	1919	1958
MKL1	5195	5074	4859	4645
MKL2	4138	3972	2780	2695
MKLN1	3788	3650	3409	3304
MKNK1	2145	2079	2212	1988
MKNK1-AS1	0	0	1	0
MKNK2	6509	6290	6830	6404
MKRN1	5786	5559	6121	5933
MKRN2	2062	2099	1708	1728
MKRN2OS	196	197	202	225
MKRN3	0	0	0	0
MKRN7P	0	1	4	5
MKRN9P	0	0	1	0
MKS1	770	724	547	450
MKX	37	44	42	42
MLANA	0	0	0	0
MLC1	1	0	0	0
MLEC	17813	17199	25084	23597
MLF1	383	373	467	467
MLF2	8686	8508	8618	8261
MLH1	3853	3835	2287	2232
MLH3	1566	1351	1245	1220
MLIP	1	2	3	4
MLIP-IT1	0	3	1	0
MLK7-AS1	0	0	0	0
MLKL	1442	1371	1216	1143
MLLT1	3666	3611	2678	2624
MLLT10	2123	2116	1443	1338
MLLT10P1	1	3	1	0
MLLT11	482	455	150	142
MLLT3	921	822	942	882
MLLT4	3382	3093	3319	3223
MLLT4-AS1	0	9	5	5
MLLT6	8457	8306	7826	6959
MLN	0	0	0	0
MLNR	0	0	0	0
MLPH	341	355	1339	1144
MLST8	2623	2426	1888	1751
MLX	2182	2188	2087	2026
MLXIP	4668	4490	7122	6522
MLXIPL	124	154	51	51
MLYCD	1104	1095	1286	1272
MMAA	542	507	639	620
MMAB	4213	3896	2022	1939
MMACHC	861	818	691	688
MMADHC	7323	7167	6316	6356
MMD	164	193	169	164
MMD2	0	0	0	0
MME	77	43	43	33
MMEL1	1	0	1	0
MMGT1	2307	2303	2464	2410
MMP1	51	58	6	8
MMP10	196	207	15	18
MMP11	68	69	103	114
MMP12	11	17	3	4
MMP13	1792	1556	355	357
MMP14	15733	15218	8955	8530
MMP15	3654	3542	11763	10938
MMP16	82	104	30	22
MMP17	303	298	406	343
MMP19	24	18	35	35
MMP2	192	183	66	70
MMP20	0	1	0	0
MMP21	0	2	1	2
MMP23A	3	5	7	4
MMP23B	6	6	8	4
MMP24	9	8	22	12
MMP24-AS1	1398	1510	2365	2402
MMP25	11	13	37	24
MMP26	0	0	0	1
MMP27	0	0	0	0
MMP28	1431	1319	907	879
MMP3	1	0	1	0
MMP7	1	2	18	16
MMP8	0	0	3	2
MMP9	0	0	1	2
MMRN1	0	0	0	0
MMRN2	2149	2040	503	492
MMS19	3259	3182	2164	2039
MMS22L	2813	2808	1588	1544
MN1	1392	1381	2596	2561
MNAT1	1539	1509	1358	1353
MND1	718	660	257	304
MNDA	0	0	0	0
MNS1	510	550	251	242
MNT	1584	1464	1727	1546
MNX1	130	135	86	96
MNX1-AS1	100	103	113	103
MOAP1	1659	1677	2133	2036
MOB1A	4402	4174	3385	3257
MOB1B	3797	3431	3260	3369
MOB2	922	781	928	864
MOB3A	1351	1333	1119	1106
MOB3B	3430	3146	2305	2201
MOB3C	1317	1280	1349	1288
MOB4	257	207	240	220
MOBP	0	2	0	0
MOCOS	3536	3497	2412	2419
MOCS1	1342	1209	800	782
MOCS2	2141	2066	2403	2303
MOCS3	1455	1445	1289	1218
MOG	0	0	4	3
MOGAT1	0	3	2	0
MOGAT2	0	1	1	2
MOGAT3	0	1	1	2
MOGS	3319	3119	4524	4156
MOK	261	254	238	218
MON1A	350	349	270	251
MON1B	3453	3247	2857	2574
MON2	3537	3499	3262	3204
MORC1	0	0	0	0
MORC2	2296	2254	2033	1889
MORC2-AS1	26	13	52	54
MORC3	2363	2335	1747	1693
MORC4	3390	3300	2333	2398
MORF4L1	24924	23676	22007	22042
MORF4L2	12882	12321	10894	10944
MORF4L2-AS1	45	62	37	28
MORN1	111	98	103	104
MORN2	669	640	642	640
MORN3	34	52	69	51
MORN4	242	256	210	198
MORN5	0	0	0	0
MOS	0	0	0	0
MOSPD1	1100	1042	1396	1358
MOSPD2	982	914	663	659
MOSPD3	452	467	609	465
MOV10	5337	5068	4269	3848
MOV10L1	1	1	2	2
MOXD1	1638	1703	1982	1831
MOXD2P	0	0	0	0
MPC1	1582	1501	2082	2171
MPC1L	0	0	0	0
MPC2	2778	2674	2925	2925
MPDU1	3349	3250	3128	2816
MPDZ	896	882	624	629
MPEG1	0	0	0	1
MPG	1697	1640	1767	1651
MPHOSPH10	2123	2011	1789	1857
MPHOSPH6	1883	1906	1374	1379
MPHOSPH8	3141	3204	3605	3204
MPHOSPH9	2104	2034	1014	944
MPI	1836	1717	1732	1704
MPL	27	27	26	22
MPLKIP	1612	1610	1474	1459
MPND	486	421	495	406
MPO	0	0	1	0
MPP1	892	874	660	673
MPP2	956	899	97	102
MPP3	629	646	338	325
MPP4	2	5	16	7
MPP5	4128	3987	3817	3863
MPP6	702	719	383	331
MPP7	4075	3783	4878	4746
MPPE1	1496	1464	2469	2454
MPPED1	0	0	0	0
MPPED2	10	11	0	0
MPRIP	20815	20695	28025	25885
MPST	1609	1477	1216	1154
MPV17	2224	2072	2233	2143
MPV17L	295	285	293	292
MPV17L2	1001	990	871	840
MPZ	19	20	20	19
MPZL1	11985	11545	15494	15061
MPZL2	17303	15707	24711	24038
MPZL3	1588	1740	2202	2096
MR1	4971	4573	6467	6208
MRAP	0	0	1	0
MRAP2	6	8	13	25
MRAS	1626	1493	1717	1647
MRC1	3	0	2	3
MRC2	195	201	148	155
MRE11A	3906	3878	2466	2486
MREG	1876	1732	1888	1886
MRFAP1	18084	16887	15817	15929
MRFAP1L1	3245	3175	2664	2661
MRGBP	1240	1177	898	846
MRGPRD	0	0	0	0
MRGPRE	0	0	0	0
MRGPRF	10	18	17	16
MRGPRG	0	0	0	0
MRGPRG-AS1	0	0	0	0
MRGPRX1	0	0	0	0
MRGPRX2	0	0	0	0
MRGPRX3	8	11	6	18
MRGPRX4	0	2	1	0
MRI1	1887	1973	1784	1530
MRM1	879	781	607	567
MRO	42	47	41	39
MROH1	3770	3755	4014	3714
MROH2A	1	0	1	1
MROH2B	0	1	5	4
MROH5	0	0	0	0
MROH6	1576	1627	2901	2420
MROH7	0	0	4	5
MROH7-TTC4	4	1	8	0
MROH8	367	366	490	480
MROH9	0	0	0	0
MRPL1	1896	1859	1361	1388
MRPL10	1847	1879	1553	1546
MRPL11	2607	2550	1429	1487
MRPL12	5717	5512	4847	4959
MRPL13	5800	5384	4534	4584
MRPL14	3856	3657	2833	2802
MRPL15	2694	2537	2788	3028
MRPL16	3263	3003	2792	2867
MRPL17	3052	3023	2408	2526
MRPL18	2067	1975	1551	1522
MRPL19	5676	5165	4358	4437
MRPL2	2660	2525	2369	2389
MRPL20	1584	1596	1467	1466
MRPL21	1878	1877	1529	1619
MRPL22	1605	1544	1422	1412
MRPL23	2450	2408	1902	1833
MRPL23-AS1	2	9	3	2
MRPL24	3140	2973	2687	2531
MRPL27	2932	2741	1930	1973
MRPL28	3052	2990	2441	2421
MRPL3	8297	8053	5517	5701
MRPL30	4879	4859	3777	3738
MRPL32	4087	3687	3614	3731
MRPL33	2756	2699	3201	3269
MRPL34	3632	3390	4204	4043
MRPL35	3517	3342	2955	2892
MRPL36	3000	2882	2566	2675
MRPL37	7326	7439	5948	6156
MRPL38	2896	2808	2600	2402
MRPL39	3028	2885	2098	2188
MRPL4	2875	2731	2180	2115
MRPL40	1579	1480	1421	1324
MRPL41	1354	1353	1775	1748
MRPL42	3238	2917	2473	2590
MRPL42P5	0	3	2	3
MRPL43	2429	2516	2613	2515
MRPL44	2929	2757	2485	2480
MRPL45	2969	2892	2331	2336
MRPL45P2	166	164	155	168
MRPL46	1881	1725	1735	1736
MRPL47	3126	2944	2644	2727
MRPL48	2413	2288	1664	1740
MRPL49	6722	6441	5174	5049
MRPL50	2191	2004	1763	1647
MRPL51	5652	5410	4001	4207
MRPL52	1597	1545	1162	1279
MRPL53	875	866	905	833
MRPL54	1147	1114	1155	1109
MRPL55	626	606	565	583
MRPL57	1784	1801	1659	1677
MRPL9	2426	2453	1816	1788
MRPS10	6647	6567	4785	4878
MRPS11	2159	2024	1796	1902
MRPS12	2921	2787	2463	2441
MRPS14	1710	1651	1680	1682
MRPS15	4306	3879	3460	3485
MRPS16	6794	6473	5353	5326
MRPS17	1445	1511	1163	1193
MRPS18A	3127	3072	2993	2866
MRPS18B	7550	7120	5627	5510
MRPS18C	1555	1493	1206	1221
MRPS2	2810	2757	2264	2155
MRPS21	2115	2141	2344	2181
MRPS22	3009	2941	2880	2923
MRPS23	2508	2405	1974	2057
MRPS24	679	741	731	701
MRPS25	4482	4682	4756	4362
MRPS26	754	726	681	658
MRPS27	5631	5463	3729	3652
MRPS28	2047	1940	1951	2090
MRPS30	4915	4849	4054	3990
MRPS31	1924	1793	1327	1380
MRPS31P5	347	351	261	239
MRPS33	2141	2133	2134	2196
MRPS34	3762	3536	2992	2939
MRPS35	4513	4226	3591	3862
MRPS36	1735	1690	1935	1884
MRPS5	3746	3622	3282	3312
MRPS6	1964	1937	1455	1474
MRPS7	3858	3739	3507	3380
MRPS9	2547	2436	2062	2081
MRRF	3464	3372	2610	2582
MRS2	6783	6352	6842	6586
MRS2P2	1	0	0	0
MRTO4	1448	1493	818	792
MRVI1	112	111	147	163
MRVI1-AS1	3	6	8	10
MS4A1	0	0	0	0
MS4A10	1	0	1	0
MS4A12	0	0	0	0
MS4A13	0	0	0	0
MS4A14	0	0	0	0
MS4A15	0	2	5	0
MS4A2	2	1	1	0
MS4A3	0	0	0	0
MS4A4A	0	0	1	0
MS4A5	0	0	0	0
MS4A6A	0	0	0	0
MS4A6E	0	0	0	1
MS4A7	0	0	0	0
MS4A8	0	0	0	0
MSANTD1	7	6	7	2
MSANTD2	684	728	706	655
MSANTD3	1206	1318	866	899
MSANTD3-TMEFF1	7	9	2	4
MSANTD4	1863	1866	1705	1736
MSC	148	127	122	127
MSGN1	0	0	0	1
MSH2	3575	3524	2286	2397
MSH3	2194	2147	2138	2146
MSH4	5	5	6	2
MSH5	40	35	14	16
MSH5-SAPCD1	98	136	67	48
MSH6	4415	4345	3269	3297
MSI1	1	0	0	0
MSI2	3826	3666	2987	2708
MSL1	4580	4682	4333	4050
MSL2	1768	1738	1289	1334
MSL3	2239	2101	2030	1876
MSL3P1	642	568	449	404
MSLN	7193	7191	17410	16355
MSMB	17	18	102	107
MSMO1	12366	11894	8078	7787
MSMP	2	2	6	3
MSN	14039	13403	9964	9651
MSR1	0	1	1	1
MSRA	423	392	401	410
MSRB1	1330	1149	998	898
MSRB2	1047	937	1341	1291
MSRB3	361	343	824	813
MSS51	100	115	106	84
MST1	398	460	713	619
MST1L	30	50	86	84
MST1P2	113	117	196	180
MST1R	2251	2348	3253	2770
MST4	2865	2629	1649	1807
MSTN	3	1	2	2
MSTO1	545	499	371	298
MSTO2P	159	152	118	80
MSX1	108	137	84	94
MSX2	579	577	632	616
MSX2P1	0	0	0	0
MT1A	0	0	0	0
MT1B	1	1	0	0
MT1DP	5	4	1	1
MT1E	3142	3106	2375	2347
MT1F	767	744	843	878
MT1G	0	0	0	1
MT1H	0	0	0	0
MT1HL1	0	0	0	0
MT1IP	0	0	0	0
MT1JP	0	0	0	0
MT1L	0	0	0	0
MT1M	0	0	0	0
MT1X	1635	1706	2176	2146
MT2A	8331	8268	10371	9868
MT3	1	0	1	0
MT4	0	0	0	0
MTA1	2473	2678	2202	2071
MTA2	16063	15243	8140	7957
MTA3	2251	2211	2155	2059
MTAP	0	1	0	0
MTBP	1395	1424	620	572
MTCH1	9406	9057	8179	8173
MTCH2	11245	10723	11547	11666
MTCL1	1259	1238	2307	2336
MTCP1	112	127	109	89
MTDH	22022	21622	19026	18557
MTERF	1200	1125	1142	1104
MTERFD1	1914	1659	1749	1701
MTERFD2	1454	1379	1215	1218
MTERFD3	603	553	678	615
MTF1	1668	1543	1535	1454
MTF2	1590	1598	1486	1570
MTFMT	1032	1005	820	870
MTFP1	1374	1364	1390	1308
MTFR1	1276	1215	965	940
MTFR1L	1386	1357	2184	1902
MTFR2	1512	1411	447	432
MTG1	1722	1868	1652	1607
MTG2	2061	2023	1915	1861
MTHFD1	10368	10371	6034	6001
MTHFD1L	7611	7367	4310	4230
MTHFD2	8006	7648	4465	4447
MTHFD2L	212	224	230	206
MTHFD2P1	1	2	3	4
MTHFR	823	741	971	887
MTHFS	389	395	520	468
MTHFSD	1183	1085	1207	1134
MTIF2	3780	3673	3091	3184
MTIF3	1180	1139	1498	1454
MTL5	614	594	418	385
MTM1	1030	908	911	916
MTMR1	2373	2426	1431	1312
MTMR10	2176	2133	1539	1542
MTMR11	763	713	511	419
MTMR12	4479	4279	3648	3733
MTMR14	1294	1239	1284	1193
MTMR2	5694	5446	4432	4358
MTMR3	2482	2300	2540	2322
MTMR4	2278	2158	1602	1446
MTMR6	5076	4924	4347	4375
MTMR7	5	1	9	6
MTMR8	34	44	26	16
MTMR9	754	697	614	603
MTMR9LP	466	477	510	444
MTNR1A	0	0	0	0
MTNR1B	0	0	0	1
MTO1	2507	2423	1952	1983
MTOR	3034	2865	2848	2831
MTOR-AS1	0	0	0	0
MTPAP	1724	1628	1401	1381
MTPN	0	0	0	0
MTR	2041	1857	1475	1438
MTRF1	935	905	755	705
MTRF1L	4646	4397	4219	4195
MTRNR2L1	31	33	94	114
MTRNR2L10	4	4	4	4
MTRNR2L2	3088	3547	9767	9488
MTRNR2L3	0	0	0	1
MTRNR2L4	2	1	1	2
MTRNR2L5	0	0	1	0
MTRNR2L6	9	22	74	51
MTRNR2L7	0	0	0	0
MTRNR2L8	2305	2523	6394	6794
MTRNR2L9	1600	1914	5103	4642
MTRR	3921	3741	2928	2640
MTSS1	1411	1315	604	520
MTSS1L	4224	4260	2967	2778
MTTP	1	4	5	7
MTURN	263	229	291	246
MTUS1	3522	3308	4994	4691
MTUS2	140	131	160	149
MTUS2-AS1	0	1	3	1
MTVR2	1	0	1	3
MTX1	1539	1389	1456	1426
MTX2	3233	3058	3564	3492
MTX3	2838	2755	2461	2453
MUC1	2174	2422	9676	8702
MUC12	2	1	0	0
MUC13	0	3	20	29
MUC15	207	183	287	276
MUC16	2508	2083	5301	5064
MUC17	3	0	0	0
MUC19	482	478	1345	1135
MUC2	26	32	14	9
MUC20	757	792	2709	2328
MUC21	3	2	8	11
MUC22	1	4	11	12
MUC3A	3	5	10	6
MUC4	10887	8978	15556	13959
MUC5B	320	258	428	401
MUC6	0	0	5	6
MUC7	49	58	15	23
MUCL1	7	2	11	21
MUL1	1749	1684	2322	2056
MUM1	1289	1353	1205	1179
MUM1L1	31	27	40	38
MURC	48	58	50	55
MUS81	1570	1575	1279	1193
MUSK	1	2	2	2
MUSTN1	7	12	9	3
MUT	5304	5078	6230	6068
MUTYH	441	408	288	244
MVB12A	1171	1120	1005	964
MVB12B	551	533	467	449
MVD	7642	7318	3545	3493
MVK	4048	3877	1200	1190
MVP	11685	10867	16093	15674
MX1	860	962	1582	1323
MX2	105	112	410	345
MXD1	540	490	484	494
MXD3	995	1045	322	294
MXD4	1577	1438	1969	1819
MXI1	627	583	472	438
MXRA5	11958	10361	26444	25587
MXRA7	3886	3685	6380	6251
MXRA8	8	5	7	6
MYADM	18	6	3	7
MYADML	0	0	0	0
MYADML2	0	0	0	0
MYB	71	72	85	81
MYBBP1A	3663	3665	2678	2501
MYBL1	705	711	324	311
MYBL2	6829	6906	2571	2525
MYBPC1	0	0	1	0
MYBPC2	0	0	0	0
MYBPC3	2	1	1	0
MYBPH	0	0	0	0
MYBPHL	17	16	1	3
MYC	6263	6175	1411	1379
MYCBP	185	160	179	176
MYCBP2	9043	7896	6729	6577
MYCBP2-AS1	3	1	4	7
MYCBPAP	5	8	3	3
MYCL	511	444	373	318
MYCN	3	3	2	1
MYCNOS	0	0	0	0
MYCT1	0	0	0	4
MYD88	3754	3630	5117	4759
MYEF2	991	978	797	784
MYEOV	2	3	4	8
MYEOV2	1598	1443	1838	1913
MYF5	0	0	0	0
MYF6	0	0	0	0
MYH1	0	0	0	0
MYH10	8605	7819	4511	4574
MYH11	1	1	6	2
MYH13	30	35	50	45
MYH14	11226	10625	18569	18401
MYH15	3	1	4	4
MYH16	8	3	3	3
MYH2	0	0	0	0
MYH3	45	40	29	30
MYH4	0	0	0	0
MYH6	0	0	0	0
MYH7	0	0	0	0
MYH7B	41	46	88	69
MYH8	0	0	0	0
MYH9	31142	29394	27553	28232
MYL1	0	0	0	0
MYL10	0	0	0	0
MYL12A	10676	10335	14312	14790
MYL12B	26152	24987	31319	31979
MYL2	8	10	27	28
MYL3	3	2	2	10
MYL4	2	2	1	4
MYL5	151	158	146	155
MYL6	36911	35827	53080	53310
MYL6B	1465	1388	1036	1011
MYL7	202	221	410	404
MYL9	10549	10883	19732	19549
MYLIP	1748	1594	2188	2045
MYLK	153	170	80	86
MYLK-AS1	42	44	35	35
MYLK2	20	18	3	2
MYLK3	11	18	20	11
MYLK4	218	217	200	240
MYLPF	10	14	21	31
MYNN	1287	1163	987	963
MYO10	3903	3453	2497	2413
MYO15A	12	16	8	17
MYO15B	362	362	996	840
MYO16	22	28	28	22
MYO16-AS1	8	8	27	30
MYO18A	8069	7258	8905	8441
MYO18B	4	1	2	5
MYO19	4386	4344	3336	3095
MYO1A	46	29	22	27
MYO1B	11047	10977	8826	9127
MYO1C	11398	11037	13852	13476
MYO1D	5325	5314	7758	7699
MYO1E	10374	9796	15353	15268
MYO1F	20	15	15	11
MYO1G	41	29	18	13
MYO1H	0	0	0	0
MYO3A	0	0	0	0
MYO3B	702	679	356	305
MYO5A	5588	5033	2875	2936
MYO5B	9347	8998	12449	12745
MYO5C	4322	4197	5346	5241
MYO6	9341	8965	11909	11182
MYO7A	38	35	22	19
MYO7B	1	0	2	1
MYO9A	2290	2335	1825	1846
MYO9B	3014	2993	2141	2022
MYOC	0	0	6	3
MYOCD	2	6	7	8
MYOD1	0	0	0	0
MYOF	47491	45363	51047	51451
MYOG	0	0	1	0
MYOM1	0	1	6	6
MYOM2	86	82	80	79
MYOM3	0	0	0	0
MYOT	1	0	0	2
MYOZ1	13	14	80	111
MYOZ2	0	0	2	0
MYOZ3	8	9	5	6
MYPN	570	564	810	779
MYPOP	261	254	296	236
MYRF	106	124	102	89
MYRIP	2	0	1	0
MYSM1	3553	3434	3314	3021
MYT1	1	0	0	0
MYT1L	6	5	1	1
MYT1L-AS1	0	0	0	0
MYZAP	97	85	166	164
MZB1	1	3	4	8
MZF1	1202	1295	1224	1074
MZT1	3621	3034	1629	1723
MZT2A	932	982	682	590
MZT2B	3561	3602	2463	2384
N4BP1	2591	2485	2633	2701
N4BP2	1792	1886	1119	1065
N4BP2L1	349	305	240	214
N4BP2L2	2825	2715	2613	2540
N4BP2L2-IT2	98	93	64	61
N4BP3	583	573	659	598
N6AMT1	402	368	339	313
N6AMT2	304	274	300	251
NAA10	2478	2470	2017	1921
NAA11	0	0	0	0
NAA15	6702	6155	3841	4031
NAA16	1880	1882	1375	1327
NAA20	2651	2479	1960	2081
NAA25	2714	2782	2166	2041
NAA30	1990	1920	1624	1633
NAA35	2360	2306	1945	1902
NAA38	2094	2028	1986	2008
NAA40	3273	3201	2996	2803
NAA50	14524	14169	9935	10037
NAA60	2406	2459	2368	2216
NAAA	1636	1645	2451	2387
NAALAD2	0	0	0	0
NAALADL1	0	1	1	1
NAALADL2	309	315	570	544
NAALADL2-AS3	0	0	0	0
NAB1	5413	5273	4488	4383
NAB2	586	616	410	374
NABP1	1440	1218	703	708
NABP2	1750	1686	1256	1169
NACA	29554	28472	17826	18306
NACA2	0	0	0	0
NACAD	18	15	24	28
NACAP1	0	1	1	0
NACC1	4834	4672	4097	3867
NACC2	1943	1886	2354	2281
NADK	2308	2130	2288	2207
NADK2	6299	5948	4878	4743
NADSYN1	8626	8245	8969	8336
NAE1	4161	3980	2664	2612
NAF1	912	862	633	585
NAGA	3564	3559	7550	7168
NAGK	1170	1055	1689	1605
NAGLU	3993	4040	6155	5875
NAGPA	814	838	1317	1289
NAGPA-AS1	4	5	12	5
NAGS	81	78	56	56
NAIF1	468	472	418	359
NAIP	135	122	123	107
NALCN	3424	3341	2629	2602
NALCN-AS1	1	1	1	2
NAMA	0	0	0	0
NAMPT	10169	9703	15065	14885
NANOG	1	2	7	6
NANOGNB	0	0	0	0
NANOS1	919	829	667	658
NANOS2	0	0	0	0
NANOS3	3	12	18	12
NANP	560	548	466	450
NANS	3392	3336	8676	8569
NAP1L1	24082	22781	14172	14277
NAP1L2	63	58	42	45
NAP1L3	0	0	0	0
NAP1L4	9412	9210	7508	7588
NAP1L5	261	230	190	190
NAP1L6	2	2	2	7
NAPA	3941	3876	4264	4171
NAPA-AS1	31	25	25	20
NAPB	406	377	312	305
NAPEPLD	794	744	598	644
NAPG	2007	1985	2339	2353
NAPRT1	3208	3115	3791	3515
NAPSA	62	63	79	58
NAPSB	0	1	1	0
NARF	1241	1186	1276	1179
NARFL	1076	1000	1004	954
NARG2	4156	3950	2963	2917
NARR	0	0	0	0
NARS	22372	21209	22815	22782
NARS2	1615	1561	1103	1138
NASP	6571	6612	3742	3601
NAT1	297	288	481	533
NAT10	7116	6834	4561	4358
NAT14	1016	988	1008	985
NAT16	0	0	1	0
NAT2	8	4	3	3
NAT6	1082	1032	1288	1182
NAT8	0	0	0	0
NAT8B	0	0	0	0
NAT8L	169	168	122	118
NAT9	1663	1522	1300	1214
NAV1	2340	2076	3207	3136
NAV2	3031	3222	3291	3345
NAV2-AS2	9	17	3	6
NAV2-AS4	0	2	3	1
NAV2-AS5	0	0	0	0
NAV3	4	2	9	11
NBAS	2767	2542	2621	2589
NBEA	242	209	605	565
NBEAL1	1329	1278	1351	1269
NBEAL2	7070	6997	10020	9095
NBEAP1	85	71	36	40
NBL1	41	59	138	125
NBN	6664	6403	5764	5999
NBPF1	2086	1911	1821	1626
NBPF10	530	477	349	353
NBPF11	111	134	97	105
NBPF12	395	344	360	289
NBPF13P	0	0	0	0
NBPF14	25	29	13	16
NBPF15	2128	2040	1820	1574
NBPF18P	8	12	22	14
NBPF20	97	90	94	68
NBPF22P	0	0	2	3
NBPF25P	67	45	47	55
NBPF3	935	893	643	610
NBPF4	0	0	1	2
NBPF6	0	0	0	0
NBPF7	4	4	1	3
NBPF8	515	501	376	331
NBPF9	283	279	164	233
NBR1	10288	9469	12764	12567
NBR2	251	268	295	273
NCALD	42	61	68	55
NCAM1	14	9	6	7
NCAM1-AS1	0	0	0	0
NCAM2	0	1	1	0
NCAN	0	1	1	1
NCAPD2	13581	12906	4273	4186
NCAPD3	7856	7696	3468	3363
NCAPG	7862	7735	2043	2002
NCAPG2	7818	7933	2709	2709
NCAPH	4147	3924	1110	1071
NCAPH2	2485	2486	1447	1370
NCBP1	5901	5734	4372	4179
NCBP2	5394	5100	4132	4122
NCBP2-AS2	728	768	568	614
NCCRP1	179	183	445	417
NCDN	1853	1778	1656	1508
NCEH1	4858	4796	9094	8754
NCF1	2	0	1	1
NCF1B	0	0	0	0
NCF1C	0	0	0	0
NCF2	642	632	892	877
NCF4	23	30	72	49
NCK1	2463	2310	2144	2164
NCK1-AS1	140	142	108	110
NCK2	1756	1823	2078	2069
NCKAP1	17535	17029	16967	16815
NCKAP1L	0	0	1	0
NCKAP5	192	177	85	67
NCKAP5L	1256	1226	1342	1208
NCKIPSD	2267	2304	2166	2077
NCL	59352	57726	35472	35729
NCLN	5668	5645	5979	5497
NCMAP	1	0	0	2
NCOA1	3264	3222	3744	3655
NCOA2	2641	2484	2277	2213
NCOA3	7385	6613	7804	7155
NCOA4	21919	20180	23508	23039
NCOA5	3630	3466	3337	3209
NCOA6	5817	5388	5528	5219
NCOA7	3659	3711	3433	3358
NCOR1	9852	9397	7407	7149
NCOR1P1	0	0	0	1
NCOR2	12912	12420	16243	15772
NCR1	0	0	0	0
NCR2	0	0	0	0
NCR3	2	0	0	1
NCR3LG1	629	547	282	294
NCRNA00185	0	0	0	0
NCRUPAR	0	2	0	0
NCS1	1708	1671	1062	986
NCSTN	7047	6710	16767	15740
NDC1	9513	9577	4164	4280
NDC80	4800	4697	1452	1530
NDE1	3532	3386	1413	1428
NDEL1	2179	2138	2287	2200
NDFIP1	8442	8090	12169	12394
NDFIP2	12627	11716	11693	11309
NDFIP2-AS1	4	0	0	1
NDN	0	0	0	0
NDNF	0	0	0	0
NDNL2	1722	1686	2028	1923
NDOR1	2175	2287	1954	1753
NDP	27	28	204	174
NDRG1	2531	2289	5547	5060
NDRG2	2626	2555	2573	2488
NDRG3	8134	7657	7612	7423
NDRG4	66	57	125	111
NDST1	14209	13908	9526	8902
NDST2	995	994	1284	1187
NDST3	0	0	0	0
NDST4	0	0	0	0
NDUFA1	4760	4469	6827	7077
NDUFA10	7350	7099	8148	8168
NDUFA11	3712	3742	3459	3460
NDUFA12	2862	2813	3002	3013
NDUFA13	5133	4772	7661	7410
NDUFA2	2235	2093	2534	2497
NDUFA3	2291	2204	3214	3208
NDUFA4	12419	12016	16836	17632
NDUFA4L2	35	36	21	15
NDUFA5	5347	5094	5676	6022
NDUFA6	4642	4493	5946	6157
NDUFA6-AS1	102	111	146	107
NDUFA7	1537	1525	1623	1625
NDUFA8	3565	3399	4853	4509
NDUFA9	6321	6080	7182	7000
NDUFAB1	4246	4200	4522	4540
NDUFAF1	1141	1048	1161	1223
NDUFAF2	1468	1367	814	875
NDUFAF3	1387	1368	1684	1758
NDUFAF4	2432	2337	2321	2268
NDUFAF4P1	3	4	2	1
NDUFAF5	592	584	612	612
NDUFAF6	1522	1393	1241	1311
NDUFAF7	1476	1440	1453	1389
NDUFB1	2530	2449	3337	3567
NDUFB10	4485	4480	4958	4914
NDUFB11	3830	3718	5030	4798
NDUFB2	3127	3192	4045	4040
NDUFB2-AS1	48	39	37	23
NDUFB3	2410	2251	2986	3020
NDUFB4	5127	4878	6334	6601
NDUFB5	6261	5984	7916	8199
NDUFB6	2698	2588	2454	2585
NDUFB7	2390	2288	2709	2639
NDUFB8	4718	4521	4652	4722
NDUFB9	12154	12026	12098	12425
NDUFC1	2226	2034	2498	2669
NDUFC2	2948	3006	3572	3549
NDUFC2-KCTD14	0	2	1	2
NDUFS1	10930	10240	11778	11867
NDUFS2	6542	6417	8942	8759
NDUFS3	5252	5110	5702	5641
NDUFS4	2485	2473	2437	2574
NDUFS5	8407	8436	8736	8780
NDUFS6	6043	5968	5516	5570
NDUFS7	2030	2021	2186	2020
NDUFS8	4796	4691	5573	5480
NDUFV1	13992	13445	16041	15707
NDUFV2	6699	6287	9551	9804
NDUFV3	1812	1709	1781	1875
NEAT1	33508	39870	59497	46259
NEB	5	5	11	12
NEBL	69	73	200	166
NEBL-AS1	1	0	1	1
NECAB1	0	2	2	0
NECAB2	3	7	1	3
NECAB3	2037	2107	2630	2417
NECAP1	1607	1501	1631	1631
NECAP2	989	996	1008	1069
NEDD1	2865	2685	1513	1636
NEDD4	4308	4110	2283	2329
NEDD4L	3928	3733	3038	2862
NEDD8	4734	4452	4980	4800
NEDD8-MDP1	6	5	9	1
NEDD9	6257	6302	12729	12671
NEFH	0	0	0	0
NEFL	0	0	0	0
NEFM	0	0	2	0
NEGR1	32	28	47	60
NEGR1-IT1	0	0	0	0
NEIL1	473	491	696	570
NEIL2	481	430	320	372
NEIL3	1294	1166	369	317
NEK1	1255	1168	916	955
NEK10	8	7	6	6
NEK11	102	104	226	195
NEK2	3699	3454	610	666
NEK3	875	893	470	452
NEK4	1527	1449	1280	1302
NEK5	47	38	24	17
NEK6	2109	2190	3894	3690
NEK7	4553	4408	3625	3598
NEK8	670	671	524	474
NEK9	5858	5427	6312	5988
NELFA	1181	1270	984	996
NELFB	3385	3205	2617	2487
NELFCD	5919	5843	4652	4338
NELFE	4368	4245	3086	2951
NELL1	0	0	0	0
NELL2	1	2	6	7
NEMF	4202	4089	4216	4150
NENF	2605	2604	3380	3107
NEO1	5581	5521	6976	6524
NES	117	108	51	42
NET1	8086	7419	7277	7106
NETO1	1	1	1	0
NETO2	4275	4320	2833	2929
NEU1	4005	3636	8647	8150
NEU2	0	0	0	0
NEU3	1019	978	438	425
NEU4	7	5	18	10
NEURL1	15	8	13	6
NEURL1B	4410	4240	1915	1805
NEURL2	88	97	173	162
NEURL3	3	6	6	8
NEURL4	1789	1778	1628	1425
NEUROD1	0	0	4	2
NEUROD2	4	2	2	1
NEUROD4	0	0	1	0
NEUROD6	0	0	0	0
NEUROG1	0	0	0	0
NEUROG2	4	2	2	3
NEUROG3	0	0	0	0
NEXN	216	283	407	395
NEXN-AS1	6	1	3	4
NF1	8121	7526	5921	5655
NF1P2	1	1	0	0
NF2	448	471	402	369
NFAM1	2	2	8	6
NFASC	276	328	35	29
NFAT5	3043	3053	3791	3381
NFATC1	1	2	0	0
NFATC2	87	85	136	140
NFATC2IP	2778	2709	2353	2256
NFATC3	3780	3616	2283	2282
NFATC4	433	430	702	563
NFE2	219	168	201	184
NFE2L1	15800	15156	23087	21862
NFE2L2	10692	10367	9040	9053
NFE2L3	448	458	407	443
NFIA	2171	2112	2046	2059
NFIA-AS1	1	0	2	2
NFIA-AS2	0	0	0	0
NFIB	1420	1318	664	726
NFIC	5069	5211	4951	5049
NFIL3	544	447	736	765
NFIX	2513	2479	2833	2752
NFKB1	3896	3720	2675	2566
NFKB2	6255	6284	11449	10981
NFKBIA	3324	3178	3438	3312
NFKBIB	1180	1190	973	1041
NFKBID	189	182	180	139
NFKBIE	924	798	1209	1118
NFKBIL1	1101	1120	1108	1114
NFKBIZ	510	558	1444	1263
NFRKB	2876	2845	2306	2303
NFS1	3375	3299	3877	3883
NFU1	1853	1729	1770	1816
NFX1	4968	4760	4390	4093
NFXL1	1431	1400	877	787
NFYA	3821	3791	3994	3731
NFYB	2417	2489	1750	1699
NFYC	3358	3222	2928	2832
NFYC-AS1	231	224	189	147
NGB	1	0	0	0
NGDN	1292	1240	930	809
NGEF	39	39	40	30
NGF	0	0	0	0
NGFR	930	861	45	39
NGFRAP1	4654	4598	4039	3901
NGLY1	1814	1791	1699	1630
NGRN	7048	6996	7717	7812
NHEG1	1	0	0	0
NHEJ1	766	777	497	483
NHLH1	7	5	9	5
NHLH2	99	102	20	14
NHLRC1	144	139	189	177
NHLRC2	2070	1796	1428	1387
NHLRC3	3390	3394	4545	4487
NHLRC4	1	0	1	2
NHP2	3557	3410	2374	2393
NHP2L1	7748	7404	6780	6494
NHS	2153	2000	1853	1708
NHS-AS1	7	7	3	5
NHSL1	1929	1889	1938	1792
NHSL2	0	0	3	1
NICN1	753	783	1016	964
NID1	120	99	3	4
NID2	4017	4112	4526	4578
NIF3L1	2423	2271	2196	2185
NIFK	2715	2498	1509	1470
NIFK-AS1	141	129	95	77
NIM1K	9	7	12	10
NIN	4137	4107	3912	3783
NINJ1	3849	3767	3172	3023
NINJ2	4	1	0	1
NINL	104	118	104	106
NIP7	2348	2355	1387	1379
NIPA1	2079	1940	2454	2245
NIPA2	6834	6812	6458	6153
NIPAL1	804	829	598	585
NIPAL2	2454	2290	2376	2175
NIPAL3	1820	1734	1889	1849
NIPAL4	587	545	34	23
NIPBL	12525	12112	10508	10133
NIPSNAP1	4682	4412	4742	4588
NIPSNAP3A	1696	1636	1859	1863
NIPSNAP3B	29	19	13	12
NISCH	2982	3018	3258	2915
NIT1	1219	1176	1453	1274
NIT2	3735	3732	3353	3253
NKAIN1	10	10	6	4
NKAIN2	1	0	0	0
NKAIN3	0	0	0	0
NKAIN4	5	4	13	20
NKAP	1104	1096	1033	1015
NKAPL	0	0	0	0
NKAPP1	69	49	52	37
NKD1	124	139	94	84
NKD2	0	0	0	0
NKG7	0	0	1	0
NKIRAS1	731	694	977	977
NKIRAS2	2066	2046	2527	2347
NKPD1	9	15	34	17
NKRF	1484	1516	1062	1136
NKTR	5411	5214	4631	4301
NKX1-1	0	0	0	0
NKX1-2	7	7	1	2
NKX2-1	134	151	87	83
NKX2-1-AS1	2	5	6	2
NKX2-2	0	0	0	0
NKX2-3	0	0	0	0
NKX2-4	0	0	0	0
NKX2-5	21	15	4	8
NKX2-6	0	0	0	0
NKX2-8	135	159	240	255
NKX3-1	411	400	421	438
NKX3-2	12	6	17	11
NKX6-1	11	5	13	22
NKX6-2	0	0	0	0
NKX6-3	0	0	0	0
NLE1	871	869	469	428
NLGN1	3	3	0	0
NLGN2	1731	1827	1672	1464
NLGN3	11	13	25	22
NLGN4X	22	17	8	7
NLGN4Y	0	0	0	0
NLGN4Y-AS1	0	0	0	0
NLK	953	888	921	942
NLN	4002	3980	2441	2384
NLRC3	3	4	4	3
NLRC4	0	0	0	1
NLRC5	856	772	983	848
NLRP1	85	87	29	20
NLRP10	6	13	7	14
NLRP11	0	1	0	2
NLRP12	10	13	8	3
NLRP13	1	1	0	0
NLRP14	1	2	1	4
NLRP2	2	0	1	1
NLRP3	2	3	3	8
NLRP4	0	2	0	0
NLRP5	0	0	0	0
NLRP6	14	11	3	4
NLRP7	0	0	0	0
NLRP8	0	0	3	1
NLRP9	0	0	0	0
NLRX1	3403	3404	3356	3197
NMB	666	722	601	527
NMBR	3	0	0	4
NMD3	4592	4465	3460	3378
NME1	4335	4125	2104	2178
NME1-NME2	25	46	5	8
NME2	2622	2630	2240	2351
NME3	709	733	1454	1339
NME4	2728	2549	2636	2515
NME5	69	71	133	132
NME6	846	820	804	753
NME7	496	439	306	258
NME8	3	0	0	1
NME9	21	16	43	34
NMI	1804	1712	1434	1424
NMNAT1	469	435	591	518
NMNAT2	528	524	551	473
NMNAT3	576	586	427	389
NMRAL1	959	912	1067	1087
NMRK1	1100	1011	1000	967
NMRK2	0	0	0	0
NMS	0	0	0	0
NMT1	7813	7462	7532	7284
NMT2	1092	981	498	542
NMU	1008	1010	625	609
NMUR1	0	0	1	0
NMUR2	0	0	0	0
NNAT	0	1	0	0
NNMT	10930	10048	7090	7006
NNT	17002	16342	18145	17487
NNT-AS1	1880	1737	1931	1859
NOA1	3115	2910	2477	2540
NOB1	3200	2986	1800	1831
NOBOX	0	0	0	0
NOC2L	3581	3380	2440	2336
NOC3L	1835	1833	989	1035
NOC4L	814	834	640	565
NOD1	1023	905	764	753
NOD2	87	102	88	98
NODAL	6	3	0	2
NOG	4	8	6	15
NOL10	2618	2478	1935	1974
NOL11	4709	4589	3032	3057
NOL12	868	871	679	577
NOL3	1532	1541	2547	2444
NOL4	14	9	2	4
NOL4L	1452	1458	1874	1692
NOL6	4538	4516	4316	4191
NOL7	3638	3644	3098	3066
NOL8	3223	3064	1880	1803
NOL9	530	502	369	366
NOLC1	11718	11777	5853	5744
NOM1	1962	1989	1422	1372
NOMO1	4523	4368	7241	7050
NOMO2	2200	2142	3911	3719
NOMO3	589	601	996	905
NONO	19408	18978	14422	13932
NOP10	2999	2819	2735	2642
NOP14	4236	4065	2958	2901
NOP14-AS1	929	849	809	753
NOP16	1966	1959	1235	1185
NOP2	4396	4365	2653	2525
NOP56	3637	3786	2075	1935
NOP58	5467	5431	3036	3118
NOP9	5128	4992	4236	3961
NOS1	3	0	1	1
NOS1AP	66	49	59	48
NOS2	0	0	0	0
NOS3	30	23	6	14
NOSIP	1461	1523	1524	1385
NOSTRIN	442	422	768	765
NOTCH1	4138	3658	799	817
NOTCH2	9639	8626	6675	6544
NOTCH2NL	1474	1346	1600	1535
NOTCH3	11929	11055	7470	6654
NOTCH4	26	19	28	24
NOTO	2	0	0	0
NOTUM	21	12	2	4
NOV	4	3	2	1
NOVA1	1	0	1	0
NOVA2	0	0	0	0
NOX1	0	0	0	1
NOX3	0	0	0	0
NOX4	117	128	182	188
NOX5	0	0	3	0
NOXA1	779	746	915	790
NOXO1	13	9	23	22
NOXRED1	15	7	6	6
NPAP1	0	1	0	0
NPAS1	21	21	39	29
NPAS2	91	94	1350	1323
NPAS3	5	4	12	3
NPAS4	0	0	0	1
NPAT	2286	2173	1859	1802
NPB	1	0	5	1
NPBWR1	0	2	2	1
NPBWR2	0	0	0	0
NPC1	2697	2568	3745	3605
NPC1L1	5	2	10	11
NPC2	6892	6713	9319	8940
NPDC1	2309	2416	4866	4235
NPEPL1	139	198	168	160
NPEPPS	7114	6941	8173	7843
NPFF	19	27	15	13
NPFFR1	0	0	0	0
NPFFR2	1	2	2	3
NPHP1	160	133	138	143
NPHP3	182	210	260	205
NPHP3-ACAD11	219	232	298	260
NPHP3-AS1	0	0	1	2
NPHP4	741	753	544	508
NPHS1	0	1	1	1
NPHS2	0	0	0	0
NPIPA1	147	183	179	156
NPIPA2	0	0	0	0
NPIPA3	0	0	0	0
NPIPA5	158	156	166	141
NPIPA7	0	0	0	0
NPIPA8	0	0	0	0
NPIPB3	548	663	583	543
NPIPB5	732	839	918	653
NPIPB6	10	15	19	17
NPIPB9	49	50	76	71
NPL	252	261	258	251
NPLOC4	6836	6514	7986	7675
NPM1	58636	57006	30651	31627
NPM2	11	19	13	8
NPM3	1305	1273	689	629
NPNT	211	232	805	760
NPPA	0	0	0	0
NPPA-AS1	25	14	16	10
NPPB	0	0	0	0
NPPC	0	2	0	0
NPR1	3	2	8	6
NPR2	247	280	185	167
NPR3	88	89	387	327
NPRL2	1436	1280	1244	1179
NPRL3	1522	1437	999	959
NPS	0	0	0	0
NPSR1	0	0	0	0
NPSR1-AS1	1	2	1	0
NPTN	14466	13945	26852	25445
NPTN-IT1	228	261	204	175
NPTX1	13	6	6	4
NPTX2	0	0	0	0
NPTXR	1251	1128	2977	2728
NPVF	0	0	0	0
NPW	8	8	11	12
NPY	0	0	0	0
NPY1R	1	0	2	1
NPY2R	0	0	0	0
NPY4R	93	74	50	48
NPY5R	0	0	0	1
NPY6R	3	2	26	20
NQO1	24426	22796	14213	14676
NQO2	2414	2414	2512	2425
NR0B1	0	0	0	0
NR0B2	0	0	0	0
NR1D1	329	292	308	286
NR1D2	4158	4149	3555	3690
NR1H2	2545	2398	2705	2605
NR1H3	687	616	484	411
NR1H4	0	0	0	0
NR1I2	0	2	0	0
NR1I3	0	0	0	0
NR2C1	1287	1286	1423	1281
NR2C2	3746	3745	3309	3220
NR2C2AP	731	705	490	478
NR2E1	26	15	11	17
NR2E3	0	3	13	13
NR2F1	5	6	18	15
NR2F1-AS1	1	1	3	4
NR2F2	2362	2200	1788	1815
NR2F2-AS1	27	22	18	9
NR2F6	3561	3683	3971	3663
NR3C1	13211	12538	12083	12148
NR3C2	25	37	42	34
NR4A1	7567	8282	20641	18725
NR4A2	815	812	3086	2921
NR4A3	833	776	2001	1960
NR5A1	1	6	4	3
NR5A2	3	5	7	9
NR6A1	551	560	532	471
NRADDP	6	12	12	9
NRAP	2	1	17	8
NRARP	1560	1560	660	677
NRAS	6041	5736	4642	4844
NRBF2	1633	1424	1635	1648
NRBP1	6214	5944	6727	6537
NRBP2	2097	2254	3273	2823
NRCAM	136	133	159	126
NRD1	14334	13886	12609	12681
NRDE2	1636	1571	1557	1519
NREP	118	132	50	36
NREP-AS1	0	0	0	0
NRF1	889	917	821	784
NRG1	28	31	3	5
NRG1-IT1	0	0	0	0
NRG1-IT3	0	0	0	0
NRG2	5	8	20	20
NRG3	0	0	2	0
NRG4	1587	1535	1201	1255
NRGN	143	132	75	71
NRIP1	3983	3712	4419	4294
NRIP2	0	1	0	1
NRIP3	96	89	52	54
NRK	0	0	0	0
NRL	99	94	94	92
NRM	1583	1664	630	635
NRN1	81	64	114	102
NRN1L	4	9	8	3
NRON	0	0	0	0
NRP1	2733	2844	7585	7254
NRP2	1936	1883	1998	1835
NRROS	1	0	0	0
NRSN1	1	0	0	0
NRSN2	550	552	665	582
NRTN	11	14	9	7
NRXN1	0	1	1	3
NRXN2	2	3	1	1
NRXN3	0	1	0	0
NS3BP	130	129	147	129
NSA2	4699	4693	3803	3780
NSD1	10521	9401	6698	6762
NSDHL	3428	3279	2319	2179
NSF	3950	3634	6017	5889
NSFL1C	1959	1766	1910	1851
NSFP1	0	0	0	0
NSG1	13	13	8	13
NSL1	1641	1548	1018	1099
NSMAF	1550	1431	1063	1086
NSMCE1	1322	1269	1104	1077
NSMCE2	1759	1774	1496	1546
NSMCE4A	1997	2019	1341	1353
NSMF	4377	4380	3418	3449
NSRP1	1926	1832	1636	1652
NSUN2	12956	13148	10368	9908
NSUN3	415	358	463	391
NSUN4	2033	1872	1518	1521
NSUN5	1179	1216	897	870
NSUN5P1	827	899	943	791
NSUN5P2	289	285	343	274
NSUN6	393	444	256	317
NSUN7	6	2	5	4
NT5C	1209	1168	941	939
NT5C1A	0	0	0	0
NT5C1B	0	0	0	0
NT5C1B-RDH14	0	0	0	1
NT5C2	6469	6259	9572	9476
NT5C3A	3428	3343	2797	2720
NT5C3B	2831	2768	2397	2350
NT5DC1	5451	5477	5805	5668
NT5DC2	2045	2047	838	895
NT5DC3	247	264	330	268
NT5E	15925	16449	23456	23115
NT5M	381	412	341	331
NTAN1	783	786	657	697
NTF3	17	21	26	21
NTF4	666	651	383	374
NTHL1	875	859	602	589
NTM	3	4	13	21
NTM-IT	0	0	0	0
NTMT1	1407	1325	1220	1273
NTN1	398	377	1402	1366
NTN3	6	6	2	3
NTN4	8477	8315	21222	19658
NTN5	6	5	4	10
NTNG1	0	0	0	0
NTNG2	3	0	0	6
NTPCR	1783	1630	1035	1017
NTRK1	0	0	0	0
NTRK2	6	11	25	17
NTRK3	0	0	1	0
NTRK3-AS1	0	0	0	0
NTS	0	0	0	0
NTSR1	2	2	7	10
NTSR2	0	0	0	0
NUAK1	1238	1310	1920	1915
NUAK2	653	655	367	358
NUB1	4092	4026	4739	4606
NUBP1	1191	1154	1032	999
NUBP2	2405	2235	1968	1875
NUBPL	2456	2391	1904	1890
NUCB1	8717	8406	15375	14806
NUCB1-AS1	1	3	5	2
NUCB2	2476	2465	4122	4010
NUCKS1	38664	37551	15707	15931
NUDC	2763	2790	2116	2103
NUDCD1	3633	3560	2475	2516
NUDCD2	2202	2099	1429	1426
NUDCD3	6914	6590	5462	5335
NUDT1	788	792	484	500
NUDT10	0	0	0	0
NUDT11	26	16	12	11
NUDT12	1797	1646	1362	1417
NUDT13	155	178	172	146
NUDT14	876	820	866	861
NUDT15	5139	5141	2829	2941
NUDT16	2183	2155	1840	1826
NUDT16L1	1264	1398	1543	1488
NUDT16P1	876	765	712	641
NUDT17	132	111	96	84
NUDT18	390	370	321	312
NUDT19	1766	1616	1709	1754
NUDT2	569	522	573	519
NUDT21	8914	8530	5038	5125
NUDT22	3023	2836	3274	3054
NUDT3	444	417	318	282
NUDT4	68	74	102	112
NUDT4P1	0	0	0	0
NUDT4P2	0	0	0	0
NUDT5	3998	3816	2284	2264
NUDT6	537	509	484	471
NUDT7	242	187	257	220
NUDT8	464	412	346	268
NUDT9	2287	2188	3604	3359
NUDT9P1	10	14	20	10
NUF2	2707	2511	527	526
NUFIP1	1072	1165	761	702
NUFIP2	13429	12799	13752	13143
NUGGC	2	3	6	4
NUMA1	31857	30577	24149	22811
NUMB	4420	4283	4314	4126
NUMBL	156	158	140	161
NUP107	4460	4313	2368	2357
NUP133	4436	4426	3361	3330
NUP153	7358	7350	4963	5061
NUP155	6423	6121	3409	3349
NUP160	7480	7221	4018	4031
NUP188	5786	5338	3350	3090
NUP205	6893	6631	3279	3349
NUP210	6139	5706	4042	3665
NUP210L	0	2	4	4
NUP210P1	0	0	0	0
NUP214	3708	3506	2799	2648
NUP35	1093	1084	496	515
NUP37	2790	2593	1424	1466
NUP43	4588	4522	2936	2790
NUP50	7513	7454	5182	4915
NUP50-AS1	417	429	575	530
NUP54	2895	2746	1648	1676
NUP62	4227	4188	2848	2647
NUP62CL	370	389	134	113
NUP85	2585	2555	1671	1666
NUP88	4890	4655	2976	3079
NUP93	3457	3388	1872	1846
NUP98	9144	8608	6446	6344
NUPL1	6685	6404	4060	3909
NUPL2	1698	1717	1377	1328
NUPR1	2287	2191	1132	1164
NUPR1L	0	1	0	0
NUS1	10513	9869	9181	9208
NUSAP1	11431	11582	2804	2885
NUTF2	5694	5599	4273	4368
NUTM1	0	0	4	0
NUTM2A	140	141	253	260
NUTM2A-AS1	470	409	389	430
NUTM2B	38	21	49	56
NUTM2D	93	84	161	148
NUTM2F	0	0	0	0
NUTM2G	0	0	0	0
NVL	1394	1407	1051	1142
NWD1	395	376	193	194
NWD2	1	0	4	2
NXF1	4322	4533	5140	4177
NXF2	0	0	0	0
NXF2B	0	0	0	0
NXF3	11	20	79	68
NXF4	0	0	1	0
NXF5	0	0	0	0
NXN	3048	2862	1594	1492
NXNL1	0	0	0	0
NXNL2	3	2	3	3
NXPE1	0	0	0	0
NXPE2	2	3	7	5
NXPE3	885	826	479	450
NXPE4	0	0	0	0
NXPH1	0	0	0	1
NXPH2	0	0	0	0
NXPH3	5	7	10	12
NXPH4	759	764	1117	991
NXT1	331	328	206	228
NXT2	1895	1745	1622	1597
NYAP1	30	39	30	31
NYAP2	4	2	7	5
NYNRIN	2143	1952	1181	1140
NYX	0	0	0	0
OACYLP	0	0	0	0
OAF	1789	1765	2896	2683
OARD1	1785	1756	1272	1239
OAS1	562	507	1097	976
OAS2	23	25	86	52
OAS3	4752	4471	2394	2160
OASL	23	22	34	31
OAT	10765	10118	9356	9493
OAZ1	20043	19211	18051	18159
OAZ2	4017	3665	4189	4270
OAZ3	47	36	62	55
OBFC1	1924	1868	2570	2398
OBP2A	0	0	0	0
OBP2B	0	0	0	0
OBSCN	279	295	171	157
OBSL1	26653	26366	24631	22362
OC90	0	1	0	1
OCA2	0	0	0	1
OCEL1	480	467	898	871
OCIAD1	14321	13568	17966	17943
OCIAD2	2216	2191	2687	2646
OCLM	34	24	30	22
OCLN	1198	1210	1448	1370
OCM	0	0	3	1
OCM2	0	0	0	0
OCRL	2963	2914	2854	2708
OCSTAMP	0	0	0	0
ODAM	0	0	0	0
ODC1	4078	4131	2741	2819
ODF1	0	0	0	0
ODF2	3386	3292	1518	1359
ODF2L	1809	1783	1684	1727
ODF3	0	0	0	0
ODF3B	182	165	294	275
ODF3L1	54	43	44	43
ODF3L2	1	3	0	0
ODF4	0	0	0	0
OFD1	3761	3863	4928	4831
OGDH	18356	17098	26773	25873
OGDHL	1229	1234	2911	2618
OGFOD1	3700	3725	2606	2682
OGFOD2	916	870	725	646
OGFOD3	1667	1605	2043	2065
OGFR	3273	3167	3411	3318
OGFR-AS1	3	2	4	4
OGFRL1	1073	1060	692	658
OGFRP1	49	54	21	23
OGG1	662	647	627	576
OGN	2	1	0	1
OGT	7252	7239	5631	5124
OIP5	1230	1206	334	349
OIP5-AS1	3075	2861	2905	2709
OIT3	3	3	5	8
OLA1	8385	7948	6004	6189
OLAH	1	4	5	3
OLFM1	0	0	0	0
OLFM2	13	4	12	9
OLFM3	0	0	0	0
OLFM4	11	14	12	12
OLFML1	45	53	33	24
OLFML2A	3359	3269	2187	2023
OLFML2B	2	1	3	1
OLFML3	16	13	36	35
OLIG1	1	0	0	2
OLIG2	0	0	0	0
OLIG3	0	0	0	0
OLR1	27419	27399	15283	15261
OMA1	1770	1729	1638	1778
OMD	0	1	0	0
OMG	0	0	2	1
OMP	1	1	5	4
ONECUT1	0	0	0	0
ONECUT2	221	206	310	288
ONECUT3	0	0	0	0
OOEP	0	0	0	0
OOSP2	0	0	0	0
OPA1	10383	10078	8916	9112
OPA1-AS1	1	1	1	0
OPA3	2542	2426	2481	2359
OPALIN	0	0	0	0
OPCML	0	3	0	2
OPHN1	672	640	660	553
OPLAH	3535	3566	4234	3966
OPN1LW	0	0	0	0
OPN1MW	0	0	0	0
OPN1MW2	0	0	0	0
OPN1SW	0	0	0	0
OPN3	7171	6920	9118	8913
OPN4	0	0	1	0
OPN5	3	0	1	0
OPRD1	0	0	0	0
OPRK1	0	0	2	2
OPRL1	11	11	17	22
OPRM1	0	1	0	0
OPTC	0	0	0	0
OPTN	5257	4848	6794	6581
OR10A2	0	0	0	0
OR10A3	0	0	0	0
OR10A4	0	0	0	0
OR10A5	0	0	0	0
OR10A6	0	2	1	1
OR10A7	0	0	0	0
OR10AD1	0	0	0	0
OR10AG1	0	0	0	0
OR10C1	0	0	0	0
OR10G2	0	0	0	0
OR10G3	0	0	0	0
OR10G4	0	0	0	0
OR10G7	0	0	0	0
OR10G8	0	0	0	0
OR10G9	0	0	0	0
OR10H1	1	3	3	0
OR10H2	0	0	1	0
OR10H3	0	0	0	0
OR10H4	0	0	0	0
OR10H5	0	0	0	0
OR10J1	0	0	0	0
OR10J3	0	0	0	0
OR10J5	0	0	0	0
OR10K1	0	0	0	0
OR10K2	0	0	0	0
OR10P1	0	0	0	0
OR10Q1	0	0	0	0
OR10R2	0	0	0	0
OR10S1	0	0	0	0
OR10T2	0	0	0	0
OR10V1	0	0	0	0
OR10V2P	0	0	0	0
OR10W1	0	0	0	0
OR10X1	0	0	0	0
OR10Z1	0	0	0	0
OR11A1	0	0	0	0
OR11G2	0	0	0	0
OR11H1	0	0	0	0
OR11H12	0	0	0	0
OR11H2	0	0	0	0
OR11H4	0	0	0	0
OR11H6	0	0	0	0
OR11L1	0	0	0	0
OR12D2	0	0	0	1
OR12D3	0	0	0	0
OR13A1	4	8	14	13
OR13C2	0	0	0	0
OR13C3	0	0	0	0
OR13C4	0	0	0	0
OR13C5	0	0	0	0
OR13C8	0	0	0	0
OR13C9	0	0	0	0
OR13D1	0	0	0	0
OR13F1	0	0	0	0
OR13G1	0	0	0	0
OR13H1	0	0	0	0
OR13J1	0	0	0	0
OR14A16	0	0	0	0
OR14C36	0	0	0	0
OR14I1	0	0	0	0
OR14J1	0	0	0	0
OR1A1	0	0	0	0
OR1A2	0	0	0	0
OR1B1	0	0	0	0
OR1C1	0	0	0	0
OR1D2	0	0	0	0
OR1D4	0	0	0	0
OR1D5	0	0	0	0
OR1E1	0	0	0	0
OR1E2	0	0	0	0
OR1F1	39	27	40	27
OR1F2P	1	0	3	2
OR1G1	0	0	0	0
OR1I1	0	0	0	0
OR1J1	0	0	0	0
OR1J2	1	0	0	0
OR1J4	0	0	0	0
OR1K1	0	0	0	0
OR1L1	0	0	0	0
OR1L3	0	0	0	0
OR1L4	0	0	1	0
OR1L6	0	0	0	0
OR1L8	1	0	0	2
OR1M1	0	0	0	0
OR1N1	0	0	0	0
OR1N2	0	0	0	0
OR1Q1	0	0	0	0
OR1S1	0	0	0	0
OR1S2	0	0	0	0
OR2A1	0	0	0	0
OR2A12	0	0	0	0
OR2A14	0	0	0	0
OR2A2	0	0	0	0
OR2A20P	0	0	2	0
OR2A25	0	0	0	0
OR2A4	79	61	65	89
OR2A42	0	0	0	0
OR2A5	0	0	0	0
OR2A7	14	19	10	15
OR2A9P	1	0	0	1
OR2AE1	0	0	0	0
OR2AG1	0	0	0	0
OR2AG2	3	8	8	3
OR2AK2	0	0	0	0
OR2AP1	0	0	0	0
OR2AT4	0	0	0	0
OR2B11	0	0	0	0
OR2B2	0	0	0	0
OR2B3	0	0	0	0
OR2B6	8	3	1	0
OR2C1	0	2	0	1
OR2C3	0	0	0	0
OR2D2	0	1	0	0
OR2D3	0	0	0	0
OR2F1	0	0	0	0
OR2F2	0	0	0	0
OR2G2	0	0	0	0
OR2G3	0	0	0	0
OR2G6	0	0	0	0
OR2H1	0	0	1	0
OR2H2	0	0	0	0
OR2J2	0	0	0	0
OR2J3	0	0	0	0
OR2K2	0	0	0	0
OR2L13	0	0	0	0
OR2L1P	0	0	0	0
OR2L2	0	0	0	0
OR2L3	0	0	0	0
OR2L5	0	0	0	0
OR2L8	0	0	0	0
OR2M1P	0	0	0	0
OR2M2	0	0	0	0
OR2M3	0	0	0	0
OR2M4	0	0	0	0
OR2M5	0	0	0	0
OR2M7	0	0	0	0
OR2S2	0	0	0	0
OR2T1	0	0	0	0
OR2T10	0	0	0	0
OR2T11	0	0	0	0
OR2T12	0	0	0	0
OR2T2	0	0	0	0
OR2T27	0	0	0	0
OR2T29	0	0	0	0
OR2T3	0	0	0	0
OR2T33	0	0	0	0
OR2T34	0	0	0	0
OR2T35	0	0	0	0
OR2T4	0	0	0	0
OR2T5	0	0	0	0
OR2T6	0	0	0	0
OR2T8	0	0	0	0
OR2V1	0	0	0	0
OR2V2	0	1	0	0
OR2W1	0	0	0	0
OR2W3	0	0	0	0
OR2W5	0	0	0	0
OR2Y1	0	0	0	0
OR2Z1	0	0	0	0
OR3A1	0	0	0	0
OR3A2	0	0	0	0
OR3A3	0	0	0	0
OR3A4P	0	0	0	0
OR4A15	0	0	0	0
OR4A16	0	0	1	0
OR4A47	0	0	0	0
OR4A5	0	0	0	0
OR4B1	0	0	0	0
OR4C11	0	0	0	0
OR4C12	0	0	0	0
OR4C13	0	0	0	0
OR4C15	0	0	0	0
OR4C16	0	0	0	0
OR4C3	0	0	0	0
OR4C45	0	0	0	0
OR4C46	0	0	0	0
OR4C6	0	0	0	0
OR4D1	0	0	0	0
OR4D10	0	0	0	0
OR4D11	0	0	0	0
OR4D2	0	0	0	0
OR4D5	0	0	0	0
OR4D6	0	0	0	0
OR4D9	0	0	0	0
OR4E2	0	0	0	0
OR4F13P	0	0	0	0
OR4F15	0	0	0	0
OR4F16	0	0	0	0
OR4F17	0	0	0	0
OR4F21	0	0	0	0
OR4F29	0	0	0	0
OR4F3	0	0	0	0
OR4F4	0	0	0	0
OR4F5	0	0	0	0
OR4F6	0	0	0	0
OR4K1	0	0	0	0
OR4K13	0	0	0	0
OR4K14	0	0	0	0
OR4K15	0	0	0	0
OR4K17	0	0	0	0
OR4K2	0	0	0	0
OR4K5	0	0	0	0
OR4L1	0	0	0	0
OR4M1	0	0	0	0
OR4M2	3	1	2	1
OR4N2	0	0	0	0
OR4N3P	4	3	3	4
OR4N4	3	9	4	7
OR4N5	0	0	0	0
OR4P4	0	0	0	0
OR4Q3	0	1	0	0
OR4S1	0	0	0	0
OR4S2	0	0	0	0
OR4X1	0	0	0	0
OR4X2	0	0	0	0
OR51A2	0	0	0	0
OR51A4	0	0	0	0
OR51A7	0	0	0	0
OR51B2	0	0	0	0
OR51B4	0	0	0	0
OR51B5	0	0	0	0
OR51B6	0	0	0	0
OR51D1	0	0	0	0
OR51E1	0	0	2	0
OR51E2	0	0	1	0
OR51F1	0	0	0	0
OR51F2	0	0	0	0
OR51G1	0	0	0	0
OR51G2	0	0	0	0
OR51I1	0	0	0	0
OR51I2	0	0	0	0
OR51L1	0	0	0	0
OR51M1	0	0	0	0
OR51Q1	0	0	0	0
OR51S1	0	0	0	0
OR51T1	0	0	0	0
OR51V1	0	0	0	0
OR52A1	0	0	0	0
OR52A5	0	0	0	0
OR52B2	0	0	0	0
OR52B4	0	0	0	0
OR52B6	0	0	0	0
OR52D1	0	0	0	0
OR52E2	0	0	0	0
OR52E4	0	0	0	0
OR52E6	0	0	0	0
OR52E8	0	0	0	0
OR52H1	1	0	0	0
OR52I1	0	0	0	1
OR52I2	0	0	0	0
OR52J3	0	0	0	0
OR52K1	0	0	0	0
OR52K2	0	0	0	0
OR52L1	1	1	0	0
OR52M1	0	0	0	0
OR52N1	0	0	0	0
OR52N2	0	0	0	0
OR52N4	1	2	0	1
OR52N5	0	0	0	0
OR52R1	0	0	0	0
OR52W1	0	0	0	1
OR56A1	0	0	0	0
OR56A3	0	0	0	0
OR56A4	0	0	0	0
OR56A5	0	0	0	1
OR56B1	0	0	0	0
OR56B4	0	0	0	0
OR5A1	0	0	0	0
OR5A2	0	0	0	0
OR5AC2	0	0	0	0
OR5AK2	0	0	0	0
OR5AK4P	0	0	0	0
OR5AN1	0	0	0	0
OR5AP2	0	0	0	0
OR5AR1	0	0	0	0
OR5AS1	0	0	0	0
OR5AU1	0	0	0	0
OR5B12	0	0	1	0
OR5B17	0	0	0	0
OR5B2	0	0	0	0
OR5B21	0	0	0	0
OR5B3	0	0	0	0
OR5C1	0	0	0	0
OR5D13	0	0	0	0
OR5D14	0	0	0	0
OR5D16	0	0	0	0
OR5D18	0	0	0	0
OR5E1P	0	0	0	0
OR5F1	0	0	0	0
OR5H1	0	0	0	0
OR5H14	0	0	0	0
OR5H15	0	0	0	0
OR5H2	0	0	0	0
OR5H6	0	0	0	0
OR5I1	0	0	0	0
OR5J2	0	0	0	0
OR5K1	0	0	0	0
OR5K2	0	0	0	0
OR5K3	0	0	0	0
OR5K4	0	0	0	0
OR5L1	0	0	0	0
OR5L2	0	0	0	0
OR5M1	0	0	0	0
OR5M10	0	0	0	0
OR5M11	2	1	1	1
OR5M3	0	0	0	0
OR5M8	0	0	0	0
OR5M9	0	0	0	0
OR5P2	7	9	5	7
OR5P3	1	0	0	1
OR5R1	0	0	0	0
OR5T1	0	0	0	0
OR5T2	0	0	0	0
OR5T3	0	0	0	0
OR5V1	0	0	0	0
OR5W2	0	0	0	0
OR6A2	0	1	0	0
OR6B1	0	0	0	0
OR6B2	0	0	0	0
OR6B3	0	0	0	0
OR6C1	0	0	0	0
OR6C2	0	0	0	0
OR6C3	0	0	0	0
OR6C4	0	0	0	0
OR6C6	0	0	0	0
OR6C65	0	0	0	0
OR6C68	0	0	0	0
OR6C70	0	0	0	0
OR6C74	0	0	0	0
OR6C75	0	0	0	0
OR6C76	0	0	0	0
OR6F1	0	0	0	0
OR6K2	0	0	0	0
OR6K3	0	0	0	0
OR6K6	0	0	0	0
OR6M1	0	0	0	0
OR6N1	0	0	0	0
OR6N2	0	0	0	0
OR6P1	0	0	0	0
OR6Q1	0	0	0	0
OR6S1	0	0	0	0
OR6T1	0	0	0	0
OR6V1	0	0	0	0
OR6W1P	0	0	2	0
OR6X1	0	0	0	0
OR6Y1	0	0	0	0
OR7A10	0	0	0	0
OR7A17	0	0	0	0
OR7A5	0	0	0	1
OR7C1	0	0	0	0
OR7C2	0	0	0	0
OR7D2	0	0	0	0
OR7D4	0	0	0	0
OR7E12P	0	0	0	0
OR7E14P	106	130	160	148
OR7E156P	0	0	0	1
OR7E24	0	0	0	0
OR7E2P	0	0	0	0
OR7E37P	10	2	2	2
OR7E47P	0	0	1	0
OR7E5P	0	0	0	0
OR7E91P	20	24	11	10
OR7G1	0	0	0	0
OR7G2	0	0	0	0
OR7G3	0	0	0	0
OR8A1	0	0	0	0
OR8B12	0	0	0	0
OR8B2	0	0	0	0
OR8B3	0	0	0	0
OR8B4	0	0	0	0
OR8B8	0	0	0	0
OR8D1	0	0	0	0
OR8D2	0	0	0	0
OR8D4	0	0	0	0
OR8G1	0	0	0	0
OR8G2	0	0	0	0
OR8G5	0	0	0	0
OR8H1	0	0	0	0
OR8H2	0	0	0	0
OR8H3	0	0	0	0
OR8I2	0	0	0	0
OR8J1	0	0	0	0
OR8J3	0	0	0	0
OR8K1	0	0	0	0
OR8K3	0	0	0	0
OR8K5	0	0	0	0
OR8S1	0	0	0	0
OR8U1	0	0	0	0
OR8U8	0	0	0	0
OR9A2	0	0	0	0
OR9A4	0	0	0	0
OR9G1	0	0	0	0
OR9G4	0	0	0	0
OR9G9	0	0	0	0
OR9I1	0	0	0	0
OR9K2	0	0	0	0
OR9Q1	0	0	0	0
OR9Q2	0	0	0	0
ORAI1	832	905	772	688
ORAI2	677	644	846	793
ORAI3	2065	1970	1667	1444
ORAOV1	1094	1112	1013	970
ORC1	1585	1541	621	674
ORC2	3149	2985	2210	2229
ORC3	3733	3677	2715	2678
ORC4	3525	3365	3361	3327
ORC5	1408	1376	1178	1125
ORC6	1039	1068	537	537
ORM1	0	0	1	0
ORM2	0	0	0	0
ORMDL1	3019	3096	3337	3218
ORMDL2	1680	1616	2513	2348
ORMDL3	1711	1736	2463	2392
OS9	10652	10334	17457	16644
OSBP	9141	8654	8513	8232
OSBP2	27282	26131	29162	28069
OSBPL10	1296	1285	1356	1340
OSBPL10-AS1	0	0	0	0
OSBPL11	3201	3122	2337	2243
OSBPL1A	4253	4095	4387	4375
OSBPL2	3852	3863	5191	4723
OSBPL3	5927	5810	4333	4265
OSBPL5	838	740	931	919
OSBPL6	322	328	196	220
OSBPL7	2144	2330	3833	3252
OSBPL8	5609	5200	3384	3448
OSBPL9	7696	7357	6846	6876
OSCAR	18	20	27	24
OSCP1	277	294	313	309
OSER1	5074	5018	3325	3382
OSER1-AS1	263	230	184	191
OSGEP	794	786	661	595
OSGEPL1	566	511	467	493
OSGEPL1-AS1	20	18	10	5
OSGIN1	539	578	384	353
OSGIN2	2919	2867	3069	3149
OSM	0	1	0	1
OSMR	12651	11960	17127	16206
OSMR-AS1	9	6	5	11
OSR1	10	11	21	13
OSR2	673	625	669	716
OST4	3895	3770	4231	3973
OSTC	5661	5471	6257	6067
OSTCP1	0	0	0	0
OSTF1	2174	2060	2327	2250
OSTM1	3133	2925	3816	3762
OSTN	0	0	0	0
OTC	0	0	0	0
OTOA	0	0	1	2
OTOF	2	0	2	2
OTOG	0	0	0	0
OTOGL	9	3	10	7
OTOL1	0	0	0	1
OTOP1	0	0	0	0
OTOP2	13	15	21	28
OTOP3	2	3	11	4
OTOR	0	3	4	6
OTOS	0	0	0	0
OTP	0	0	0	0
OTUB1	7976	7603	6896	6569
OTUB2	87	94	321	309
OTUD1	3140	2924	1995	2003
OTUD3	362	347	302	316
OTUD4	6488	6291	6366	6153
OTUD5	2661	2676	2988	2864
OTUD6A	0	0	0	0
OTUD6B	3132	2867	1864	1915
OTUD6B-AS1	2116	1965	2009	1905
OTUD7A	59	49	149	129
OTUD7B	2299	2172	2090	2121
OTULIN	5249	4959	3491	3416
OTX1	234	249	267	244
OTX2	0	0	0	0
OTX2-AS1	0	0	0	0
OVCA2	164	224	282	258
OVCH1	0	0	0	0
OVCH1-AS1	0	0	0	0
OVCH2	229	198	197	167
OVGP1	657	610	742	632
OVOL1	225	258	289	283
OVOL1-AS1	20	21	43	40
OVOL2	348	332	430	392
OVOL3	1	0	0	0
OXA1L	11130	10940	11237	10482
OXCT1	12091	11445	8952	9294
OXCT1-AS1	22	19	18	9
OXCT2	18	18	18	25
OXER1	0	0	0	0
OXGR1	0	0	0	0
OXLD1	642	631	550	606
OXNAD1	1286	1341	1261	1269
OXR1	5362	5122	3991	4038
OXSM	1038	907	972	975
OXSR1	7925	7914	6392	6374
OXT	0	0	0	0
OXTR	97	79	36	32
P2RX1	3	0	11	1
P2RX2	0	0	0	0
P2RX3	3	1	3	2
P2RX4	759	722	1341	1250
P2RX5	458	506	412	373
P2RX5-TAX1BP3	27	29	32	29
P2RX6	48	48	80	78
P2RX6P	1	0	1	1
P2RX7	10	14	6	5
P2RY1	3	2	0	1
P2RY10	0	0	0	0
P2RY11	86	78	76	72
P2RY12	0	1	2	0
P2RY13	0	0	0	0
P2RY14	0	0	0	0
P2RY2	10606	9998	9787	9351
P2RY4	8	2	2	2
P2RY6	6018	6078	8901	8375
P2RY8	0	0	0	0
P4HA1	2064	1952	4214	3958
P4HA2	2171	2064	3421	3163
P4HA2-AS1	0	0	0	0
P4HA3	10	5	9	14
P4HB	40173	39370	72425	69669
P4HTM	3185	3153	6152	5805
PA2G4	18201	17389	9092	9107
PA2G4P4	4	4	5	5
PAAF1	2028	1860	1690	1659
PABPC1	98118	96015	130665	124662
PABPC1L	939	1120	891	635
PABPC1L2A	0	0	0	0
PABPC1L2B	0	0	0	0
PABPC1L2B-AS1	0	0	0	0
PABPC1P2	0	0	1	0
PABPC3	1	2	6	1
PABPC4	11218	10904	8339	7964
PABPC4L	0	0	0	0
PABPC5	0	0	0	0
PABPC5-AS1	0	0	0	0
PABPN1	1022	1040	967	855
PABPN1L	2	4	0	0
PACRG	3	0	1	3
PACRG-AS1	0	0	0	0
PACRGL	586	594	466	433
PACS1	5751	5690	7094	6823
PACS2	2709	2678	2882	2565
PACSIN1	139	140	290	283
PACSIN2	3517	3517	4564	4527
PACSIN3	5439	5451	4348	4143
PADI1	52	63	68	54
PADI2	156	148	367	366
PADI3	129	90	16	11
PADI4	31	14	1	2
PADI6	2	0	0	0
PAEP	5	2	12	9
PAF1	3835	3663	3186	3146
PAFAH1B1	9507	8981	7685	7916
PAFAH1B2	10157	9549	9379	9611
PAFAH1B3	1025	1011	642	628
PAFAH2	1201	1146	1694	1669
PAG1	18	24	58	53
PAGE1	0	0	0	0
PAGE2	0	0	1	4
PAGE2B	2	0	2	2
PAGE3	0	0	0	0
PAGE4	0	0	0	0
PAGE5	0	0	0	0
PAGR1	2068	1999	1324	1292
PAH	9	11	31	31
PAICS	16054	15410	7367	7561
PAIP1	12162	11505	12940	13124
PAIP2	3647	3501	3768	3803
PAIP2B	663	639	568	577
PAK1	2843	2712	2286	2251
PAK1IP1	2278	2056	1225	1154
PAK2	6726	6324	6087	5924
PAK3	12	10	3	2
PAK4	2259	2123	2025	1814
PAK6	2109	1970	627	568
PAK7	0	0	0	0
PALB2	1919	1909	1404	1450
PALD1	1	0	0	1
PALLD	8905	8886	5879	5640
PALM	27	27	60	64
PALM2	762	838	770	764
PALM2-AKAP2	28	12	16	15
PALM3	11	10	9	22
PALMD	863	764	673	623
PAM	4662	4709	7393	7042
PAM16	113	122	87	100
PAMR1	55	48	7	6
PAN2	3156	3197	2403	2155
PAN3	2447	2446	2116	1950
PAN3-AS1	65	45	38	30
PANDAR	1	2	0	0
PANK1	2052	2023	1272	1319
PANK2	697	720	668	620
PANK3	4245	4020	2503	2484
PANK4	564	580	611	654
PANX1	3022	2942	3286	3111
PANX2	637	646	470	450
PANX3	0	0	0	0
PAOX	265	276	331	347
PAPD4	3283	3158	2828	2788
PAPD5	1416	1336	1170	1097
PAPD7	4691	4844	3059	2925
PAPL	435	344	512	440
PAPLN	83	86	63	53
PAPOLA	17283	16506	12363	12133
PAPOLB	0	0	0	0
PAPOLG	1191	1106	804	786
PAPPA	0	0	1	2
PAPPA-AS1	0	0	1	0
PAPPA2	0	1	0	0
PAPSS1	3299	3096	2592	2559
PAPSS2	749	748	990	1025
PAQR3	1179	1225	885	858
PAQR4	1394	1400	1685	1647
PAQR5	60	47	32	51
PAQR6	741	835	1309	1040
PAQR7	1770	1654	1483	1305
PAQR8	406	420	250	252
PAQR9	0	5	0	0
PARD3	3910	3727	3048	2920
PARD3-AS1	20	13	16	13
PARD3B	992	926	1028	972
PARD6A	92	109	149	134
PARD6B	371	360	788	764
PARD6G	821	818	420	400
PARD6G-AS1	15	4	14	13
PARG	2054	2093	1869	1922
PARGP1	170	156	132	122
PARK2	2	3	5	7
PARK7	5413	5179	4709	4633
PARL	2684	2735	2621	2538
PARM1	20	12	78	59
PARN	3663	3528	3024	2935
PARP1	12230	11953	5611	5688
PARP10	5607	5228	5998	5515
PARP11	608	599	483	413
PARP12	1500	1560	2167	2104
PARP14	6859	6361	6667	6223
PARP15	0	0	0	0
PARP16	502	510	361	398
PARP2	2040	2066	1149	1162
PARP3	1401	1368	1767	1661
PARP4	8013	7516	8208	8169
PARP6	3129	3014	3102	2718
PARP8	1385	1344	1513	1503
PARP9	3528	3300	3948	3724
PARPBP	1936	1828	685	710
PARS2	740	656	637	598
PART1	1	0	2	0
PARVA	5127	4816	5162	5151
PARVB	14	13	10	7
PARVG	0	0	0	0
PASD1	3	0	0	1
PASK	1842	2031	1559	1423
PATE1	0	0	0	0
PATE2	2	2	0	0
PATE3	0	0	0	0
PATE4	0	0	0	0
PATL1	7171	7024	4871	4733
PATL2	18	19	95	82
PATZ1	2246	2236	2324	2280
PAUPAR	1	3	0	0
PAWR	1897	1668	1675	1586
PAX1	0	0	0	0
PAX2	0	0	0	0
PAX3	0	0	0	0
PAX4	0	0	0	0
PAX5	4	5	3	5
PAX6	206	186	167	172
PAX7	35	39	22	21
PAX8	166	165	134	142
PAX8-AS1	2172	2101	1956	1938
PAX9	988	918	623	566
PAXBP1	2945	2938	2551	2369
PAXBP1-AS1	22	28	25	34
PAXIP1	1592	1524	1035	983
PAXIP1-AS1	429	440	406	394
PAXIP1OS	416	387	641	584
PBDC1	1131	1108	899	902
PBK	3365	3261	808	863
PBLD	242	234	331	332
PBOV1	0	0	0	0
PBRM1	4676	4463	3458	3389
PBX1	5411	5036	7379	7412
PBX2	5879	5623	4949	4666
PBX3	653	727	458	455
PBX4	16	14	18	26
PBXIP1	2255	2095	7479	6995
PC	5785	5468	3556	3479
PCA3	0	0	0	0
PCAT1	14	13	14	12
PCAT18	0	0	0	0
PCAT19	1	0	0	0
PCAT2	0	0	0	0
PCAT4	0	0	0	0
PCAT5	2	4	9	4
PCAT6	169	160	252	225
PCBD1	2171	2139	2093	2076
PCBD2	1081	1057	975	924
PCBP1	15814	14907	11006	10970
PCBP1-AS1	159	194	149	150
PCBP2	20951	20295	16483	15988
PCBP2-OT1	2	6	2	4
PCBP3	0	0	0	0
PCBP4	1370	1274	1393	1268
PCCA	3200	2986	3473	3179
PCCA-AS1	0	0	0	0
PCCB	4188	3949	4327	4199
PCDH1	11387	10769	11643	10928
PCDH10	0	0	0	2
PCDH11X	4	4	1	1
PCDH11Y	1	1	2	3
PCDH12	101	79	133	132
PCDH15	2	5	4	0
PCDH17	0	0	1	0
PCDH18	13	18	11	7
PCDH19	8	6	3	2
PCDH20	2	0	1	1
PCDH7	950	853	3464	3533
PCDH8	0	0	0	0
PCDH9	0	0	1	2
PCDH9-AS2	0	0	0	0
PCDH9-AS3	0	0	0	0
PCDH9-AS4	0	0	0	0
PCDHA1	3	7	11	15
PCDHA10	0	0	1	1
PCDHA11	0	0	2	0
PCDHA12	0	0	2	2
PCDHA13	0	0	0	0
PCDHA2	0	0	1	0
PCDHA3	1	3	1	0
PCDHA4	10	9	17	22
PCDHA5	0	0	0	0
PCDHA6	0	0	1	0
PCDHA7	4	2	7	9
PCDHA8	0	0	0	0
PCDHA9	0	0	1	0
PCDHAC1	0	0	0	0
PCDHAC2	1	1	6	6
PCDHB1	0	0	0	0
PCDHB10	103	74	235	225
PCDHB11	92	115	233	223
PCDHB12	75	86	144	141
PCDHB13	50	49	88	80
PCDHB14	302	278	685	706
PCDHB15	60	52	115	120
PCDHB16	19	21	32	42
PCDHB17	4	0	12	6
PCDHB18	4	1	4	3
PCDHB19P	7	6	10	4
PCDHB2	450	476	1790	1699
PCDHB3	22	12	35	21
PCDHB4	14	12	34	26
PCDHB5	5	7	16	11
PCDHB6	173	178	246	195
PCDHB7	30	53	121	124
PCDHB8	79	87	248	244
PCDHB9	120	112	433	448
PCDHGA1	86	99	165	176
PCDHGA10	52	46	52	39
PCDHGA11	22	19	9	5
PCDHGA12	5	7	9	7
PCDHGA2	13	21	28	33
PCDHGA3	3	1	5	4
PCDHGA4	18	14	21	46
PCDHGA5	23	34	31	46
PCDHGA6	22	19	24	27
PCDHGA7	15	15	9	6
PCDHGA8	119	112	143	174
PCDHGA9	8	9	10	5
PCDHGB1	13	11	16	17
PCDHGB2	177	181	335	330
PCDHGB3	22	24	6	19
PCDHGB4	516	516	951	899
PCDHGB5	2	1	0	2
PCDHGB6	5	4	11	6
PCDHGB7	266	236	365	342
PCDHGB8P	6	7	5	3
PCDHGC3	1274	1226	916	878
PCDHGC4	4	4	1	4
PCDHGC5	3	5	11	5
PCDP1	0	0	8	8
PCED1A	1208	1232	1402	1271
PCED1B	182	167	103	99
PCED1B-AS1	0	0	0	2
PCF11	4524	4301	2831	2739
PCGEM1	0	0	0	0
PCGF1	441	464	372	347
PCGF2	1293	1290	1367	1308
PCGF3	3371	3248	3941	3916
PCGF5	5008	4816	5242	5220
PCGF6	763	748	465	473
PCID2	3439	3372	2541	2495
PCIF1	2525	2360	2281	2198
PCK1	0	0	0	2
PCK2	4091	3955	2613	2502
PCLO	303	231	188	220
PCM1	3951	3805	2889	3005
PCMT1	8344	8044	7126	6873
PCMTD1	1737	1627	2164	2048
PCMTD2	3217	3038	3344	3042
PCNA	9284	9225	4504	4628
PCNA-AS1	0	0	1	0
PCNAP1	0	0	0	0
PCNP	10132	9149	6535	6655
PCNT	3975	3790	2097	2011
PCNX	4676	4295	3877	3686
PCNXL2	1098	1047	927	827
PCNXL3	8282	8164	7898	7693
PCNXL4	2553	2377	1819	1617
PCOLCE	215	222	242	205
PCOLCE-AS1	3	3	5	7
PCOLCE2	17	15	2	5
PCP2	23	9	28	29
PCP4	0	0	0	0
PCP4L1	2	0	0	0
PCSK1	582	564	1005	999
PCSK1N	219	273	1043	909
PCSK2	0	0	0	0
PCSK4	229	213	408	403
PCSK5	642	624	1921	1826
PCSK6	4399	4349	5266	5042
PCSK7	5030	4841	6795	6401
PCSK9	5667	5483	5255	4705
PCTP	1855	1774	1510	1567
PCYOX1	11841	11464	22411	21774
PCYOX1L	718	740	842	775
PCYT1A	1717	1621	1377	1304
PCYT1B	1	1	2	0
PCYT1B-AS1	0	0	0	0
PCYT2	2891	2801	2239	2171
PDAP1	7090	6803	5559	5571
PDC	2	3	5	6
PDCD1	0	0	0	0
PDCD10	3840	3710	3685	3897
PDCD11	4211	3966	2895	2755
PDCD1LG2	7	7	67	77
PDCD2	1852	1714	1542	1580
PDCD2L	402	352	268	297
PDCD4	5453	5154	5475	5356
PDCD4-AS1	78	73	61	77
PDCD5	2645	2604	1916	1988
PDCD6	15775	15421	18637	18908
PDCD6IP	11747	11334	11698	11624
PDCD6IPP2	14	18	16	17
PDCD7	1248	1212	881	946
PDCL	1782	1649	1448	1328
PDCL2	1	1	0	0
PDCL3	1270	1280	1024	961
PDCL3P4	2	4	9	14
PDDC1	2897	2984	2744	2514
PDE10A	195	160	141	141
PDE11A	11	19	47	48
PDE12	3083	3082	2879	2887
PDE1A	1	6	3	3
PDE1B	0	0	0	0
PDE1C	18	5	9	5
PDE2A	13	7	12	9
PDE3A	0	0	1	0
PDE3B	3	4	2	2
PDE4A	1309	1331	2180	2053
PDE4B	267	299	204	187
PDE4C	8	1	4	6
PDE4D	7340	7066	16048	15721
PDE4DIP	4236	4096	4741	4529
PDE5A	1213	1189	2381	2359
PDE6A	20	20	17	14
PDE6B	2	0	1	2
PDE6C	0	0	0	0
PDE6D	1056	1056	991	1060
PDE6G	16	10	19	28
PDE6H	2	0	1	1
PDE7A	1114	1079	711	609
PDE7B	270	255	380	403
PDE8A	4951	4931	3885	3789
PDE8B	9	5	8	6
PDE9A	78	81	112	131
PDF	185	203	194	176
PDGFA	2711	2771	2318	2256
PDGFB	564	556	1175	1146
PDGFC	1214	1199	735	754
PDGFD	436	362	461	452
PDGFRA	1	0	2	2
PDGFRB	25	19	5	4
PDGFRL	4	0	7	7
PDHA1	10619	10097	12286	12139
PDHA2	0	0	0	0
PDHB	5463	5382	6894	6900
PDHX	5925	5692	6207	6196
PDIA2	5	2	6	1
PDIA3	46943	45281	68486	65176
PDIA3P1	79	90	91	101
PDIA4	12886	12379	16828	15772
PDIA5	645	624	683	659
PDIA6	27922	27553	40563	39068
PDIK1L	771	750	510	492
PDILT	0	0	0	0
PDK1	1107	1100	787	819
PDK2	1219	1108	1530	1356
PDK3	1575	1406	1278	1305
PDK4	64	71	91	85
PDLIM1	10071	9814	6092	5879
PDLIM2	512	560	671	685
PDLIM3	0	2	0	0
PDLIM4	2	2	2	2
PDLIM5	3438	3236	3965	3847
PDLIM7	2327	2500	2878	2724
PDP1	6725	6236	2680	2532
PDP2	1996	1891	1319	1287
PDPK1	4241	4147	4721	4347
PDPN	0	0	0	0
PDPR	4470	4237	4360	3810
PDRG1	1576	1491	1436	1450
PDS5A	11114	10765	8300	8173
PDS5B	4206	4249	3707	3708
PDSS1	978	996	599	574
PDSS2	2324	2194	2469	2533
PDX1	25	33	35	24
PDX1-AS1	4	0	1	1
PDXDC1	10065	9677	13590	13105
PDXDC2P	1230	1241	1537	1250
PDXK	11946	11558	19280	18337
PDXP	524	485	500	448
PDYN	0	0	1	0
PDZD11	1328	1279	1414	1413
PDZD2	1843	1643	1336	1287
PDZD3	0	1	0	3
PDZD4	1	4	3	1
PDZD7	55	43	37	34
PDZD8	3062	3071	2544	2465
PDZD9	0	0	1	0
PDZK1	62	61	29	35
PDZK1IP1	179	144	1968	1773
PDZK1P2	0	0	0	0
PDZRN3	0	0	0	1
PDZRN4	0	0	1	0
PEA15	5012	4870	5121	4877
PEAK1	2610	2401	1954	1866
PEAR1	350	368	202	168
PEBP1	15423	14825	13707	13863
PEBP4	5	7	7	4
PECAM1	65	49	107	86
PECR	1467	1320	1760	1713
PEF1	2802	2648	2229	2089
PEG10	754	677	103	123
PEG3	0	0	0	0
PEG3-AS1	0	0	0	0
PELI1	346	313	253	249
PELI2	524	465	166	167
PELI3	582	651	588	647
PELO	2269	2373	2270	2248
PELP1	2884	2866	2217	2096
PEMT	891	935	632	630
PENK	1	0	0	0
PEPD	2759	2623	4151	3990
PER1	1114	1110	1022	879
PER2	2202	2206	2848	2575
PER3	238	213	130	123
PER4	0	0	0	0
PERM1	1	3	3	4
PERP	72453	67682	56737	56105
PES1	4494	4469	2838	2695
PET100	1250	1254	1769	1850
PET112	2256	1963	1981	1927
PET117	189	192	185	169
PEX1	3352	3199	2696	2588
PEX10	560	523	573	544
PEX11A	1093	923	1393	1332
PEX11B	1742	1668	1605	1624
PEX11G	94	73	174	130
PEX12	722	666	621	618
PEX13	3252	3003	2930	2898
PEX14	637	638	491	481
PEX16	1259	1262	1061	994
PEX19	3456	3276	3535	3507
PEX2	3574	3411	3999	3994
PEX26	3612	3439	2797	2801
PEX3	1887	1800	1724	1705
PEX5	2594	2433	1971	2017
PEX5L	3	3	3	4
PEX6	2854	2626	4002	3685
PEX7	731	671	821	849
PF4	1	3	3	8
PF4V1	0	0	0	0
PFAS	2192	2182	1275	1142
PFDN1	2791	2598	2771	2654
PFDN2	1078	1065	877	804
PFDN4	1873	1589	1280	1385
PFDN5	5428	4927	4859	5054
PFDN6	2389	2451	2383	2340
PFKFB1	5	2	17	15
PFKFB2	7555	6865	7397	7239
PFKFB3	2510	2295	4271	3986
PFKFB4	567	576	286	246
PFKL	5182	4980	3524	3431
PFKM	5916	5557	5215	5054
PFKP	9921	9688	10562	10324
PFN1	31081	31222	30729	30198
PFN1P2	3	2	2	7
PFN2	455	418	577	560
PFN3	0	0	0	0
PFN4	47	39	45	41
PGA3	0	0	0	0
PGA4	0	0	0	0
PGA5	0	0	0	0
PGAM1	28798	27020	20774	20439
PGAM1P5	6	6	10	5
PGAM2	5	11	53	47
PGAM4	9	10	6	6
PGAM5	2363	2374	1744	1702
PGAP1	2566	2309	947	966
PGAP2	2069	2010	2051	1940
PGAP3	1359	1377	3390	3198
PGBD1	1050	950	635	651
PGBD2	301	306	279	276
PGBD3	0	0	0	0
PGBD4	154	158	103	94
PGBD5	9	8	9	6
PGC	0	1	2	2
PGCP1	1	0	0	0
PGD	8119	7532	5891	5803
PGF	47	66	14	12
PGGT1B	1444	1408	1102	1129
PGK1	32953	30982	31511	31421
PGK2	3	2	4	7
PGLS	2089	2074	2244	2120
PGLYRP1	0	0	0	0
PGLYRP2	0	0	0	0
PGLYRP3	7	0	19	13
PGLYRP4	48	56	290	256
PGM1	8538	8186	7659	7634
PGM2	10147	9585	5422	5418
PGM2L1	853	737	1996	1963
PGM3	4631	4604	5479	5410
PGM5	6	16	5	5
PGM5-AS1	0	1	1	3
PGM5P2	22	25	27	18
PGP	1959	2050	1559	1515
PGPEP1	1140	1101	1133	1073
PGPEP1L	1	1	0	0
PGR	0	0	0	0
PGRMC1	6260	6204	6392	6196
PGRMC2	6143	6239	12886	12679
PGS1	800	837	901	830
PHACTR1	2	0	1	0
PHACTR2	3731	3376	4002	3921
PHACTR3	29	26	38	35
PHACTR4	2422	2240	1373	1440
PHAX	2983	2832	2399	2300
PHB	9886	9344	8043	7871
PHB2	11416	11188	8619	8149
PHC1	1288	1411	1380	1197
PHC2	4136	3979	3736	3565
PHC3	3181	2825	2814	2715
PHEX	439	477	365	359
PHEX-AS1	0	0	4	0
PHF1	1441	1414	1533	1469
PHF10	1936	1885	1735	1570
PHF11	1634	1516	1774	1705
PHF12	2112	2185	2137	2077
PHF13	576	575	538	497
PHF14	3792	3557	2947	2961
PHF19	3676	3752	1300	1289
PHF2	2572	2474	2212	2125
PHF20	4405	4051	4031	3940
PHF20L1	7041	6599	6063	6019
PHF21A	1901	1827	1829	1714
PHF21B	1	1	0	0
PHF23	1863	1727	1784	1781
PHF3	8984	8605	8186	7960
PHF5A	1992	1834	1194	1286
PHF6	3877	3562	2836	2733
PHF7	300	350	286	275
PHF8	2142	2116	1883	1675
PHGDH	8026	7525	2235	2197
PHGR1	0	0	0	4
PHIP	9312	8842	7063	6765
PHKA1	2307	2283	2314	2087
PHKA2	2108	2139	1942	1823
PHKA2-AS1	10	24	46	45
PHKB	9098	8434	8066	7864
PHKG1	47	47	36	34
PHKG2	1434	1333	1770	1596
PHLDA1	885	854	1495	1467
PHLDA2	135	140	187	149
PHLDA3	10465	10348	8174	8051
PHLDB1	9179	9209	7539	6955
PHLDB2	7889	7456	14759	14140
PHLDB3	370	378	188	192
PHLPP1	1261	1132	1104	1119
PHLPP2	1289	1232	1378	1308
PHOSPHO1	28	32	10	16
PHOSPHO2	187	195	163	148
PHOSPHO2-KLHL23	4	3	0	1
PHOX2A	0	0	0	0
PHOX2B	1	2	0	0
PHPT1	3090	3191	2411	2343
PHRF1	2503	2551	2537	2334
PHTF1	1410	1428	1334	1326
PHTF2	3820	3859	1838	1857
PHYH	3018	2875	4057	3868
PHYHD1	4	4	1	3
PHYHIP	64	71	37	28
PHYHIPL	52	46	41	44
PHYKPL	814	749	853	791
PI15	85	64	64	60
PI16	1	1	1	0
PI3	91	61	209	212
PI4K2A	4765	4548	3469	3279
PI4K2B	3867	3615	1461	1515
PI4KA	3740	3431	3265	3197
PI4KAP1	1018	1080	832	714
PI4KAP2	675	700	602	522
PI4KB	3894	3789	3934	3674
PIANP	0	0	0	0
PIAS1	1925	1840	1576	1542
PIAS2	1186	1181	1110	1101
PIAS3	1531	1405	1108	988
PIAS4	638	647	658	590
PIBF1	1230	1183	1094	1048
PICALM	13572	12931	19969	20305
PICK1	1256	1226	1484	1357
PID1	65	72	155	147
PIDD1	2379	2645	1132	1015
PIEZO1	14618	14694	20826	19607
PIEZO2	1	0	1	2
PIF1	1509	1564	274	242
PIFO	80	77	59	66
PIGA	855	846	666	603
PIGB	1345	1276	1474	1431
PIGC	1846	1800	1746	1732
PIGF	1074	1022	1123	1068
PIGG	4611	4392	6923	6522
PIGH	806	795	938	939
PIGK	2407	2325	2465	2292
PIGL	241	242	251	227
PIGM	1472	1320	1268	1222
PIGN	2934	2810	3377	3217
PIGO	4188	4092	6474	6327
PIGP	1298	1265	2354	2273
PIGQ	3001	3046	4187	3815
PIGR	72	65	474	480
PIGS	5257	5305	7852	7507
PIGT	9822	9832	13619	12339
PIGU	1992	1964	1848	1792
PIGV	757	726	1019	935
PIGW	1075	1077	531	567
PIGX	2315	2370	2477	2398
PIGY	0	0	0	0
PIGZ	399	416	865	803
PIH1D1	2308	2269	1695	1733
PIH1D2	133	107	96	67
PIH1D3	1	0	1	1
PIK3AP1	23	23	53	74
PIK3C2A	7171	6705	6387	6216
PIK3C2B	3249	2961	3658	3661
PIK3C2G	10	5	8	13
PIK3C3	2390	2140	2293	2288
PIK3CA	1453	1342	1206	1224
PIK3CB	2981	2873	2914	2766
PIK3CD	290	290	357	374
PIK3CG	0	0	2	3
PIK3IP1	1445	1397	3125	2811
PIK3R1	1800	1671	1068	1031
PIK3R2	3532	3562	2763	2661
PIK3R3	4081	3728	3340	3194
PIK3R4	3123	3001	2745	2608
PIK3R5	1	0	0	0
PIK3R6	2	1	0	1
PIKFYVE	4974	4743	4374	4155
PILRA	29	27	45	39
PILRB	46	44	28	24
PIM1	992	962	440	374
PIM2	502	483	379	398
PIM3	4837	4879	8280	7917
PIN1	1574	1486	1398	1417
PIN1P1	0	0	0	0
PIN4	813	738	857	826
PIN4P1	2	3	2	3
PINK1	2458	2330	3873	4026
PINK1-AS	323	281	481	449
PINLYP	8	4	4	3
PINX1	434	432	230	239
PIP	1	0	56	51
PIP4K2A	776	714	739	700
PIP4K2B	4159	3952	3425	3304
PIP4K2C	4348	4466	5260	5269
PIP5K1A	3977	3984	3229	3259
PIP5K1B	276	276	563	556
PIP5K1C	1975	1966	3330	3136
PIP5K1P1	0	0	0	0
PIP5KL1	56	53	41	57
PIPOX	2	0	1	1
PIPSL	4	3	7	3
PIR	1789	1660	814	842
PIR-FIGF	4	7	4	1
PIRT	0	0	0	0
PISD	1376	1421	1568	1447
PISRT1	0	0	0	0
PITHD1	1129	1115	783	804
PITPNA	4836	4747	6286	6234
PITPNA-AS1	384	345	301	250
PITPNB	6543	6386	4697	4735
PITPNC1	544	526	545	529
PITPNM1	11309	11249	17010	16067
PITPNM2	1479	1436	1455	1223
PITPNM3	1827	1809	1585	1432
PITRM1	5362	5547	6497	6354
PITRM1-AS1	39	56	52	42
PITX1	4620	4400	5060	4478
PITX2	64	56	44	22
PITX3	0	0	1	0
PIWIL1	2	0	0	0
PIWIL2	0	1	3	0
PIWIL3	0	1	0	0
PIWIL4	27	22	127	109
PJA1	1887	1753	1449	1492
PJA2	7397	7025	7186	7133
PKD1	3072	3120	3274	3026
PKD1L1	8	7	8	9
PKD1L2	14	18	24	24
PKD1L3	1	0	0	0
PKD1P1	5955	5997	5627	5306
PKD2	3425	3371	4256	4136
PKD2L1	1	0	2	0
PKD2L2	3	2	3	3
PKDCC	87	94	44	42
PKDREJ	0	2	0	1
PKHD1	24	22	167	151
PKHD1L1	0	0	0	0
PKI55	251	281	552	525
PKIA	249	254	156	158
PKIB	64	50	134	117
PKIG	912	821	1046	1111
PKLR	5	0	0	1
PKM	200756	191120	207769	201903
PKMYT1	2335	2501	1088	1016
PKN1	3520	3475	3927	3756
PKN2	5812	5733	4648	4573
PKN2-AS1	11	5	11	8
PKN3	284	330	129	114
PKNOX1	1343	1393	1131	1064
PKNOX2	10	8	1	0
PKP1	248	198	35	34
PKP2	2168	2191	2099	2112
PKP3	9332	9340	6921	6779
PKP4	6476	6451	3769	3571
PLA1A	3	1	4	2
PLA2G10	41	43	128	122
PLA2G12A	3720	3633	4162	4239
PLA2G12B	0	0	0	0
PLA2G15	461	427	797	747
PLA2G16	954	981	1072	1056
PLA2G1B	1	0	0	0
PLA2G2A	0	0	1	0
PLA2G2C	0	0	0	0
PLA2G2D	0	0	0	0
PLA2G2E	0	0	0	0
PLA2G2F	0	1	1	0
PLA2G3	1	0	1	0
PLA2G4A	706	684	492	476
PLA2G4B	28	33	22	22
PLA2G4C	4	12	61	67
PLA2G4D	67	49	44	53
PLA2G4E	9	8	5	8
PLA2G4F	16	11	10	14
PLA2G5	0	0	0	0
PLA2G6	444	411	292	236
PLA2G7	0	2	3	3
PLA2R1	1886	1886	4459	4271
PLAA	1553	1525	1525	1427
PLAC1	68	74	123	111
PLAC4	136	146	166	132
PLAC8	125	140	43	61
PLAC8L1	3	3	8	7
PLAC9	1	0	0	1
PLAG1	52	45	47	51
PLAGL1	1106	1091	754	664
PLAGL2	1535	1564	1173	1110
PLAT	475	395	253	258
PLAU	779	756	880	857
PLAUR	748	749	3302	3071
PLB1	116	142	49	44
PLBD1	73	85	213	211
PLBD2	1533	1454	2718	2593
PLCB1	88	98	34	38
PLCB2	11	6	7	2
PLCB3	5680	5608	4065	3759
PLCB4	166	147	148	159
PLCD1	168	207	286	256
PLCD3	9330	9128	7814	7675
PLCD4	47	40	38	39
PLCE1	386	423	349	353
PLCE1-AS1	0	0	0	0
PLCG1	3457	3466	3447	3155
PLCG2	544	523	312	312
PLCH1	78	67	43	33
PLCH2	2279	2461	689	546
PLCL1	14	31	13	18
PLCL2	58	71	41	37
PLCXD1	0	0	0	0
PLCXD2	93	91	89	98
PLCXD3	3	4	4	4
PLCZ1	0	0	0	1
PLD1	3554	3393	3144	3039
PLD2	2295	2179	2063	1933
PLD3	4904	4801	5901	5401
PLD4	0	0	0	0
PLD5	0	0	1	0
PLD6	238	296	190	149
PLEC	53887	52148	64514	63009
PLEK	1	2	1	2
PLEK2	1098	1104	1348	1306
PLEKHA1	4761	4609	5838	5812
PLEKHA2	3389	3269	3258	3225
PLEKHA3	987	987	1276	1292
PLEKHA4	521	493	294	244
PLEKHA5	1659	1602	1211	1155
PLEKHA6	3752	3471	3103	2949
PLEKHA7	1498	1406	1950	1770
PLEKHA8	1897	1763	1910	1859
PLEKHA8P1	203	179	281	288
PLEKHB1	85	108	195	176
PLEKHB2	11811	11384	16582	16778
PLEKHD1	5	6	11	15
PLEKHF1	704	677	516	538
PLEKHF2	7776	7328	6285	6413
PLEKHG1	482	496	572	567
PLEKHG2	1073	1078	1118	1009
PLEKHG3	2203	2254	1433	1327
PLEKHG4	64	57	38	24
PLEKHG4B	27	28	14	12
PLEKHG5	425	463	254	185
PLEKHG6	299	320	345	322
PLEKHG7	1	3	91	59
PLEKHH1	13075	12597	21453	19172
PLEKHH2	1081	1021	1078	981
PLEKHH3	2720	2813	2180	1898
PLEKHJ1	1396	1481	1500	1549
PLEKHM1	1427	1272	1562	1322
PLEKHM1P	427	401	507	436
PLEKHM2	1908	1895	1536	1409
PLEKHM3	704	695	1013	904
PLEKHN1	122	109	141	131
PLEKHO1	96	82	64	76
PLEKHO2	164	142	123	131
PLEKHS1	31	31	137	104
PLET1	0	1	1	1
PLG	0	0	0	0
PLGLA	0	2	0	0
PLGLB1	0	0	0	0
PLGLB2	1	0	0	1
PLGRKT	1145	1092	1590	1689
PLIN1	61	51	136	103
PLIN2	6	5	2	4
PLIN3	4486	4202	4737	4760
PLIN4	1015	954	143	117
PLIN5	37	68	64	49
PLK1	9593	9400	1762	1685
PLK2	23511	23053	20432	19240
PLK3	341	365	263	236
PLK4	2409	2472	755	739
PLK5	0	1	5	3
PLLP	0	0	5	2
PLN	0	0	1	0
PLOD1	2444	2324	4397	4057
PLOD2	6384	6133	6641	6559
PLOD3	3235	3168	4902	4504
PLP1	1	0	0	0
PLP2	10516	10337	8569	8333
PLRG1	4381	4255	3488	3375
PLS1	3563	3285	3820	3880
PLS3	52576	50864	38406	39368
PLS3-AS1	67	84	48	66
PLSCR1	2901	2609	2583	2379
PLSCR2	2	1	0	0
PLSCR3	50	42	47	44
PLSCR4	213	226	295	271
PLSCR5	0	0	0	0
PLTP	1704	1647	843	878
PLVAP	0	0	1	0
PLXDC1	11	13	23	24
PLXDC2	135	145	38	46
PLXNA1	9424	8931	6707	6346
PLXNA2	5383	4810	2418	2447
PLXNA3	1396	1356	2246	1878
PLXNA4	26	24	62	51
PLXNB1	12056	11965	13956	12339
PLXNB2	27395	26933	37139	34557
PLXNB3	1040	1022	738	687
PLXNC1	42	33	56	47
PLXND1	799	812	902	811
PM20D1	0	0	0	0
PM20D2	5759	5357	3107	3114
PMAIP1	803	781	1027	1100
PMCH	2	0	0	1
PMCHL1	0	0	0	0
PMCHL2	1	0	0	0
PMEL	138	148	246	217
PMEPA1	9337	9587	40118	39861
PMF1	755	704	598	589
PMF1-BGLAP	14	18	10	7
PMFBP1	16	10	4	11
PML	5157	4808	6714	6139
PMM1	531	573	345	346
PMM2	3234	3202	3374	3287
PMP2	0	0	0	0
PMP22	101	137	71	55
PMPCA	3368	3364	3425	3246
PMPCB	5411	5043	5229	5345
PMS1	1432	1407	1012	1023
PMS2	2254	2085	1906	1758
PMS2CL	519	507	481	484
PMS2L2	27	40	53	38
PMS2P1	608	588	514	530
PMS2P3	209	206	167	149
PMS2P4	137	134	102	100
PMS2P5	259	247	306	282
PMS2P9	121	112	161	127
PMVK	1485	1410	1228	1239
PNCK	6	9	4	6
PNISR	9033	9410	8903	7725
PNKD	2129	1965	4801	4195
PNKP	1346	1380	1236	1159
PNLDC1	12	16	14	16
PNLIP	0	0	0	0
PNLIPRP1	0	0	0	0
PNLIPRP2	4	11	2	0
PNLIPRP3	6	2	4	5
PNMA1	868	873	1441	1363
PNMA2	15	17	8	12
PNMA3	2	3	3	2
PNMA5	0	0	0	0
PNMA6A	0	0	0	0
PNMAL1	417	376	326	339
PNMAL2	0	0	0	0
PNMT	0	0	0	0
PNN	8553	9175	7733	7007
PNO1	1891	1938	1438	1415
PNOC	0	0	0	0
PNP	3510	3298	1697	1729
PNPLA1	4	5	2	1
PNPLA2	3470	3689	8800	7639
PNPLA3	495	504	84	88
PNPLA4	1840	1924	2621	2533
PNPLA5	0	0	0	0
PNPLA6	3323	3137	3231	2923
PNPLA7	136	101	180	143
PNPLA8	3010	2698	3220	3149
PNPO	3632	3449	2325	2321
PNPT1	4177	3933	2842	2726
PNRC1	5285	4786	5890	5590
PNRC2	3765	3746	3433	3333
POC1A	1600	1536	469	595
POC1B	1432	1416	2046	2133
POC1B-GALNT4	5	8	7	3
POC5	686	678	417	390
PODN	0	0	1	0
PODNL1	366	413	348	314
PODXL	4218	4014	8516	8419
PODXL2	972	835	1731	1649
POF1B	3531	3282	3530	3513
POFUT1	7623	7322	7789	7397
POFUT2	1456	1474	2085	1938
POGK	3796	3654	3157	3085
POGLUT1	694	609	571	533
POGZ	3811	3727	3975	3716
POLA1	2552	2590	1239	1241
POLA2	3100	3169	1764	1861
POLB	660	622	641	657
POLD1	2194	2335	1241	1253
POLD2	11110	10699	7026	7002
POLD3	2923	2894	1681	1668
POLD4	2796	2648	5385	5306
POLDIP2	8538	8371	7870	7604
POLDIP3	5256	5131	4383	4159
POLE	5370	5678	2963	2807
POLE2	613	629	246	287
POLE3	6088	5825	3478	3431
POLE4	1705	1602	1926	1927
POLG	5049	5120	5122	4723
POLG2	495	460	337	321
POLH	6668	6445	2469	2378
POLI	2340	2230	2059	1945
POLK	1737	1550	1467	1381
POLL	1209	1175	1156	1072
POLM	1756	1750	2457	2358
POLN	30	35	76	64
POLQ	2074	2140	655	598
POLR1A	4311	3807	2591	2485
POLR1B	4843	4653	2112	2139
POLR1C	2338	2311	1592	1532
POLR1D	6588	6093	4416	4194
POLR1E	1055	1021	554	518
POLR2A	13593	12464	13454	13032
POLR2B	11117	10663	10713	10513
POLR2C	2938	2872	2518	2482
POLR2D	1929	1871	1215	1209
POLR2E	5547	5446	4734	4695
POLR2F	1631	1654	1480	1387
POLR2G	4890	4840	3733	3953
POLR2H	2445	2245	1837	1645
POLR2I	988	1074	822	737
POLR2J	1463	1383	1237	1277
POLR2J2	55	43	73	54
POLR2J3	139	118	146	137
POLR2J4	372	332	349	399
POLR2K	3482	3408	3711	3897
POLR2L	3974	3784	4838	4740
POLR2M	197	180	175	164
POLR3A	1739	1752	1386	1338
POLR3B	1808	1719	1390	1408
POLR3C	1582	1451	1252	1223
POLR3D	437	464	371	333
POLR3E	1628	1646	1481	1451
POLR3F	376	357	253	227
POLR3G	519	525	187	191
POLR3GL	539	562	385	404
POLR3H	1942	2043	1347	1322
POLR3K	1031	1074	951	932
POLRMT	2457	2529	2334	2166
POM121	3573	3570	3072	2931
POM121C	2963	3022	2526	2317
POM121L10P	1	2	2	2
POM121L12	0	0	0	0
POM121L1P	0	0	0	0
POM121L2	6	3	2	4
POM121L4P	0	0	0	0
POM121L8P	0	2	2	2
POM121L9P	5	6	16	7
POMC	0	0	0	0
POMGNT1	5948	5862	8418	7830
POMGNT2	920	885	1151	1111
POMK	93	96	82	89
POMP	6379	6094	5849	5839
POMT1	669	676	695	648
POMT2	1813	1821	1742	1708
POMZP3	301	302	221	228
PON1	1	3	11	16
PON2	4516	4469	14544	14363
PON3	772	741	3421	3256
POP1	3552	3504	1968	1961
POP4	1805	1752	1376	1440
POP5	1187	1161	1096	1067
POP7	1202	1230	956	904
POPDC2	16	22	8	15
POPDC3	982	1005	623	615
POR	4153	4082	4556	4312
PORCN	1284	1243	2000	1887
POSTN	1	1	2	2
POT1	1823	1827	1377	1350
POTEA	0	0	0	0
POTEB	0	0	0	0
POTEB2	0	0	0	0
POTEC	0	0	4	0
POTED	0	0	0	0
POTEE	0	0	0	0
POTEF	0	0	0	0
POTEG	0	0	0	0
POTEH	0	0	0	0
POTEH-AS1	0	0	0	0
POTEI	0	0	0	0
POTEJ	0	0	0	0
POTEKP	2	0	0	0
POTEM	0	0	1	0
POU1F1	0	0	0	0
POU2AF1	25	17	2	0
POU2F1	1848	1629	1176	1209
POU2F2	1	10	3	10
POU2F3	277	271	408	347
POU3F1	15	14	4	4
POU3F2	0	0	0	0
POU3F3	0	0	0	0
POU3F4	0	0	0	0
POU4F1	0	0	0	1
POU4F2	0	0	0	1
POU4F3	1	4	0	3
POU5F1	1	0	0	0
POU5F1B	23	20	22	21
POU5F1P3	0	0	0	0
POU5F1P4	0	0	0	0
POU5F2	1	0	0	2
POU6F1	138	131	69	82
POU6F2	0	0	0	0
POU6F2-AS1	0	0	0	0
PP12613	0	1	0	0
PP14571	599	530	1893	1815
PP2D1	0	1	0	1
PP7080	1568	1463	1176	1121
PPA1	13042	12366	12301	12389
PPA2	8337	7971	8919	9417
PPAN	197	247	136	151
PPAN-P2RY11	22	19	18	7
PPAP2A	606	539	769	765
PPAP2B	1546	1329	3210	3021
PPAP2C	1615	1500	2975	2880
PPAPDC1A	38	40	29	28
PPAPDC1B	570	605	1154	1062
PPAPDC2	1142	1103	1169	1093
PPAPDC3	1	0	0	0
PPARA	2077	1905	2077	2065
PPARD	2201	2038	2931	2742
PPARG	554	522	447	505
PPARGC1A	7106	6661	9312	8989
PPARGC1B	210	163	57	43
PPAT	1833	1830	1052	1026
PPBP	8	5	165	183
PPBPP2	0	1	0	0
PPCDC	781	765	809	855
PPCS	4944	4881	6175	6345
PPDPF	7048	7499	11276	11111
PPEF1	0	1	2	2
PPEF1-AS1	0	0	0	0
PPEF2	2	1	1	0
PPFIA1	5460	5248	5646	5422
PPFIA2	0	0	0	0
PPFIA3	113	110	88	95
PPFIA4	5	7	11	10
PPFIBP1	5199	4874	3276	3100
PPFIBP2	431	432	490	415
PPHLN1	3220	3283	2565	2464
PPIA	151215	141612	98963	100783
PPIAL4B	0	0	0	0
PPIAL4C	0	0	0	0
PPIAL4D	0	0	0	0
PPIAL4E	0	0	0	0
PPIAL4F	0	0	0	0
PPIAL4G	2	3	3	1
PPIAP30	0	1	3	2
PPIB	25603	24834	39837	38119
PPIC	7155	7227	15432	14361
PPID	2232	2038	1601	1648
PPIE	2675	2576	2001	1997
PPIEL	166	221	336	235
PPIF	15155	14703	7686	7783
PPIG	4875	4552	3878	3836
PPIH	1986	1794	1138	1130
PPIL1	3486	3455	1846	1921
PPIL2	2662	2615	2613	2451
PPIL3	1631	1496	1330	1340
PPIL4	1817	1592	1519	1479
PPIL6	90	69	158	151
PPIP5K1	3340	3171	2888	2663
PPIP5K2	3503	3425	2056	2125
PPL	8494	8081	8405	8340
PPM1A	3311	3121	3317	3210
PPM1B	2958	2879	2635	2469
PPM1D	1467	1465	934	982
PPM1E	0	1	0	1
PPM1F	1494	1468	1300	1142
PPM1G	7352	7204	5507	5379
PPM1H	1056	1011	1648	1582
PPM1J	243	235	755	659
PPM1K	710	694	684	670
PPM1L	175	159	154	139
PPM1M	325	289	309	321
PPM1N	89	85	91	90
PPME1	5100	5018	4409	4360
PPOX	700	689	726	612
PPP1CA	13091	12646	10600	10341
PPP1CB	16031	14966	10717	10612
PPP1CC	12793	12536	8640	8748
PPP1R10	5198	4965	4313	4199
PPP1R11	4017	3940	4716	4557
PPP1R12A	3810	3594	2967	2994
PPP1R12B	1716	1672	1621	1429
PPP1R12C	3434	3555	4141	3655
PPP1R13B	1575	1634	1461	1405
PPP1R13L	7184	7295	5484	4980
PPP1R14A	0	2	1	1
PPP1R14B	11567	11266	8408	8514
PPP1R14C	2954	2860	3288	3229
PPP1R14D	7	3	39	20
PPP1R15A	1731	1721	2063	2011
PPP1R15B	7313	7274	7498	7475
PPP1R16A	1699	1775	1871	1759
PPP1R16B	1	1	0	1
PPP1R17	0	0	0	0
PPP1R18	2279	2314	1393	1317
PPP1R1A	0	0	1	2
PPP1R1B	3	1	1	4
PPP1R1C	116	118	144	157
PPP1R2	3198	3193	3138	3276
PPP1R21	1353	1300	1375	1330
PPP1R26	2214	2236	1889	1796
PPP1R26-AS1	158	153	126	127
PPP1R27	0	1	0	0
PPP1R2P3	0	0	0	2
PPP1R2P9	0	0	0	0
PPP1R32	25	19	13	8
PPP1R35	837	898	738	683
PPP1R36	13	12	14	16
PPP1R37	1565	1553	1805	1678
PPP1R3A	0	0	0	1
PPP1R3B	791	807	1025	1022
PPP1R3C	699	606	2399	2377
PPP1R3D	1331	1210	1440	1383
PPP1R3E	349	380	268	248
PPP1R3F	204	201	294	271
PPP1R3G	5	2	2	0
PPP1R42	5	0	2	3
PPP1R7	3292	3086	2722	2617
PPP1R8	2016	1919	1577	1588
PPP1R9A	241	208	296	296
PPP1R9B	6992	6883	8488	7635
PPP2CA	11301	10996	9472	9666
PPP2CB	1930	1853	2076	1975
PPP2R1A	17321	16237	15883	15447
PPP2R1B	11185	11048	11485	11140
PPP2R2A	1628	1630	1624	1607
PPP2R2B	581	610	143	147
PPP2R2B-IT1	0	0	0	0
PPP2R2C	2704	2620	4461	4328
PPP2R2D	1967	1969	2251	2090
PPP2R3A	3775	3636	5893	5813
PPP2R3B	0	0	0	0
PPP2R3C	1074	1029	892	907
PPP2R4	8197	7794	7424	6933
PPP2R5A	5323	5084	5119	4966
PPP2R5B	611	612	815	796
PPP2R5C	8338	7827	6711	6692
PPP2R5D	5947	5818	3953	3844
PPP2R5E	3741	3650	3320	3237
PPP3CA	3991	3834	4421	4386
PPP3CB	3402	3295	3266	3297
PPP3CC	363	352	397	391
PPP3R1	3532	3422	3219	3161
PPP3R2	0	0	0	0
PPP4C	3553	3247	3382	3511
PPP4R1	8116	7862	7058	6990
PPP4R1L	191	175	171	179
PPP4R2	2694	2576	2122	2112
PPP4R4	69	70	11	10
PPP5C	3656	3594	2747	2707
PPP5D1	7	2	1	0
PPP6C	4690	4490	4455	4479
PPP6R1	8208	7963	7991	7818
PPP6R2	2767	2685	2821	2777
PPP6R3	11427	11019	9426	8978
PPRC1	2432	2505	1705	1586
PPT1	16666	16233	22385	21670
PPT2	1104	1134	1158	1055
PPT2-EGFL8	133	149	103	102
PPTC7	3760	3629	7951	7723
PPWD1	1435	1498	1021	974
PPY	2	1	0	0
PPY2	0	0	0	0
PQBP1	1969	1840	1614	1585
PQLC1	1260	1318	1692	1707
PQLC2	263	251	419	405
PQLC3	1498	1524	1897	1929
PRAC1	0	0	0	0
PRAC2	0	0	0	0
PRADC1	754	711	1428	1397
PRAF2	608	599	1005	871
PRAM1	1	1	0	0
PRAME	0	0	0	0
PRAMEF1	0	0	0	0
PRAMEF10	0	0	0	0
PRAMEF11	0	0	0	0
PRAMEF12	0	0	0	0
PRAMEF14	0	0	0	0
PRAMEF15	0	0	0	0
PRAMEF16	0	0	0	0
PRAMEF17	0	0	0	0
PRAMEF19	0	0	0	0
PRAMEF2	0	0	0	0
PRAMEF20	0	0	0	0
PRAMEF22	0	0	0	0
PRAMEF4	0	0	0	0
PRAMEF5	0	0	0	0
PRAMEF6	0	0	0	0
PRAMEF7	0	0	0	0
PRAMEF8	0	0	0	0
PRAMEF9	0	0	0	0
PRAP1	0	0	0	0
PRB1	0	0	1	2
PRB2	0	0	0	0
PRB3	32	26	15	12
PRB4	0	0	0	0
PRC1	18975	18257	5271	5153
PRC1-AS1	20	6	9	10
PRCC	3010	3048	2537	2519
PRCD	2	1	1	3
PRCP	5643	5297	8023	7894
PRDM1	395	373	370	354
PRDM10	952	881	959	898
PRDM11	768	700	441	404
PRDM12	19	11	14	10
PRDM13	0	0	0	0
PRDM14	0	0	0	0
PRDM15	660	675	523	489
PRDM16	0	0	0	0
PRDM2	1312	1221	1151	1023
PRDM4	2723	2637	2971	2948
PRDM5	557	532	242	242
PRDM6	6	7	19	17
PRDM7	1	0	1	0
PRDM8	2	0	0	1
PRDM9	0	0	0	0
PRDX1	42297	40031	27581	27427
PRDX2	14629	13864	18280	17738
PRDX3	16292	15400	15667	16090
PRDX4	5786	5684	5799	5617
PRDX5	23138	21511	18731	18619
PRDX6	24120	23065	15385	15318
PREB	2690	2461	2719	2490
PRELID1	7254	7141	5299	5353
PRELID2	316	328	98	113
PRELP	5	4	3	2
PREP	7582	7268	5596	5646
PREPL	4246	3972	3214	3289
PREX1	235	213	202	211
PREX2	0	0	0	0
PRF1	2	1	1	0
PRG1	0	0	0	0
PRG2	2	0	2	1
PRG3	0	0	0	0
PRG4	6	1	15	10
PRH1	4	0	8	3
PRH1-PRR4	31	30	29	18
PRH2	2	3	2	1
PRICKLE1	31	29	13	8
PRICKLE2	487	463	761	692
PRICKLE2-AS1	0	1	0	0
PRICKLE2-AS2	0	0	0	0
PRICKLE2-AS3	2	2	4	3
PRICKLE3	928	888	540	505
PRICKLE4	1962	2083	4996	4223
PRIM1	1440	1515	546	627
PRIM2	1792	1698	798	878
PRIMA1	17	14	8	8
PRIMPOL	799	715	502	521
PRKAA1	9302	8967	10288	9820
PRKAA2	1492	1381	1803	1696
PRKAB1	1757	1686	3571	3420
PRKAB2	3407	3371	1828	1734
PRKACA	4692	4468	3399	3388
PRKACB	2610	2548	1890	1971
PRKACG	0	0	0	0
PRKAG1	3928	3817	3350	3245
PRKAG2	1630	1610	1104	1169
PRKAG2-AS1	21	8	10	12
PRKAG3	1	1	1	0
PRKAR1A	15366	14620	15620	15501
PRKAR1B	2146	2067	1549	1468
PRKAR2A	2648	2567	1766	1737
PRKAR2A-AS1	87	106	113	120
PRKAR2B	62	73	288	276
PRKCA	521	482	769	756
PRKCB	2	3	0	0
PRKCD	8347	7951	9018	8570
PRKCDBP	734	746	858	843
PRKCE	755	636	632	602
PRKCG	7	6	11	13
PRKCH	1434	1346	1364	1383
PRKCI	4896	4692	4316	4349
PRKCQ	334	346	170	189
PRKCQ-AS1	392	396	197	216
PRKCSH	17342	16738	20913	19990
PRKCZ	543	547	603	571
PRKD1	39	41	37	26
PRKD2	2934	3011	2439	2263
PRKD3	4291	4252	2983	2953
PRKDC	13658	12148	7219	7377
PRKG1	7	3	3	6
PRKG1-AS1	63	62	38	38
PRKG2	106	91	41	29
PRKRA	2494	2531	2282	2287
PRKRIP1	172	209	210	242
PRKRIR	8243	8176	5294	5519
PRKX	1722	1735	673	656
PRKX-AS1	0	0	0	0
PRKXP1	305	315	400	385
PRKY	1	0	1	0
PRL	2	2	15	9
PRLH	0	0	0	0
PRLHR	0	0	0	0
PRLR	0	0	0	0
PRM1	0	0	0	0
PRM2	0	0	0	0
PRM3	0	0	0	0
PRMT1	5203	4994	3490	3352
PRMT2	3182	2971	3075	2813
PRMT3	2925	2774	1393	1375
PRMT5	5954	5601	3903	3831
PRMT6	1755	1619	1298	1216
PRMT7	1847	1813	1808	1533
PRMT8	0	1	0	0
PRMT9	918	862	970	967
PRNCR1	4	3	3	2
PRND	0	1	1	0
PRNP	4726	4775	4891	4775
PRNT	0	0	0	0
PROB1	50	48	93	75
PROC	25	14	8	13
PROCA1	11	8	12	8
PROCR	303	244	114	115
PRODH	1483	1456	506	499
PRODH2	0	0	0	0
PROK1	0	0	0	0
PROK2	0	1	0	0
PROKR1	0	0	0	1
PROKR2	0	0	0	0
PROL1	0	0	0	0
PROM1	12	21	25	16
PROM2	28044	27161	37118	33696
PROP1	0	0	0	0
PRORSD1P	58	78	42	65
PRORY	0	0	0	0
PROS1	1995	1921	4196	4217
PROSC	1288	1237	1577	1390
PROSER1	5239	5170	3532	3365
PROSER2	2153	2293	2189	2147
PROSER2-AS1	4	1	2	0
PROX1	4	3	5	6
PROX2	0	0	0	0
PROZ	1	1	0	0
PRPF18	1202	1103	1051	1050
PRPF19	11076	10728	6560	6446
PRPF3	3703	3624	2937	2679
PRPF31	4540	4430	3468	3459
PRPF38A	3039	2983	1912	1858
PRPF38B	4461	4519	3272	3045
PRPF39	2001	2044	1636	1600
PRPF4	4191	4140	2650	2567
PRPF40A	10244	10024	7718	7560
PRPF40B	948	964	849	748
PRPF4B	8926	8909	7422	7457
PRPF6	6912	6724	5525	5470
PRPF8	27189	25470	18201	18319
PRPH	0	0	0	0
PRPH2	0	0	0	0
PRPS1	4083	4224	5769	5764
PRPS1L1	0	0	0	0
PRPS2	3219	3187	1730	1788
PRPSAP1	2453	2354	1782	1700
PRPSAP2	1952	1900	1314	1350
PRR11	7268	7045	1532	1528
PRR12	2401	2206	2411	2217
PRR13	5616	5440	5470	5318
PRR14	1395	1524	1149	1026
PRR14L	2827	2501	2470	2310
PRR15	124	133	404	373
PRR15L	111	125	584	575
PRR16	4	2	2	0
PRR18	0	0	0	0
PRR19	66	68	50	54
PRR20A	0	0	0	0
PRR20B	0	0	0	0
PRR20C	0	0	0	0
PRR20D	0	0	0	0
PRR20E	0	0	0	0
PRR21	0	0	0	0
PRR22	197	215	147	141
PRR23A	1	1	1	3
PRR23B	0	0	0	0
PRR23C	0	0	0	0
PRR23D1	0	0	0	0
PRR23D2	0	0	0	0
PRR24	127	153	227	168
PRR25	1	0	0	1
PRR26	0	0	0	0
PRR27	0	0	0	0
PRR29	1	1	3	3
PRR3	756	684	518	497
PRR30	0	0	0	0
PRR32	0	0	1	0
PRR34	9	22	4	9
PRR35	1	0	1	0
PRR4	1	1	1	0
PRR5	668	642	420	372
PRR5-ARHGAP8	0	0	0	0
PRR5L	243	266	668	605
PRR7	163	160	91	74
PRR7-AS1	13	5	3	2
PRR9	1	0	0	0
PRRC1	3547	3347	4213	4228
PRRC2A	27514	25936	16824	16113
PRRC2B	11448	10229	9704	9327
PRRC2C	19632	17809	14024	13628
PRRG1	1228	1157	1385	1331
PRRG2	430	460	748	837
PRRG3	0	0	0	0
PRRG4	4488	4248	2511	2610
PRRT1	240	266	216	178
PRRT2	27	34	29	20
PRRT3	56	49	92	82
PRRT3-AS1	8	7	10	8
PRRT4	4	7	10	4
PRRX1	0	0	0	0
PRRX2	0	0	0	0
PRSS1	0	1	0	1
PRSS12	2399	2140	830	763
PRSS16	1505	1391	1812	1776
PRSS2	0	0	0	0
PRSS21	0	0	0	0
PRSS22	1042	1151	4258	4040
PRSS23	3242	3218	11193	11202
PRSS27	229	188	341	289
PRSS3	1	0	1	1
PRSS30P	0	0	2	1
PRSS33	0	0	0	0
PRSS35	5	0	8	5
PRSS36	21	26	71	57
PRSS37	2	0	2	3
PRSS38	0	0	0	0
PRSS3P2	0	0	0	1
PRSS41	0	0	0	0
PRSS42	0	0	0	0
PRSS45	0	0	0	0
PRSS46	0	0	0	1
PRSS48	0	0	0	0
PRSS50	1	0	1	1
PRSS53	178	183	122	115
PRSS54	0	0	0	0
PRSS55	0	0	0	0
PRSS56	2	3	3	2
PRSS57	1	0	0	0
PRSS58	0	0	0	0
PRSS8	2402	2372	6871	6323
PRTFDC1	84	77	64	67
PRTG	837	797	1047	963
PRTN3	1	1	1	5
PRUNE	1968	1811	1412	1365
PRUNE2	46	44	94	97
PRX	367	333	295	315
PRY	0	0	0	0
PRY2	0	0	0	0
PSAP	69599	68373	117712	110899
PSAPL1	126	110	35	43
PSAT1	13131	12671	4014	4150
PSCA	355	369	4687	4388
PSD	36	32	47	43
PSD2	3	2	3	1
PSD3	2069	1851	1059	1001
PSD4	3056	2896	3226	3160
PSEN1	5630	5673	8663	8338
PSEN2	1880	1823	1743	1807
PSENEN	1903	1763	2442	2436
PSG1	64	66	261	259
PSG10P	1	0	0	1
PSG11	0	1	2	2
PSG2	10	2	18	20
PSG3	9	23	344	405
PSG4	583	577	1719	1714
PSG5	60	56	141	144
PSG6	11	9	95	100
PSG7	0	1	0	0
PSG8	13	11	247	248
PSG9	37	39	116	101
PSIP1	6078	5788	2743	2896
PSKH1	1646	1530	2216	2079
PSKH2	0	0	0	0
PSMA1	9790	9471	7620	7667
PSMA2	11475	10701	7833	8255
PSMA3	7908	7701	6227	6330
PSMA4	14601	14154	10510	10775
PSMA5	8556	8265	7489	7456
PSMA6	9669	9002	7828	8100
PSMA7	12786	12539	11330	11144
PSMA8	0	0	0	0
PSMB1	4495	4351	3459	3591
PSMB10	2461	2219	3718	3662
PSMB11	0	0	0	0
PSMB2	8139	7868	6374	6183
PSMB3	4905	4578	3751	3654
PSMB4	8232	7565	6582	6608
PSMB5	8505	8041	7101	7107
PSMB6	4554	4428	3625	3609
PSMB7	5321	5203	4586	4545
PSMB8	7016	6354	9438	9404
PSMB9	2365	2247	3108	2989
PSMC1	7535	7499	6380	6495
PSMC2	5368	5128	4947	4952
PSMC3	10800	10676	7464	7430
PSMC3IP	523	556	262	285
PSMC4	3787	3743	3284	3173
PSMC5	5417	5460	4617	4471
PSMC6	6356	6159	5459	5410
PSMD1	10942	10479	8707	8638
PSMD10	3691	3348	2618	2571
PSMD11	7042	7252	5837	5857
PSMD12	5368	5036	4063	4175
PSMD13	6277	5910	4876	4762
PSMD14	6518	6316	5254	5145
PSMD2	17822	17279	15504	15255
PSMD3	7149	7176	5990	5939
PSMD4	5451	5325	4996	4999
PSMD5	3344	3298	2539	2533
PSMD5-AS1	1576	1437	1612	1529
PSMD6	4758	4673	4312	4416
PSMD6-AS2	58	60	65	67
PSMD7	8362	8159	6983	7186
PSMD8	6618	6424	6558	6598
PSMD9	2314	2200	1761	1819
PSME1	10985	10117	10954	10782
PSME2	7303	7130	7146	6961
PSME3	10647	10284	8711	8834
PSME4	8552	8375	6497	6527
PSMF1	2631	2595	2503	2395
PSMG1	3692	3543	2239	2208
PSMG2	3746	3700	2882	2773
PSMG3	3614	3365	2191	2101
PSMG3-AS1	806	705	1269	1175
PSMG4	290	280	284	294
PSORS1C1	76	68	65	77
PSORS1C2	0	0	2	2
PSORS1C3	0	0	0	0
PSPC1	2897	2744	1770	1776
PSPH	2622	2362	875	904
PSPN	3	2	2	6
PSRC1	1335	1334	247	234
PSTK	206	206	183	170
PSTPIP1	3	2	2	4
PSTPIP2	5390	5334	2748	2675
PTAFR	1746	1717	2488	2345
PTAR1	3050	3018	2691	2580
PTBP1	18977	19398	15013	14522
PTBP2	461	512	367	312
PTBP3	10808	10243	7993	8089
PTCD1	40	32	28	23
PTCD2	695	670	565	539
PTCD3	5044	5054	4922	4752
PTCH1	722	777	612	534
PTCH2	9	8	13	7
PTCHD1	0	0	0	0
PTCHD1-AS	1	1	0	0
PTCHD2	16	14	57	48
PTCHD3	0	0	0	0
PTCHD4	128	112	76	77
PTCRA	1	0	1	0
PTCSC3	1	0	0	1
PTDSS1	9039	9130	6272	5903
PTDSS2	2214	2116	3029	2767
PTEN	5941	5755	7263	7430
PTENP1	114	109	82	84
PTENP1-AS	45	30	19	18
PTER	2149	2082	2794	2850
PTF1A	0	0	0	0
PTGDR	0	0	0	0
PTGDR2	4	5	0	0
PTGDS	1	1	0	1
PTGER1	2	3	5	5
PTGER2	3	3	6	9
PTGER3	2	0	0	0
PTGER4	66	74	23	30
PTGER4P2-CDK2AP2P2	63	67	68	74
PTGES	23263	23442	90808	87706
PTGES2	3058	3008	2916	2602
PTGES2-AS1	71	79	68	58
PTGES3	22464	21277	13249	13716
PTGES3L	25	23	40	46
PTGES3L-AARSD1	3	1	5	8
PTGFR	2	1	10	7
PTGFRN	10799	10382	18484	17607
PTGIR	0	0	0	0
PTGIS	26	18	11	9
PTGR1	7155	6630	4489	4504
PTGR2	1571	1510	1619	1642
PTGS1	2294	2021	2931	2767
PTGS2	503	553	3254	3050
PTH	0	0	0	0
PTH1R	5	7	3	5
PTH2	0	0	0	0
PTH2R	0	0	0	0
PTHLH	311	270	80	88
PTK2	13953	13246	12701	12439
PTK2B	714	663	342	311
PTK6	1517	1478	2134	2087
PTK7	12123	11458	9188	8654
PTMA	70652	66581	40856	41313
PTMS	2779	2777	1710	1570
PTN	1	1	0	0
PTOV1	2861	2771	3350	3045
PTOV1-AS1	3	10	1	4
PTP4A1	116097	110487	175542	176168
PTP4A2	7980	7796	9871	9544
PTP4A3	300	301	293	284
PTPDC1	951	973	685	657
PTPLA	755	731	719	787
PTPLAD1	6106	6098	8004	7850
PTPLAD2	237	208	198	168
PTPLB	4366	4318	5339	4994
PTPMT1	4523	4552	5141	5286
PTPN1	6538	6279	5136	4985
PTPN11	15367	14776	11746	11549
PTPN12	5236	5089	4666	4677
PTPN13	5881	5226	2764	2766
PTPN14	4382	3890	1787	1748
PTPN18	2697	2702	2435	2317
PTPN2	2663	2644	2338	2272
PTPN20B	5	3	4	4
PTPN21	1259	1179	1756	1665
PTPN22	102	88	109	121
PTPN23	4027	4074	4300	3892
PTPN3	2488	2406	3058	2944
PTPN4	2224	2110	2138	2011
PTPN5	0	0	0	0
PTPN6	1606	1502	2030	1976
PTPN7	0	0	0	0
PTPN9	4238	4013	3608	3505
PTPRA	2707	2702	2760	2695
PTPRB	1267	1363	1850	1665
PTPRC	6	4	8	6
PTPRCAP	70	81	84	75
PTPRD	0	0	0	1
PTPRD-AS2	0	0	0	0
PTPRE	938	982	2027	1849
PTPRF	29116	27141	33758	32107
PTPRG	1639	1643	1175	1270
PTPRG-AS1	41	43	24	26
PTPRH	1155	1098	2683	2512
PTPRJ	1109	1162	2598	2373
PTPRK	11741	11344	13550	12941
PTPRM	2795	2770	3867	3481
PTPRN	1	0	1	1
PTPRN2	21	23	39	35
PTPRO	0	0	0	0
PTPRQ	2	1	3	3
PTPRR	2646	2577	5758	5612
PTPRS	8350	7941	9083	8396
PTPRT	0	0	0	1
PTPRU	4626	4650	5084	4868
PTPRVP	10	3	8	10
PTPRZ1	7	4	16	10
PTRF	12387	12533	10174	10394
PTRH1	243	256	217	208
PTRH2	1368	1253	1221	1195
PTRHD1	785	729	813	800
PTS	2232	2201	2858	2821
PTTG1	5173	5103	936	858
PTTG1IP	21207	20979	59132	57585
PTTG2	0	0	0	0
PTTG3P	0	0	0	0
PTX3	4	0	4	3
PTX4	1	2	1	1
PUF60	10923	10434	8266	7948
PUM1	3455	3304	3607	3466
PUM2	12215	11331	8776	8332
PURA	2704	2536	2167	2066
PURB	8362	7922	7171	6973
PURG	0	0	0	0
PUS1	1191	1161	818	745
PUS10	887	761	502	489
PUS3	1046	928	826	879
PUS7	1768	1786	1077	1083
PUS7L	1041	1001	639	586
PUSL1	348	330	350	307
PVALB	0	0	0	0
PVR	4431	4268	3993	3845
PVRIG	4	3	7	7
PVRIG2P	0	0	0	0
PVRL1	22989	22101	13042	12357
PVRL2	3647	3551	6973	6433
PVRL3	1202	1319	4074	3870
PVRL3-AS1	1	2	4	2
PVRL4	7210	6646	5988	5592
PVT1	1455	1479	818	736
PWAR1	0	4	3	4
PWAR4	0	0	0	0
PWAR5	172	157	125	115
PWARSN	61	55	70	69
PWP1	3792	3626	2788	2875
PWP2	2313	2240	1529	1557
PWRN1	0	0	0	0
PWRN2	0	0	0	0
PWWP2A	1099	1120	867	936
PWWP2B	2145	2169	2686	2599
PXDC1	5491	5351	5580	5544
PXDN	1276	1224	1677	1714
PXDNL	17	20	29	21
PXK	809	757	554	523
PXMP2	1083	1012	771	801
PXMP4	2542	2474	2448	2389
PXN	13108	13224	10833	10394
PXN-AS1	112	108	60	43
PXT1	99	82	10	9
PXYLP1	1010	933	1359	1313
PYCARD	416	403	466	432
PYCR1	1529	1475	599	566
PYCR2	2370	2331	1995	1998
PYCRL	1618	1652	1357	1339
PYDC1	0	0	0	0
PYDC2	0	0	0	0
PYGB	2651	2528	3194	3185
PYGL	28384	27969	43470	43412
PYGM	27	14	17	17
PYGO1	561	509	378	345
PYGO2	2579	2621	2443	2235
PYHIN1	39	37	15	23
PYROXD1	2351	2192	2081	2186
PYROXD2	433	463	738	601
PYURF	0	0	0	0
PYY	9	9	3	1
PYY2	1	2	6	5
PZP	4	1	2	2
QARS	14196	13670	13645	12922
QDPR	1992	1867	1505	1424
QKI	2121	2061	1423	1433
QPCT	1141	1038	3223	3093
QPCTL	727	739	772	726
QPRT	18	8	24	19
QRFP	1	0	0	0
QRFPR	0	0	0	0
QRICH1	4328	4580	4084	3911
QRICH2	242	217	383	315
QRSL1	3816	3670	3326	3306
QSER1	10273	9537	5664	5598
QSOX1	6424	6256	24561	23103
QSOX2	1504	1586	1168	1150
QTRT1	1274	1381	1063	1015
QTRTD1	1911	1910	1286	1178
R3HCC1	1021	968	863	882
R3HCC1L	1283	1254	1193	1064
R3HDM1	4446	4408	2618	2655
R3HDM2	2734	2759	2324	2280
R3HDM4	2025	2022	2630	2660
R3HDML	1	0	0	0
RAB10	10883	10267	10587	10320
RAB11A	10395	9638	12683	12317
RAB11B	2565	2506	3358	3052
RAB11B-AS1	150	151	216	194
RAB11FIP1	1855	1788	3057	3129
RAB11FIP2	1644	1554	1290	1290
RAB11FIP3	1296	1234	1438	1370
RAB11FIP4	1980	1955	2570	2524
RAB11FIP5	2113	2025	2646	2586
RAB12	2171	1980	1968	1969
RAB13	3172	2916	3092	3005
RAB14	9526	9127	8834	8743
RAB15	2977	2883	2768	2666
RAB17	1540	1423	2178	1983
RAB18	5366	5045	5509	5810
RAB19	54	69	118	99
RAB1A	9888	9592	9785	9844
RAB1B	14977	13626	16181	15549
RAB20	1785	1606	1980	1935
RAB21	2408	2306	1827	1864
RAB22A	4367	4314	4340	4389
RAB23	1742	1600	1129	1004
RAB24	1039	947	975	854
RAB25	3919	3652	4787	4558
RAB26	779	731	874	755
RAB27A	1341	1228	975	1001
RAB27B	4600	4188	5459	5373
RAB28	1202	1131	906	966
RAB29	762	665	395	391
RAB2A	3670	3529	4867	4934
RAB2B	565	580	623	600
RAB30	1151	1145	765	768
RAB30-AS1	171	171	158	149
RAB31	3640	3459	7884	7913
RAB32	3861	3571	2150	2276
RAB33A	1	3	0	1
RAB33B	880	771	787	800
RAB34	3735	3641	2705	2738
RAB35	3462	3223	3467	3384
RAB36	63	63	36	43
RAB37	14	7	22	14
RAB38	244	260	80	58
RAB39A	0	0	0	0
RAB39B	0	0	0	0
RAB3A	224	202	250	239
RAB3B	50	36	28	20
RAB3C	1	0	0	1
RAB3D	1481	1473	2265	2194
RAB3GAP1	4576	4421	4308	4260
RAB3GAP2	4109	3886	3521	3227
RAB3IL1	59	74	33	34
RAB3IP	3014	2988	2186	2254
RAB40A	6	2	8	8
RAB40AL	6	3	1	5
RAB40B	397	390	436	366
RAB40C	1447	1551	1302	1224
RAB41	0	0	0	0
RAB42	12	11	30	31
RAB43	95	117	181	155
RAB44	38	42	66	37
RAB4A	2640	2746	2559	2600
RAB4B	0	0	0	1
RAB4B-EGLN2	2	0	2	6
RAB5A	3636	3674	4061	4266
RAB5B	10967	10216	13513	12933
RAB5C	6249	5992	6613	6736
RAB6A	13242	12659	10520	10689
RAB6B	20	23	27	39
RAB6C	3	0	0	1
RAB6C-AS1	0	0	0	0
RAB7A	12986	12710	14566	14442
RAB8A	3828	3744	3404	3295
RAB8B	868	814	1679	1625
RAB9A	2353	2232	3067	3208
RAB9B	31	30	31	25
RAB9BP1	0	0	0	0
RABAC1	1060	1044	2387	2272
RABEP1	4694	4444	4882	4978
RABEP2	1106	1075	1314	1149
RABEPK	1080	1030	782	737
RABGAP1	4317	4196	4717	4399
RABGAP1L	1770	1695	1433	1464
RABGEF1	2124	2037	2152	2156
RABGGTA	1484	1471	1522	1440
RABGGTB	5534	5341	4263	4268
RABIF	1704	1655	1646	1603
RABL2A	301	295	266	260
RABL2B	1385	1413	1341	1262
RABL3	2337	2166	2252	2173
RABL6	5980	5985	5408	5185
RAC1	19115	18966	18170	17842
RAC2	1849	1715	1631	1427
RAC3	220	245	146	131
RACGAP1	10029	9531	2477	2560
RACGAP1P	0	0	0	0
RAD1	4786	4630	3418	3344
RAD17	2307	2078	1871	1873
RAD18	2318	2321	1503	1603
RAD21	39807	38071	19227	19406
RAD21-AS1	29	13	15	13
RAD21L1	5	1	3	4
RAD23A	5014	4841	4016	3755
RAD23B	20242	19441	15172	15418
RAD50	8223	7915	6709	6569
RAD51	1441	1417	649	702
RAD51-AS1	118	127	162	117
RAD51AP1	2711	2786	795	866
RAD51AP2	6	5	5	9
RAD51B	187	191	93	85
RAD51C	1855	1841	728	694
RAD51D	651	630	388	365
RAD51L3-RFFL	1	0	0	0
RAD52	648	635	449	445
RAD54B	1308	1251	608	649
RAD54L	1343	1271	444	425
RAD54L2	730	748	610	587
RAD9A	974	1003	712	659
RAD9B	63	70	51	51
RADIL	0	0	1	0
RAE1	4004	3958	2894	2831
RAET1E	704	730	689	617
RAET1E-AS1	67	61	58	46
RAET1G	1616	1516	1024	978
RAET1K	58	51	42	48
RAET1L	16	9	6	9
RAF1	5835	5846	5483	5388
RAG1	837	804	605	596
RAG2	0	1	1	0
RAI1	3269	3239	3440	3374
RAI14	9509	8929	7839	7546
RAI2	1	0	2	2
RALA	5814	5449	4956	5088
RALB	5915	5484	6249	6324
RALBP1	7361	6795	7847	7591
RALGAPA1	325	342	324	322
RALGAPA1P	3	3	1	1
RALGAPA2	1498	1402	2225	2070
RALGAPB	9461	8592	8900	8935
RALGDS	3357	3106	2441	2246
RALGPS1	1087	1055	1647	1539
RALGPS2	4269	4040	3418	3391
RALY	6934	6814	7525	7391
RALYL	0	0	0	0
RAMP1	180	172	203	211
RAMP2	7	4	3	4
RAMP2-AS1	4	1	1	1
RAMP3	1	0	0	1
RAN	25507	24954	12505	12216
RANBP1	5951	5994	2821	2940
RANBP10	1421	1326	1491	1399
RANBP17	724	768	776	713
RANBP2	9905	9383	8452	8400
RANBP3	2758	2783	2545	2496
RANBP3L	0	0	0	0
RANBP6	3582	3572	3511	3585
RANBP9	4461	4464	4657	4711
RANGAP1	12267	11925	5933	5610
RANGRF	764	776	541	501
RAP1A	3708	3343	4103	4122
RAP1B	6942	6632	6716	6641
RAP1GAP	378	390	303	268
RAP1GAP2	1021	1062	2489	2367
RAP1GDS1	2739	2584	2425	2506
RAP2A	5073	4684	5078	5061
RAP2B	7216	7350	2508	2461
RAP2C	2141	2050	1697	1721
RAP2C-AS1	22	25	19	19
RAPGEF1	2541	2440	2071	2013
RAPGEF2	1607	1513	2086	2016
RAPGEF3	390	375	487	450
RAPGEF4	22	42	7	4
RAPGEF4-AS1	0	1	0	0
RAPGEF5	1013	1022	426	351
RAPGEF6	1737	1669	1346	1276
RAPGEFL1	1733	1670	1218	1073
RAPH1	4753	4798	8804	8487
RAPSN	20	28	33	30
RARA	635	674	865	730
RARA-AS1	115	102	142	147
RARB	646	591	655	660
RARG	5552	5432	4481	4126
RARRES1	1850	1715	18221	17061
RARRES2	21	10	52	60
RARRES3	293	270	903	857
RARS	7033	6669	5405	5574
RARS2	3474	3144	3219	3156
RASA1	3095	3021	2973	2952
RASA2	439	415	659	584
RASA3	1387	1356	1115	1085
RASA4	172	183	234	235
RASA4B	7	7	8	2
RASA4CP	25	7	48	57
RASAL1	23	28	10	4
RASAL2	4145	3936	2865	2709
RASAL2-AS1	23	25	20	25
RASAL3	0	0	0	0
RASD1	71	86	1433	1231
RASD2	29	33	26	13
RASEF	1808	1668	1960	1858
RASGEF1A	10	8	25	21
RASGEF1B	17	20	71	60
RASGEF1C	0	2	0	1
RASGRF1	387	353	140	127
RASGRF2	5	3	3	2
RASGRF2-AS1	0	0	0	0
RASGRP1	66	60	215	222
RASGRP2	24	21	3	4
RASGRP3	62	50	218	210
RASGRP4	0	2	2	3
RASIP1	246	275	241	169
RASL10A	3	8	11	4
RASL10B	99	89	156	198
RASL11A	110	102	348	308
RASL11B	36	28	5	8
RASL12	0	0	0	0
RASSF1	1285	1337	947	935
RASSF1-AS1	3	5	1	6
RASSF10	1760	1722	713	736
RASSF2	73	83	87	85
RASSF3	798	780	640	685
RASSF4	402	364	537	566
RASSF5	2664	2537	3468	3386
RASSF6	1963	1677	502	437
RASSF7	1824	1790	2924	2742
RASSF8	872	885	1562	1527
RASSF8-AS1	50	34	142	135
RASSF9	0	0	0	0
RAVER1	3337	3352	2337	2159
RAVER2	2016	2000	1461	1484
RAX	0	0	0	0
RAX2	0	0	0	0
RB1	9540	9055	6818	6785
RB1CC1	3033	2715	2828	2733
RBAK	3105	3013	3041	2927
RBAK-RBAKDN	1	0	0	1
RBAKDN	1	1	1	1
RBBP4	9817	9460	9468	9328
RBBP5	1560	1569	1323	1359
RBBP6	6149	5964	5043	4953
RBBP7	20357	19624	16239	16158
RBBP8	3916	4012	2684	2729
RBBP8NL	512	433	362	330
RBBP9	977	942	718	705
RBCK1	1880	1915	2124	1983
RBFA	1345	1211	831	810
RBFADN	4	3	7	5
RBFOX1	0	0	0	0
RBFOX2	5567	5432	4486	4352
RBFOX3	0	0	0	0
RBKS	326	347	470	475
RBL1	2569	2523	1347	1243
RBL2	5553	5269	4253	4084
RBM10	2976	2910	2279	2164
RBM11	11	13	5	4
RBM12	6423	6124	4238	3979
RBM12B	3568	3460	2144	1986
RBM12B-AS1	1	3	1	2
RBM14	3187	3177	2589	2452
RBM14-RBM4	11	2	7	0
RBM15	1454	1338	806	773
RBM15B	5341	5265	5754	5473
RBM17	4373	4232	3508	3378
RBM18	1818	1722	1933	1921
RBM19	1568	1505	1222	1146
RBM20	10	14	27	29
RBM22	2927	2898	2030	2028
RBM23	4824	4657	4225	4031
RBM24	13	8	3	9
RBM25	6917	7069	5717	5559
RBM26	5220	5151	3613	3428
RBM26-AS1	65	88	81	82
RBM27	3347	3024	2125	2093
RBM28	1650	1673	1023	996
RBM3	14683	15053	11631	12591
RBM33	3448	3517	3301	2840
RBM34	2556	2396	2238	2187
RBM38	2010	2006	1161	1100
RBM39	18656	18346	18657	16791
RBM4	2607	2561	3116	2868
RBM41	3351	3234	2821	2679
RBM42	2498	2497	2198	2136
RBM43	1013	929	768	703
RBM44	43	27	30	33
RBM45	711	651	556	595
RBM46	1	1	2	5
RBM47	6780	6553	7828	7797
RBM48	556	541	469	433
RBM4B	969	925	1075	977
RBM5	4433	4470	4303	3960
RBM5-AS1	0	0	1	1
RBM6	4205	4281	4396	3782
RBM7	5461	5104	4223	4202
RBM8A	6654	6264	5098	5179
RBMS1	3785	3800	3619	3552
RBMS2	3580	3451	4875	4685
RBMS3	279	284	241	211
RBMS3-AS1	0	0	0	0
RBMS3-AS3	1	1	0	5
RBMX	15783	15552	10449	10621
RBMX2	1095	950	764	808
RBMXL1	1235	1248	757	769
RBMXL2	0	0	0	0
RBMXL3	0	0	0	0
RBMY1A1	0	0	0	0
RBMY1A3P	0	0	0	0
RBMY1B	0	0	0	0
RBMY1D	0	0	0	0
RBMY1E	0	0	0	0
RBMY1F	0	0	0	0
RBMY1J	0	0	0	0
RBMY2EP	0	0	0	0
RBMY2FP	0	0	0	0
RBMY3AP	0	0	0	0
RBP1	1774	1533	1538	1461
RBP2	1	0	0	2
RBP3	1	3	4	6
RBP4	21	22	83	77
RBP5	11	11	23	24
RBP7	0	0	0	0
RBPJ	3767	3646	3168	2962
RBPJL	0	0	0	0
RBPMS	555	510	1004	955
RBPMS-AS1	11	18	25	37
RBPMS2	173	183	276	262
RBX1	2220	2056	1832	1816
RC3H1	2182	2157	2371	2234
RC3H2	2596	2487	2471	2282
RCAN1	1873	1864	1649	1704
RCAN2	0	1	6	3
RCAN3	430	406	463	424
RCAN3AS	2	5	1	6
RCBTB1	2964	2809	2869	2667
RCBTB2	1446	1328	1406	1313
RCC1	4100	3847	2229	2193
RCC2	7385	7159	4719	4508
RCCD1	2243	2223	1252	1246
RCE1	1297	1227	1256	1191
RCHY1	1689	1690	1578	1516
RCL1	1258	1281	656	677
RCN1	14155	13826	24741	24184
RCN2	9283	8854	11086	11130
RCN3	19	24	41	32
RCOR1	3789	3784	3449	3288
RCOR2	47	37	30	20
RCOR3	1520	1610	1487	1433
RCSD1	3057	2712	177	186
RCVRN	1	0	0	0
RD3	1	0	1	0
RD3L	0	0	0	0
RDH10	3358	3267	7659	7457
RDH11	8831	8452	7388	7081
RDH12	11	10	1	1
RDH13	1496	1435	1890	1758
RDH14	102	141	175	138
RDH16	131	97	48	51
RDH5	16	16	20	23
RDH8	0	0	0	0
RDM1	118	87	28	24
RDX	28241	26215	26397	25865
REC114	0	0	1	0
REC8	166	156	198	156
RECK	383	392	313	262
RECQL	3558	3443	2271	2302
RECQL4	2884	2937	1453	1369
RECQL5	1598	1552	1437	1425
REEP1	665	707	1211	1106
REEP2	77	95	38	40
REEP3	3259	3119	4446	4345
REEP4	2401	2400	1040	965
REEP5	12933	12630	18614	18095
REEP6	659	645	1018	964
REG1A	0	0	0	0
REG1B	0	0	0	0
REG1P	0	0	0	0
REG3A	0	0	0	0
REG3G	0	0	0	0
REG4	0	0	1	0
REL	2517	2340	2419	2224
RELA	5271	5209	4909	4726
RELB	574	603	1155	1122
RELL1	348	388	568	557
RELL2	222	209	206	188
RELN	4	14	67	79
RELT	789	782	1018	881
REM1	0	0	0	0
REM2	14	21	15	10
REN	10	7	11	12
RENBP	2	2	0	3
REP15	37	42	23	23
REPIN1	6182	6311	6828	6344
REPS1	6670	6579	5460	5333
REPS2	298	273	531	503
RER1	3422	3475	4391	4336
RERE	1688	1688	1782	1726
REREP3	12	11	32	14
RERG	192	188	186	179
RERG-AS1	0	0	0	0
RERGL	0	0	0	0
RESP18	0	0	0	0
REST	3572	3293	3668	3683
RET	14	9	60	32
RETN	0	0	0	0
RETNLB	0	0	0	0
RETSAT	7372	7155	9312	8960
REV1	1908	1879	1671	1438
REV3L	5190	5330	3676	3678
REXO1	1238	1381	1183	1146
REXO1L2P	0	0	0	0
REXO2	8291	8005	7989	7866
REXO4	1549	1431	1164	1161
RFC1	4379	4215	3028	3037
RFC2	2706	2681	1478	1400
RFC3	4354	4417	1713	1761
RFC4	1889	2006	1001	985
RFC5	3031	2909	1302	1344
RFESD	201	209	124	118
RFFL	284	256	190	209
RFK	4502	4301	9399	9412
RFNG	902	855	893	825
RFPL1	0	0	0	0
RFPL1S	1	3	2	1
RFPL2	0	0	0	2
RFPL3	0	0	0	0
RFPL3S	7	7	8	9
RFPL4A	0	0	0	0
RFPL4AL1	0	0	0	0
RFPL4B	5	4	11	14
RFT1	2090	2027	1554	1581
RFTN1	168	153	670	654
RFTN2	2	5	9	6
RFWD2	4271	4044	3398	3418
RFWD3	4481	4503	2699	2660
RFX1	648	671	857	763
RFX2	553	556	184	181
RFX3	643	608	473	417
RFX4	0	0	0	0
RFX5	4108	3889	2681	2485
RFX6	0	0	0	0
RFX7	3292	3248	1627	1575
RFX8	12	20	122	80
RFXANK	1453	1488	1436	1420
RFXAP	584	596	321	322
RGAG1	41	33	22	15
RGAG4	6	8	5	4
RGCC	12	10	152	158
RGL1	210	221	1001	970
RGL2	4638	4610	6333	5635
RGL3	168	187	273	240
RGL4	0	0	0	1
RGMA	164	173	96	113
RGMB	685	723	652	613
RGMB-AS1	8	4	12	5
RGN	5	6	1	4
RGP1	1556	1542	1507	1438
RGPD1	0	0	0	0
RGPD2	0	0	0	0
RGPD3	6	14	13	10
RGPD4	54	51	59	55
RGPD4-AS1	0	0	0	0
RGPD5	0	0	0	0
RGPD6	0	0	0	0
RGPD8	0	0	0	0
RGR	0	0	0	0
RGS1	0	0	0	1
RGS10	523	510	439	424
RGS11	18	27	74	60
RGS12	3533	3331	1252	1212
RGS13	0	0	0	0
RGS14	182	166	94	97
RGS16	225	168	112	99
RGS17	1	1	1	1
RGS18	0	0	2	0
RGS19	476	491	445	454
RGS2	390	316	164	172
RGS20	230	213	121	94
RGS21	0	0	0	0
RGS22	1	4	7	11
RGS3	1500	1373	708	686
RGS4	0	0	0	0
RGS5	76	90	25	38
RGS6	9	8	11	13
RGS7	1	1	0	0
RGS7BP	0	0	0	2
RGS8	1	0	1	0
RGS9	3	3	9	7
RGS9BP	14	24	32	31
RGSL1	0	0	0	0
RHAG	0	4	5	1
RHBDD1	1498	1370	1501	1442
RHBDD2	2443	2381	3211	3184
RHBDD3	1056	1093	1604	1526
RHBDF1	2297	2382	3588	3087
RHBDF2	950	998	862	738
RHBDL1	336	365	443	364
RHBDL2	854	783	1078	1077
RHBDL3	6	10	12	11
RHBG	4	4	7	8
RHCE	1	2	12	12
RHCG	0	2	4	3
RHD	0	0	0	2
RHEB	6099	5984	5497	5715
RHEBL1	19	22	6	7
RHNO1	2430	2364	1185	1227
RHO	0	0	0	0
RHOA	22483	21507	18967	19024
RHOB	4404	4386	10116	10065
RHOBTB1	152	117	570	595
RHOBTB2	3574	3422	2701	2474
RHOBTB3	6332	6352	5309	5024
RHOC	5295	4807	7504	7557
RHOD	7900	7569	5997	5840
RHOF	6255	6189	10161	9774
RHOG	1451	1374	1325	1276
RHOH	1	1	0	0
RHOJ	1	0	2	1
RHOQ	2885	2685	2529	2677
RHOT1	2832	2693	2532	2640
RHOT2	4784	4719	4504	4176
RHOU	20	22	12	14
RHOV	18698	17343	28914	27830
RHOXF1	2	0	1	0
RHOXF2	0	0	0	0
RHOXF2B	0	0	0	0
RHPN1	2925	2932	3212	2683
RHPN1-AS1	125	107	202	192
RHPN2	1960	1864	3033	3100
RIBC1	63	84	63	57
RIBC2	166	144	127	81
RIC3	803	827	908	778
RIC8A	6656	6499	5894	5614
RIC8B	1002	996	1014	898
RICTOR	5478	5192	5647	5126
RIF1	4770	4438	2761	2870
RIIAD1	1	0	1	0
RILP	266	250	522	474
RILPL1	681	687	622	594
RILPL2	520	481	516	441
RIMBP2	0	0	0	0
RIMBP3	57	46	108	88
RIMBP3B	0	0	0	0
RIMBP3C	0	0	0	0
RIMKLA	25	14	59	53
RIMKLB	5618	5904	2987	2877
RIMS1	0	0	0	0
RIMS2	9	12	10	6
RIMS3	290	314	247	236
RIMS4	116	115	100	86
RIN1	2042	2003	761	725
RIN2	1497	1440	1244	1220
RIN3	1450	1414	1590	1562
RING1	2545	2464	2869	2833
RINL	184	160	82	61
RINT1	1603	1473	1443	1416
RIOK1	1764	1918	995	969
RIOK2	1348	1413	1107	1076
RIOK3	3351	3186	4052	4092
RIPK1	2098	2006	2705	2588
RIPK2	1879	1815	1952	1965
RIPK3	5	3	7	9
RIPK4	5583	5162	5222	4988
RIPPLY1	0	0	0	1
RIPPLY2	0	0	0	0
RIPPLY3	26	40	30	23
RIT1	1715	1534	1903	2008
RIT2	0	0	0	1
RITA1	1421	1442	1941	1805
RLBP1	0	0	2	0
RLF	1780	1666	1313	1265
RLIM	3801	3505	2978	3042
RLN1	7	9	14	6
RLN2	77	82	66	51
RLN3	0	0	0	0
RLTPR	26	39	31	20
RMDN1	4154	3993	3413	3508
RMDN2	297	273	432	442
RMDN2-AS1	0	0	0	0
RMDN3	1816	1768	2257	2240
RMI1	2252	2153	1270	1261
RMI2	1275	1248	600	610
RMND1	1063	1002	729	726
RMND5A	4541	4284	4112	4003
RMND5B	1697	1518	1542	1491
RMRP	25	51	66	66
RMST	0	0	0	0
RNA45S5	0	0	0	0
RNA5-8S5	0	0	0	0
RNASE1	30	28	76	71
RNASE10	0	0	0	0
RNASE11	0	0	0	0
RNASE12	0	0	0	0
RNASE13	0	0	0	0
RNASE2	0	0	0	0
RNASE3	0	0	0	0
RNASE4	142	139	125	140
RNASE6	2	1	8	2
RNASE7	340	322	34	33
RNASE8	0	0	0	0
RNASE9	0	0	0	0
RNASEH1	1866	1749	1389	1369
RNASEH1-AS1	183	191	174	162
RNASEH2A	1531	1541	763	765
RNASEH2B	3081	3059	2217	2268
RNASEH2B-AS1	9	9	14	6
RNASEH2C	1393	1487	1206	1111
RNASEK	1850	1776	3423	3303
RNASEK-C17orf49	5	3	3	5
RNASEL	2714	2540	4138	4056
RNASET2	3004	3294	8659	8159
RND1	57	54	916	818
RND2	4	2	6	4
RND3	4283	4260	5087	5167
RNF10	10265	9536	11798	11175
RNF103	2825	2742	4906	4874
RNF103-CHMP3	4	1	8	8
RNF11	4436	4144	6082	6372
RNF111	1733	1556	1608	1580
RNF112	16	9	10	15
RNF113A	839	794	687	676
RNF113B	0	0	0	0
RNF114	7172	6879	7224	7159
RNF115	1632	1628	1289	1272
RNF121	1642	1712	2452	2303
RNF122	48	36	44	52
RNF123	2091	2093	2464	2300
RNF125	56	67	87	78
RNF126	1688	1825	1620	1503
RNF126P1	0	0	0	0
RNF128	3422	3210	2288	2248
RNF13	4637	4511	5811	5586
RNF130	1999	1911	3014	2929
RNF133	0	0	0	0
RNF135	1371	1348	1215	1217
RNF138	2061	1959	1339	1436
RNF138P1	3	3	1	1
RNF139	5542	5268	5061	5090
RNF139-AS1	87	97	78	71
RNF14	3997	3757	4531	4552
RNF141	4526	4475	6109	6248
RNF144A	0	0	0	0
RNF144A-AS1	4	3	2	3
RNF144B	7746	7528	4676	4499
RNF145	15545	14698	18330	17567
RNF146	2657	2600	3299	3139
RNF148	1	0	1	0
RNF149	3881	3885	9756	9633
RNF150	8	15	22	18
RNF151	1	2	1	0
RNF152	49	58	40	48
RNF157	10	10	8	3
RNF157-AS1	73	70	26	20
RNF165	278	296	435	363
RNF166	708	747	638	567
RNF167	6491	6275	8421	8206
RNF168	1599	1727	1202	1322
RNF169	2925	2860	2275	2190
RNF17	38	34	12	14
RNF170	1020	959	1824	1793
RNF175	0	0	0	0
RNF180	398	353	343	382
RNF181	1591	1547	1608	1554
RNF182	0	1	5	8
RNF183	1	1	0	0
RNF185	3056	2943	2482	2475
RNF186	0	0	0	0
RNF187	5758	5225	4924	4698
RNF19A	12856	12825	24788	23871
RNF19B	2593	2531	1377	1418
RNF2	969	955	686	746
RNF20	3965	3798	3435	3278
RNF207	1066	1193	1988	1666
RNF208	375	373	551	540
RNF212	0	0	0	3
RNF213	14777	12037	16262	16132
RNF214	1862	1801	1646	1482
RNF215	524	558	730	612
RNF216	3593	3454	3397	3341
RNF216-IT1	0	0	0	0
RNF216P1	621	652	628	603
RNF217	2375	2360	1735	1515
RNF219	2428	2329	1868	1872
RNF219-AS1	1	0	0	0
RNF220	3122	3088	2596	2627
RNF222	9	12	9	19
RNF223	207	210	276	289
RNF224	81	87	240	209
RNF24	507	458	483	458
RNF25	800	770	789	751
RNF26	7515	7334	4262	4110
RNF31	2341	2327	2306	2133
RNF32	27	24	29	28
RNF34	2118	1998	1735	1655
RNF38	1489	1520	1372	1335
RNF39	332	321	653	549
RNF4	4000	3955	3602	3693
RNF40	5223	4979	4539	4298
RNF41	2079	1938	1655	1614
RNF43	394	305	271	225
RNF44	2293	2306	2655	2327
RNF5	17	19	15	12
RNF5P1	14	5	11	6
RNF6	6096	5774	5105	5218
RNF7	2442	2239	2284	2322
RNF8	2320	2209	1671	1634
RNFT1	1175	1016	1348	1262
RNFT2	105	96	43	62
RNGTT	2991	2744	1765	1882
RNH1	6136	5808	6112	5743
RNLS	523	496	607	649
RNMT	3053	3058	2686	2381
RNMTL1	1043	934	902	849
RNPC3	802	763	883	826
RNPEP	15243	14293	13495	12861
RNPEPL1	4268	4107	6731	6388
RNPS1	5036	5103	2676	2491
RNU11	0	0	1	1
RNU12	5	1	1	2
RNU4ATAC	0	1	0	1
RNU5D-1	0	0	0	0
RNU5E-1	0	0	0	0
RNU5F-1	1	1	0	0
RNU6-16P	0	0	0	0
RNU6-19P	0	0	0	0
RNU6-28P	2	0	0	1
RNU6-31P	0	0	0	0
RNU6-33P	0	0	0	0
RNU6-34P	0	0	0	0
RNU6-35P	0	0	0	0
RNU6-48P	0	0	0	0
RNU6-52P	0	0	0	0
RNU6-53P	0	0	0	0
RNU6-57P	0	0	0	0
RNU6-64P	0	0	0	0
RNU6-66P	0	0	1	0
RNU6-67P	0	0	0	0
RNU6-69P	0	0	0	0
RNU6-71P	0	0	0	1
RNU6-72P	0	0	0	0
RNU6-76P	0	0	0	0
RNU6-78P	0	0	0	0
RNU6-79P	0	0	0	0
RNU6-81P	0	0	0	0
RNU6-83P	0	0	0	0
RNU6ATAC	0	0	0	0
RNU86	12	19	9	10
RNVU1-19	0	1	0	0
RNY4	0	0	0	0
RNY5	0	0	0	0
ROBO1	1	0	2	4
ROBO2	0	0	0	1
ROBO3	197	219	152	139
ROBO4	4	4	6	5
ROCK1	6420	6424	5987	5901
ROCK1P1	71	60	73	39
ROCK2	4295	4386	3224	2929
ROGDI	1536	1443	1827	1604
ROM1	144	143	148	124
ROMO1	2414	2258	2729	2721
ROPN1	0	2	0	0
ROPN1B	2	6	11	6
ROPN1L	7	17	3	7
ROPN1L-AS1	2	1	1	1
ROR1	189	180	232	236
ROR1-AS1	0	1	2	1
ROR2	4	7	1	6
RORA	248	251	368	320
RORB	0	0	0	0
RORC	706	595	1437	1263
ROS1	96	98	60	43
RP1	0	0	1	0
RP11-87M18.2	0	0	0	0
RP1L1	31	32	8	9
RP2	1980	1784	1284	1256
RP9	584	624	562	574
RP9P	245	239	173	163
RPA1	9003	8505	4807	5007
RPA2	1213	1100	707	785
RPA3	2048	1959	1012	985
RPA3OS	1476	1374	1762	1636
RPA4	1	1	2	1
RPAIN	1449	1385	1372	1209
RPAP1	1979	2018	1525	1366
RPAP2	1291	1168	897	832
RPAP3	3062	2879	2229	2304
RPARP-AS1	748	646	432	456
RPE	5136	4874	3260	3317
RPE65	1	0	1	0
RPEL1	0	1	0	0
RPF1	1896	1866	1809	1749
RPF2	2250	2211	1403	1434
RPGR	351	352	323	333
RPGRIP1	5	9	17	22
RPGRIP1L	578	600	429	433
RPH3A	0	0	0	0
RPH3AL	533	491	531	490
RPIA	784	781	592	538
RPL10	40786	38779	24226	23925
RPL10A	33587	32151	20421	20024
RPL10L	0	0	0	0
RPL11	17536	16801	10829	10933
RPL12	37998	35827	17430	17935
RPL13	56902	54940	39087	39176
RPL13A	13006	11929	8604	8304
RPL13AP17	0	0	0	0
RPL13AP20	37	58	135	113
RPL13AP3	0	0	0	1
RPL13AP5	0	0	0	0
RPL13AP6	0	0	0	0
RPL13P5	71	76	67	58
RPL14	28825	27935	15962	16434
RPL15	51961	49655	39870	39484
RPL17	9377	8822	5828	5858
RPL17-C18orf32	28	32	11	26
RPL18	20812	19062	13068	12287
RPL18A	33278	31950	20148	19346
RPL19	55878	53792	36430	35548
RPL19P12	0	1	0	1
RPL21	58	83	54	69
RPL21P28	0	0	0	0
RPL21P44	4	2	4	2
RPL22	13454	12837	8530	8512
RPL22L1	7226	6876	3562	3976
RPL23	22902	22321	15881	15894
RPL23A	33183	31493	23100	22590
RPL23AP32	0	0	0	0
RPL23AP53	497	440	323	360
RPL23AP64	0	0	0	0
RPL23AP7	318	281	232	228
RPL23AP82	365	419	281	258
RPL23P8	0	0	0	1
RPL24	17312	16654	12216	12408
RPL26	33457	31896	19292	19519
RPL26L1	1419	1364	1100	1039
RPL27	21929	20381	13719	14156
RPL27A	38426	35437	22481	23064
RPL28	25140	23515	18108	16655
RPL29	33278	32178	18112	18081
RPL29P2	1	1	1	0
RPL3	87904	81271	51501	51388
RPL30	41981	40210	25462	24902
RPL31	21270	20180	14932	14954
RPL31P11	1	1	0	1
RPL32	32866	31170	18471	18604
RPL32P3	174	203	183	180
RPL34	12863	12474	8611	8964
RPL34-AS1	2	2	1	0
RPL35	21856	20156	12544	13001
RPL35A	15699	15139	9729	9838
RPL36	14080	13114	9202	9182
RPL36A	4524	4343	2197	2181
RPL36A-HNRNPH2	4	2	1	1
RPL36AL	8201	7943	7497	7651
RPL37	51314	50532	33283	33441
RPL37A	30794	29079	21428	21156
RPL38	10751	10438	7928	7878
RPL39	22841	21836	13482	14056
RPL39L	0	1	0	0
RPL3L	1	0	0	0
RPL4	99780	94322	60544	59953
RPL41	66320	64087	48205	47846
RPL5	43887	41646	25202	25790
RPL6	47090	45340	32395	32593
RPL7	66023	63897	39392	39300
RPL7A	70330	66443	40516	40372
RPL7L1	5546	5328	3624	3613
RPL8	71475	67636	51585	51303
RPL9	48453	45048	29787	31116
RPLP0	108018	101346	56960	57635
RPLP0P2	14	33	14	20
RPLP1	42446	40176	25108	24939
RPLP2	22680	21063	15133	15299
RPN1	13630	13575	21497	20458
RPN2	43701	42130	65293	61751
RPP14	2302	2183	1985	2030
RPP21	219	241	191	170
RPP25	280	259	380	371
RPP25L	1405	1258	1084	1079
RPP30	1691	1734	1206	1157
RPP38	1077	1021	1024	976
RPP40	388	360	221	232
RPPH1	10	9	20	12
RPRD1A	4579	4220	3681	3635
RPRD1B	3382	3437	2887	2749
RPRD2	3770	3570	3161	3006
RPRM	0	0	0	0
RPRML	0	0	0	0
RPS10	8561	8001	5180	5400
RPS10-NUDT3	2	3	1	0
RPS10P7	185	149	235	222
RPS11	35688	34220	25187	24237
RPS12	62872	59424	42652	43486
RPS13	20807	20023	12032	12209
RPS14	29837	27480	19144	18681
RPS14P3	14	8	7	1
RPS15	13981	14212	9610	9424
RPS15A	25448	23957	15246	15599
RPS15AP10	14	13	13	9
RPS16	29091	28251	22086	21232
RPS16P5	1	1	1	1
RPS17	7361	253	4	7511
RPS18	92461	80352	48399	49918
RPS18P9	83	83	134	120
RPS19	41448	38980	23772	23708
RPS19BP1	1990	1861	2016	2003
RPS2	86720	84887	35338	34873
RPS20	13879	13657	9315	9632
RPS21	17756	17469	10637	10907
RPS23	42023	39643	23063	23244
RPS24	54042	52440	30573	31107
RPS25	37545	36339	23441	24023
RPS26	14040	13954	11508	11162
RPS26P11	7	7	6	5
RPS27	24128	22422	18048	18474
RPS27A	45494	44605	32371	33368
RPS27L	4267	4022	5368	5164
RPS28	12613	12104	9339	9146
RPS29	12489	12489	10497	11197
RPS2P32	0	0	0	0
RPS3	69669	65957	35858	36094
RPS3A	78825	71674	38486	39571
RPS4X	83242	78533	45804	45393
RPS4Y1	0	0	0	0
RPS4Y2	0	0	0	0
RPS5	36233	33942	23157	22785
RPS6	66053	57044	31881	34567
RPS6KA1	2962	2868	2921	2757
RPS6KA2	1259	1199	4150	3863
RPS6KA2-AS1	0	0	0	0
RPS6KA2-IT1	7	4	18	14
RPS6KA3	3954	3819	3412	3403
RPS6KA4	5235	5321	3655	3523
RPS6KA5	378	376	173	131
RPS6KA6	7	6	10	9
RPS6KB1	3121	3068	2550	2551
RPS6KB2	2947	2901	2453	2323
RPS6KC1	1239	1153	1470	1367
RPS6KL1	243	235	233	250
RPS7	42508	39547	23931	24994
RPS7P5	0	0	0	0
RPS8	45418	43227	27875	28357
RPS9	28032	26450	18456	18848
RPSA	57244	53506	26168	25961
RPSAP52	0	0	0	0
RPSAP58	754	732	535	483
RPSAP9	129	147	136	104
RPTN	1	1	0	0
RPTOR	2527	2363	2447	2430
RPUSD1	1590	1610	1240	1358
RPUSD2	829	791	601	627
RPUSD3	1285	1292	1243	1146
RPUSD4	2230	2099	1757	1554
RQCD1	3446	3318	2382	2331
RRAD	73	62	30	21
RRAGA	3664	3355	3604	3480
RRAGB	363	351	543	561
RRAGC	2145	2026	1843	1683
RRAGD	214	171	314	323
RRAS	1060	977	1198	1179
RRAS2	2705	2608	2379	2336
RRBP1	4757	4536	7949	8004
RREB1	3631	3316	3488	3374
RRH	8	3	9	15
RRM1	13874	13533	6015	6138
RRM2	10071	10176	5672	5819
RRM2B	13094	12422	9142	9493
RRN3	3828	3532	2705	2862
RRN3P1	0	1	2	0
RRN3P2	8	8	4	6
RRN3P3	141	170	188	140
RRNAD1	1073	986	1214	1124
RRP1	1474	1507	966	936
RRP12	2760	2686	2052	2047
RRP15	1611	1601	1148	1270
RRP1B	4147	4177	2723	2511
RRP36	3422	3347	3123	3088
RRP7A	2686	2614	2447	2298
RRP7B	536	496	365	344
RRP8	753	767	561	556
RRP9	1104	1091	673	645
RRS1	1401	1386	898	917
RRS1-AS1	4	4	3	5
RS1	0	0	0	0
RSAD1	1520	1444	1284	1160
RSAD2	6	9	8	1
RSBN1	1166	1117	994	1026
RSBN1L	1227	1181	967	942
RSC1A1	352	341	264	250
RSF1	2712	2650	2350	2408
RSG1	124	110	103	120
RSL1D1	11212	10444	6903	6832
RSL24D1	6166	5724	3643	3851
RSPH1	61	56	117	111
RSPH10B	0	0	0	0
RSPH10B2	0	0	0	0
RSPH3	414	420	600	574
RSPH4A	6	7	6	6
RSPH6A	1	0	0	0
RSPH9	1	0	0	0
RSPO1	0	0	0	0
RSPO2	0	1	0	0
RSPO3	0	1	1	0
RSPO4	0	0	0	0
RSPRY1	1217	1158	1332	1278
RSRC1	1773	1648	1275	1342
RSRC2	3992	3992	3376	3278
RSRP1	1426	1326	2845	2547
RSU1	1797	1824	2054	2092
RSU1P2	0	0	0	0
RTBDN	7	11	29	25
RTCA	2470	2484	1975	2064
RTCA-AS1	19	15	10	15
RTCB	5937	5753	5416	5360
RTDR1	0	0	1	1
RTEL1	145	120	72	51
RTEL1-TNFRSF6B	8	20	7	4
RTF1	5271	5239	4888	4991
RTFDC1	5937	5747	5144	5138
RTKN	2834	2757	2797	2591
RTKN2	1460	1375	551	600
RTL1	0	0	0	0
RTN1	4	0	0	0
RTN2	382	380	670	654
RTN3	14183	13981	14552	13715
RTN4	12508	12507	11198	11140
RTN4IP1	1293	1251	1143	1170
RTN4R	408	414	383	357
RTN4RL1	17	27	15	13
RTN4RL2	108	138	100	92
RTP1	5	9	6	6
RTP2	0	1	0	0
RTP3	0	0	0	2
RTP4	21	13	22	20
RTP5	0	0	0	0
RTTN	1396	1385	670	633
RUFY1	2164	2031	1900	1918
RUFY2	1426	1257	1302	1216
RUFY3	2053	1867	1450	1357
RUFY4	2	4	5	0
RUNDC1	1668	1566	2074	2006
RUNDC3A	5	4	8	12
RUNDC3B	0	0	1	2
RUNX1	4260	4072	5834	5628
RUNX1-IT1	5	9	0	2
RUNX1T1	0	2	0	2
RUNX2	786	735	710	616
RUNX3	528	546	453	466
RUSC1	2469	2388	2073	1941
RUSC1-AS1	10	12	29	25
RUSC2	1818	1812	2303	2125
RUVBL1	4208	3931	2069	2141
RUVBL2	5133	4955	2889	2872
RWDD1	4287	4009	3547	3565
RWDD2A	614	564	942	956
RWDD2B	1457	1372	1158	1179
RWDD3	531	482	378	366
RWDD4	3039	2880	2344	2367
RXFP1	1	1	1	2
RXFP2	0	0	0	0
RXFP3	0	0	0	0
RXFP4	5	4	20	23
RXRA	8657	7969	5472	5206
RXRB	4442	4044	3756	3519
RXRG	0	0	0	0
RYBP	2303	2125	2123	2079
RYK	4218	4179	3428	3387
RYR1	480	456	237	221
RYR2	144	109	113	113
RYR3	60	59	38	20
S100A1	2	1	2	4
S100A10	14825	14615	12555	12509
S100A11	14746	14193	17468	17113
S100A12	10	11	12	23
S100A13	1935	1842	2062	2008
S100A14	16496	15302	10291	10095
S100A16	11501	10908	11231	11040
S100A2	12798	11712	1187	1220
S100A3	51	58	15	7
S100A4	356	326	329	298
S100A5	1	2	4	3
S100A6	31492	29458	39137	40577
S100A7	267	268	991	990
S100A7A	0	4	10	7
S100A7L2	0	0	0	0
S100A8	782	739	1944	1898
S100A9	4118	3674	8936	9060
S100B	0	0	0	0
S100G	0	0	0	0
S100P	8764	8039	19538	19496
S100PBP	1544	1589	1153	1170
S100Z	0	0	0	0
S1PR1	45	44	18	17
S1PR2	157	145	206	177
S1PR3	361	372	491	466
S1PR4	32	33	31	34
S1PR5	41	41	3	9
SAA1	341	386	1196	1085
SAA2	169	171	845	801
SAA2-SAA4	2	0	9	15
SAA3P	0	0	0	0
SAA4	0	0	10	7
SAAL1	1296	1294	665	687
SAC3D1	1444	1452	881	896
SACM1L	4631	4335	4606	4396
SACS	2387	2281	1060	1065
SACS-AS1	0	0	0	0
SAE1	7827	7604	4497	4502
SAFB	5374	5629	4077	4004
SAFB2	3146	3137	2901	2819
SAG	0	1	0	0
SAGE1	0	0	0	0
SALL1	0	0	0	0
SALL2	107	104	28	22
SALL3	0	1	1	0
SALL4	170	182	97	70
SAMD1	1695	1728	1399	1313
SAMD10	454	505	652	602
SAMD11	97	83	72	58
SAMD12	3856	3699	4224	4132
SAMD12-AS1	76	72	104	107
SAMD13	191	181	175	155
SAMD14	0	0	4	2
SAMD15	57	52	55	60
SAMD3	0	0	0	0
SAMD4A	264	257	620	569
SAMD4B	3724	3619	3701	3395
SAMD5	484	509	309	273
SAMD7	0	0	0	0
SAMD8	2416	2170	2336	2278
SAMD9	11012	9971	9568	9053
SAMD9L	1617	1548	2168	2122
SAMHD1	1550	1382	989	865
SAMM50	5191	4903	4552	4599
SAMSN1	2	0	1	0
SAMSN1-AS1	0	0	0	0
SAP130	2325	2260	1926	1774
SAP18	6455	6233	8620	8350
SAP25	110	145	164	132
SAP30	570	586	245	265
SAP30BP	2320	2286	1878	1832
SAP30L	2209	2203	2729	2575
SAP30L-AS1	5	7	7	4
SAPCD1	0	0	0	0
SAPCD2	3925	3851	1095	1102
SAR1A	7155	6863	7392	7635
SAR1B	3406	3343	4361	4163
SARDH	3	1	9	10
SARM1	121	116	208	190
SARNP	2589	2400	1697	1763
SARS	11773	10848	5910	6068
SARS2	1496	1382	1010	832
SART1	3657	3567	2795	2802
SART3	3017	3096	2252	2158
SASH1	4588	4359	3099	2884
SASH3	3	2	0	0
SASS6	1571	1452	683	710
SAT1	16282	16165	105295	102485
SAT2	1363	1307	1456	1322
SATB1	2013	2001	3052	2808
SATB2	924	963	1121	976
SATB2-AS1	0	0	2	3
SATL1	0	0	0	0
SAV1	3763	3575	4037	4037
SAYSD1	1602	1537	1784	1609
SBDS	6828	6585	6288	6666
SBDSP1	2389	2364	1869	1938
SBF1	5302	5054	4726	4457
SBF1P1	0	0	0	0
SBF2	2398	2345	2188	2188
SBF2-AS1	240	227	118	138
SBK1	74	88	108	90
SBK2	0	0	1	0
SBK3	39	30	49	27
SBNO1	4059	3947	3559	3633
SBNO2	6109	6110	8594	8024
SBSN	1	1	6	4
SBSPON	1	2	0	0
SC5D	10574	10200	7938	7730
SCAF1	3438	3628	3902	3559
SCAF11	12122	11493	9498	9342
SCAF4	1937	1954	1489	1504
SCAF8	2382	2223	2029	1928
SCAI	821	789	595	547
SCAMP1	4832	4658	4368	4273
SCAMP1-AS1	296	271	236	249
SCAMP2	4970	5046	7624	7147
SCAMP3	3001	3042	3667	3417
SCAMP4	3595	3615	5279	4802
SCAMP5	493	443	811	794
SCAND1	1295	1313	1966	1719
SCAND2P	427	477	456	436
SCAP	5210	4898	5942	5428
SCAPER	1159	1128	1010	1051
SCARA3	4626	4370	3914	3663
SCARA5	5	4	2	0
SCARB1	5825	5829	5657	5399
SCARB2	17736	17120	27716	26568
SCARF1	55	63	124	128
SCARF2	58	59	122	93
SCARNA1	2	0	0	0
SCARNA10	6	6	2	1
SCARNA11	0	0	0	0
SCARNA12	50	44	52	39
SCARNA13	0	0	0	0
SCARNA14	0	0	0	0
SCARNA15	39	52	24	28
SCARNA16	4	0	1	3
SCARNA17	4	12	6	5
SCARNA18	0	1	0	0
SCARNA2	1	1	1	1
SCARNA20	3	0	0	2
SCARNA21	5	5	3	5
SCARNA22	12	17	3	3
SCARNA23	0	1	0	0
SCARNA27	20	29	17	17
SCARNA3	0	0	0	0
SCARNA4	1	1	3	1
SCARNA5	2	1	0	1
SCARNA6	0	1	8	2
SCARNA7	2	0	2	2
SCARNA8	3	2	3	4
SCARNA9	16	10	11	13
SCARNA9L	2	1	1	1
SCART1	132	127	146	134
SCCPDH	2474	2415	7466	7385
SCD	123635	116473	78158	71924
SCD5	3190	3143	1556	1639
SCEL	1155	1110	2249	2320
SCFD1	3246	3097	2969	3162
SCFD2	1393	1349	837	794
SCG2	8	7	6	5
SCG3	2	0	1	1
SCG5	47	49	9	11
SCGB1A1	21	20	7	14
SCGB1B2P	5	1	0	7
SCGB1C1	0	0	0	0
SCGB1D1	0	0	0	0
SCGB1D2	1	1	0	0
SCGB1D4	0	0	0	0
SCGB2A1	2	0	4	2
SCGB2A2	0	0	0	0
SCGB2B2	0	1	3	1
SCGB2B3P	0	0	0	0
SCGB3A1	0	0	0	0
SCGB3A2	0	0	0	0
SCGN	1	0	0	1
SCHIP1	3	2	1	1
SCHLAP1	0	0	0	1
SCIMP	0	0	2	0
SCIN	25	19	9	10
SCLT1	1149	1099	492	480
SCLY	58	37	36	24
SCMH1	1465	1448	1225	1127
SCML1	1372	1425	931	874
SCML2	0	0	0	0
SCML4	0	0	0	0
SCN10A	0	0	0	0
SCN11A	16	19	13	10
SCN1A	0	0	1	2
SCN1B	33	38	294	282
SCN2A	1	1	4	4
SCN2B	6	12	7	8
SCN3A	0	1	1	0
SCN3B	29	30	15	25
SCN4A	0	0	1	2
SCN4B	36	63	28	24
SCN5A	16	22	29	21
SCN7A	0	1	0	0
SCN8A	61	44	17	29
SCN9A	0	0	0	1
SCNM1	237	236	189	180
SCNN1A	22184	21403	50286	46512
SCNN1B	1	0	0	4
SCNN1D	102	121	175	138
SCNN1G	0	1	0	1
SCO1	2802	2677	2666	2666
SCO2	844	810	1032	966
SCOC	6818	6371	7406	7691
SCOC-AS1	35	34	56	57
SCP2	6894	6586	7138	7086
SCP2D1	0	0	0	0
SCPEP1	12067	10908	11781	11082
SCRG1	0	0	2	1
SCRIB	14112	13727	9475	8893
SCRN1	13546	12902	16199	15873
SCRN2	1447	1430	1661	1662
SCRN3	1968	1744	1780	1802
SCRT1	0	1	0	0
SCRT2	0	0	0	0
SCT	0	0	1	0
SCTR	0	0	0	0
SCUBE1	0	0	0	0
SCUBE2	7	2	11	6
SCUBE3	23	12	24	31
SCXB	0	1	0	1
SCYL1	4792	4703	6467	6344
SCYL2	5782	5466	5291	5264
SCYL3	578	590	658	639
SDAD1	3100	3011	2580	2692
SDC1	25922	24985	31135	29846
SDC2	15	12	88	87
SDC3	1073	1009	957	903
SDC4	11541	11448	11310	11292
SDC4P	0	0	0	0
SDCBP	4460	4290	5217	5077
SDCBP2	23	27	142	99
SDCBP2-AS1	11	17	13	13
SDCCAG3	2575	2547	1896	1785
SDCCAG8	878	787	706	626
SDE2	1115	1187	1012	1046
SDF2	2661	2655	4744	4469
SDF2L1	1325	1298	2282	2158
SDF4	4720	4671	8918	8675
SDHA	32792	31826	42424	41755
SDHAF1	507	499	468	450
SDHAF2	1943	1835	2176	2167
SDHAP1	686	601	797	659
SDHAP2	847	822	970	888
SDHAP3	157	192	287	223
SDHB	3030	2957	2946	3038
SDHC	8106	7558	9201	8934
SDHD	12280	11439	13616	13898
SDK1	72	97	155	178
SDK2	0	0	0	0
SDPR	1709	1536	590	633
SDR16C5	35	24	21	20
SDR16C6P	0	0	0	0
SDR39U1	1631	1600	1864	1649
SDR42E1	744	740	572	603
SDR9C7	4	2	1	0
SDS	0	0	0	0
SDSL	536	509	791	710
SEBOX	1	1	4	6
SEC11A	10558	10067	9216	9220
SEC11C	2256	2343	4499	4469
SEC13	5341	5119	5820	5881
SEC14L1	1727	1630	1816	1792
SEC14L1P1	65	74	46	47
SEC14L2	1681	1479	1235	1190
SEC14L3	0	0	0	0
SEC14L4	5	3	1	0
SEC14L5	3	6	4	5
SEC14L6	6	1	6	11
SEC16A	8964	8227	8461	8441
SEC16B	80	59	83	81
SEC1P	7	3	5	3
SEC22A	1178	1138	1087	1002
SEC22B	3394	3166	5073	5016
SEC22C	4211	4203	3363	3317
SEC23A	4510	4279	3609	3503
SEC23B	3174	3143	2891	2958
SEC23IP	3730	3539	3454	3353
SEC24A	3009	2855	3838	3911
SEC24B	4130	4027	3499	3610
SEC24B-AS1	30	31	36	35
SEC24C	7364	7098	7879	7463
SEC24D	1865	1749	3404	3358
SEC31A	11493	10859	11932	11737
SEC31B	618	599	1078	870
SEC61A1	25917	25781	33498	31407
SEC61A2	449	472	636	588
SEC61B	3194	3111	3135	3029
SEC61G	2887	2687	3107	3095
SEC62	9260	8955	13091	12862
SEC63	14562	14513	14651	14260
SECISBP2	1661	1614	1777	1753
SECISBP2L	3141	3034	5073	5012
SECTM1	1288	1317	3229	3048
SEH1L	4255	4018	3136	3086
SEL1L	5805	5745	8771	8603
SEL1L2	0	0	1	0
SEL1L3	5688	5786	6790	6546
SELE	0	0	0	0
SELENBP1	425	435	532	429
SELK	1542	1395	1258	1181
SELL	27	24	20	22
SELM	268	303	631	610
SELO	1709	1725	1499	1532
SELP	0	0	0	0
SELPLG	46	43	91	88
SELT	6062	6018	8370	8522
SELV	0	0	0	0
SEMA3A	266	223	101	91
SEMA3B	35461	37137	76920	69706
SEMA3B-AS1	163	140	537	524
SEMA3C	4721	4527	4542	4273
SEMA3D	1	1	0	3
SEMA3E	16	9	15	9
SEMA3F	13189	12576	17336	15976
SEMA3G	15	17	56	36
SEMA4A	1100	1113	642	674
SEMA4B	6059	5699	5015	4504
SEMA4C	1149	1117	1278	1097
SEMA4D	704	700	724	703
SEMA4F	658	608	709	692
SEMA4G	570	584	1862	1535
SEMA5A	1163	1230	2891	2816
SEMA5B	6	9	4	1
SEMA6A	3	3	1	1
SEMA6B	3610	3675	2504	2393
SEMA6C	76	87	102	80
SEMA6D	22	31	10	7
SEMA7A	1138	1105	3189	3297
SEMG1	0	0	2	2
SEMG2	0	3	111	116
SENCR	3	2	0	1
SENP1	2038	2001	1228	1174
SENP2	1831	1837	1482	1538
SENP3	717	667	540	537
SENP3-EIF4A1	8	7	5	3
SENP5	1783	1684	1372	1307
SENP6	7829	7487	5898	5762
SENP7	1037	997	608	592
SENP8	472	394	364	419
SEP15	7329	7285	9761	9806
SEPHS1	5465	5268	3490	3427
SEPHS2	3761	3640	4083	4004
SEPN1	4177	4091	4394	3966
SEPP1	1671	1651	1956	1959
SEPSECS	1372	1373	1054	1042
SEPSECS-AS1	22	34	26	17
SEPT1	52	46	47	40
SEPT10	9783	8850	5265	5423
SEPT11	7689	7685	5666	5664
SEPT12	0	0	1	0
SEPT14	9	3	14	6
SEPT2	22220	21345	20233	19707
SEPT3	31	34	34	40
SEPT4	25	25	6	7
SEPT5	0	0	3	5
SEPT5-GP1BB	2	1	6	1
SEPT6	3810	3714	3459	3204
SEPT7	14402	13941	9268	9460
SEPT7P2	416	485	384	384
SEPT7P9	3	1	7	5
SEPT8	5040	4947	3718	3402
SEPT9	22461	21268	21429	20177
SEPW1	1534	1457	1375	1298
SERAC1	310	320	323	307
SERBP1	28377	26632	15416	15652
SERF1A	0	0	0	0
SERF1B	0	0	0	0
SERF2	10955	10200	14902	14449
SERF2-C15ORF63	0	0	1	1
SERGEF	947	879	718	698
SERHL	7	12	14	7
SERHL2	32	41	49	35
SERINC1	12020	11908	19318	18288
SERINC2	19136	18868	26969	24741
SERINC3	9673	9501	13237	13023
SERINC4	9	11	15	13
SERINC5	2861	2726	2781	2753
SERP1	7351	7217	7374	7269
SERP2	0	2	2	0
SERPINA1	138	111	754	737
SERPINA10	0	0	0	0
SERPINA11	0	0	0	1
SERPINA12	0	0	0	0
SERPINA13P	0	0	0	0
SERPINA2	0	0	0	0
SERPINA3	223	243	1735	1565
SERPINA4	0	0	0	0
SERPINA5	200	182	458	429
SERPINA6	4	4	3	11
SERPINA7	0	0	0	0
SERPINA9	0	1	2	6
SERPINB1	8017	7596	13298	13565
SERPINB10	6	2	12	5
SERPINB11	1	0	1	0
SERPINB12	8	4	7	1
SERPINB13	6484	5966	409	420
SERPINB2	11	11	35	41
SERPINB3	5110	4110	3149	2964
SERPINB4	799	726	670	604
SERPINB5	9525	9165	4392	4705
SERPINB6	6063	5776	7538	7678
SERPINB7	929	863	417	481
SERPINB8	1473	1458	1477	1398
SERPINB9	1683	1626	2015	1977
SERPINB9P1	6	8	10	11
SERPINC1	6	4	16	8
SERPIND1	7	2	12	9
SERPINE1	589	660	1642	1535
SERPINE2	107	98	257	204
SERPINE3	0	0	0	0
SERPINF1	1049	1076	72	80
SERPINF2	617	552	357	340
SERPING1	32	49	208	182
SERPINH1	16288	15710	16745	15816
SERPINI1	39	47	129	126
SERPINI2	0	0	0	0
SERTAD1	1275	1208	1573	1584
SERTAD2	1707	1626	1106	1019
SERTAD3	1307	1308	1437	1332
SERTAD4	72	90	82	91
SERTAD4-AS1	3	5	5	7
SERTM1	0	0	0	0
SESN1	5063	4929	2562	2492
SESN2	931	1017	487	453
SESN3	412	378	438	439
SESTD1	2546	2586	2573	2340
SET	30709	30727	21611	21860
SETBP1	1371	1295	637	531
SETD1A	2014	2168	1383	1329
SETD1B	2779	2662	2875	2798
SETD2	5976	5764	5026	4814
SETD3	4190	4018	4220	4139
SETD4	919	1015	871	791
SETD5	7109	6921	5440	5077
SETD6	854	906	907	792
SETD7	8216	7908	10124	10049
SETD8	2311	2319	1446	1393
SETD9	455	422	350	351
SETDB1	2749	2667	2112	1956
SETDB2	1348	1213	1112	1047
SETMAR	705	652	633	614
SETSIP	0	0	1	1
SETX	4874	4392	4970	4697
SEZ6	0	0	0	0
SEZ6L	0	0	0	0
SEZ6L2	2236	2281	6363	5731
SF1	12523	13069	10082	9298
SF3A1	7886	7610	5972	5879
SF3A2	3031	3203	2172	1983
SF3A3	6430	6320	3975	3997
SF3B1	19317	18666	19149	18164
SF3B2	17185	16531	12698	12609
SF3B3	12198	11855	7980	7829
SF3B4	4310	4241	3208	3149
SF3B5	4872	4591	4556	4390
SF3B6	3910	3809	2543	2525
SFI1	1011	1033	775	660
SFMBT1	1414	1418	1083	1073
SFMBT2	610	567	1006	986
SFN	14447	13420	2930	2811
SFPQ	20709	20576	15228	15128
SFR1	633	589	382	425
SFRP1	4934	4880	6583	6302
SFRP2	0	0	0	0
SFRP4	5	10	0	0
SFRP5	0	0	0	0
SFSWAP	2149	2299	1990	1770
SFT2D1	1044	1045	1204	1104
SFT2D2	433	416	356	397
SFT2D3	647	651	824	717
SFTA1P	111	98	81	70
SFTA2	1	0	3	2
SFTA3	1	2	1	2
SFTPA1	0	0	0	0
SFTPA2	4	0	3	4
SFTPB	1	2	2	6
SFTPC	1	0	0	0
SFTPD	109	103	185	190
SFXN1	4533	4216	4083	4179
SFXN2	876	896	450	454
SFXN3	1743	1752	1818	1584
SFXN4	3552	3535	4372	4233
SFXN5	560	585	513	479
SGCA	4	7	21	34
SGCB	2102	2090	2084	2069
SGCD	2	1	1	0
SGCE	504	465	207	212
SGCG	1	0	0	0
SGCZ	0	0	0	0
SGIP1	2	0	0	1
SGK1	506	533	698	630
SGK2	10	8	10	15
SGK223	288	284	300	306
SGK3	15	19	13	5
SGK494	432	406	418	286
SGMS1	1657	1589	1791	1765
SGMS2	2622	2454	2297	2181
SGOL1	1505	1472	427	394
SGOL1-AS1	1	0	1	0
SGOL2	3604	3433	708	788
SGPL1	4447	4459	5694	5365
SGPP1	2128	2063	1943	1949
SGPP2	42	49	140	108
SGSH	1593	1656	2799	2516
SGSM1	5	5	13	11
SGSM2	3126	3202	4314	3758
SGSM3	2611	2595	3366	3041
SGTA	3253	3210	2848	2736
SGTB	490	459	439	456
SH2B1	2146	2244	2930	2467
SH2B2	31	43	55	70
SH2B3	391	401	310	264
SH2D1A	0	0	0	0
SH2D1B	0	0	4	1
SH2D2A	2	2	1	0
SH2D3A	3346	3239	3421	3318
SH2D3C	16	16	15	22
SH2D4A	1186	1161	3030	3089
SH2D4B	2	2	2	1
SH2D5	34	45	20	20
SH2D6	5	3	2	7
SH2D7	0	0	0	1
SH3BGR	120	119	220	237
SH3BGRL	3196	2989	4409	4391
SH3BGRL2	1095	1023	1856	1772
SH3BGRL3	1252	1239	1693	1666
SH3BP1	1534	1459	647	569
SH3BP2	1990	1966	2286	2048
SH3BP4	3390	3345	4626	4473
SH3BP5	1238	1217	1225	1246
SH3BP5-AS1	195	213	430	378
SH3BP5L	2237	2053	2028	1986
SH3D19	4040	3940	4344	4195
SH3D21	1124	1137	1149	1038
SH3GL1	5066	5043	4119	4094
SH3GL1P1	10	18	13	11
SH3GL1P2	6	3	3	2
SH3GL2	627	613	895	902
SH3GL3	58	41	38	40
SH3GLB1	6254	5738	6234	6203
SH3GLB2	3213	3133	3817	3295
SH3KBP1	993	934	1020	975
SH3PXD2A	2913	2648	1062	951
SH3PXD2A-AS1	68	54	52	37
SH3PXD2B	1062	966	1217	1196
SH3RF1	2136	1924	2504	2434
SH3RF2	536	489	312	249
SH3RF3	234	172	178	174
SH3RF3-AS1	4	4	6	4
SH3TC1	3612	3555	5118	4809
SH3TC2	561	568	791	730
SH3YL1	4697	4590	5067	5212
SHANK1	0	0	0	0
SHANK2	1022	942	1477	1445
SHANK2-AS1	0	0	0	1
SHANK2-AS3	0	0	0	0
SHANK3	334	341	451	427
SHARPIN	3043	2874	3740	3521
SHB	894	842	845	792
SHBG	11	14	18	17
SHC1	9221	8874	7929	7453
SHC2	0	0	0	0
SHC3	49	50	71	45
SHC4	17	21	10	10
SHCBP1	4013	3927	1175	1148
SHCBP1L	0	0	1	0
SHD	2	0	1	0
SHE	0	4	0	0
SHF	64	72	55	45
SHFM1	3656	3536	2812	2844
SHH	1	5	9	7
SHISA2	3	3	5	4
SHISA3	0	0	0	0
SHISA4	881	835	1367	1233
SHISA5	8244	7956	10067	9202
SHISA6	0	0	0	0
SHISA7	0	0	0	0
SHISA8	0	0	0	0
SHISA9	249	230	168	167
SHKBP1	2416	2332	2021	1876
SHMT1	4330	4082	3255	3294
SHMT2	12099	11686	5151	5014
SHOC2	3221	3039	3016	2980
SHOX	0	0	0	0
SHOX2	9	11	14	15
SHPK	1434	1443	1456	1342
SHPRH	2393	2166	1820	1766
SHQ1	1330	1205	893	956
SHROOM1	722	739	739	627
SHROOM2	496	466	171	183
SHROOM3	5691	5213	8529	8512
SHROOM4	14	7	36	24
SI	0	0	0	0
SIAE	7954	7854	13904	13272
SIAH1	927	920	756	744
SIAH2	1279	1241	1351	1317
SIAH3	64	51	72	63
SIDT1	799	765	2322	2072
SIDT2	3934	3849	5856	5411
SIGIRR	1429	1377	2479	2224
SIGLEC1	1	3	1	0
SIGLEC10	0	0	1	1
SIGLEC11	0	0	0	0
SIGLEC12	0	0	0	0
SIGLEC14	1	1	0	0
SIGLEC15	8	2	18	15
SIGLEC16	0	0	0	0
SIGLEC17P	0	0	0	0
SIGLEC5	5	5	1	0
SIGLEC6	0	0	0	0
SIGLEC7	0	0	0	0
SIGLEC8	0	0	0	0
SIGLEC9	0	0	0	0
SIGLECL1	0	0	0	1
SIGMAR1	6520	6476	5485	5048
SIK1	45174	45644	61233	57302
SIK2	6104	5520	6988	6735
SIK3	2403	2337	2981	2811
SIKE1	3255	2992	2758	2700
SIL1	2980	2824	5966	5680
SIM1	0	0	0	0
SIM2	98	94	158	117
SIMC1	555	524	405	405
SIN3A	6142	5959	4871	4665
SIN3B	2755	2915	2867	2531
SIPA1	941	836	968	858
SIPA1L1	2116	1925	1250	1140
SIPA1L2	731	697	627	618
SIPA1L3	3017	2902	2431	2203
SIRPA	3775	3999	10791	10069
SIRPB1	7	6	7	7
SIRPB2	20	21	14	12
SIRPD	0	0	0	0
SIRPG	19	16	52	47
SIRT1	1308	1171	1127	1148
SIRT2	1590	1554	1312	1184
SIRT3	1246	1345	1506	1352
SIRT4	15	18	41	42
SIRT5	2928	2630	4036	3843
SIRT6	776	718	728	654
SIRT7	950	1005	1072	967
SIT1	0	0	2	0
SIVA1	1808	1781	1254	1265
SIX1	733	705	556	569
SIX2	5	2	1	4
SIX3	1	4	6	2
SIX3-AS1	0	0	0	0
SIX4	1305	1300	1313	1214
SIX5	1036	1068	1316	1101
SIX6	0	0	0	0
SKA1	1777	1787	534	528
SKA2	3956	3793	2380	2601
SKA3	3100	3056	850	820
SKAP1	0	3	1	0
SKAP2	6505	6059	7754	7462
SKI	1734	1677	1661	1616
SKIDA1	63	79	72	53
SKIL	6952	6706	10368	9979
SKINTL	0	0	0	0
SKIV2L	4346	4037	4875	4465
SKIV2L2	5618	5403	4462	4383
SKOR1	1	2	4	4
SKOR2	0	0	0	0
SKP1	16378	15568	17023	17713
SKP1P2	1	0	0	0
SKP2	4646	4664	2249	2258
SLA	8	2	15	9
SLA2	5	3	7	3
SLAIN1	35	31	17	18
SLAIN2	4326	4351	3605	3657
SLAMF1	0	0	0	0
SLAMF6	0	0	0	0
SLAMF7	56	72	218	202
SLAMF8	0	0	0	0
SLAMF9	36	26	98	116
SLBP	3299	3177	2552	2732
SLC10A1	1	2	17	8
SLC10A2	0	0	0	0
SLC10A3	1651	1619	1348	1325
SLC10A4	1	0	2	1
SLC10A5	12	12	12	9
SLC10A6	7	5	3	7
SLC10A7	518	550	479	499
SLC11A1	1	2	3	1
SLC11A2	6656	6284	8088	7513
SLC12A1	0	2	1	0
SLC12A2	921	962	1414	1369
SLC12A3	7	5	19	15
SLC12A4	9168	9161	10063	9271
SLC12A5	0	0	1	1
SLC12A6	2591	2451	2807	2683
SLC12A7	229	220	608	602
SLC12A8	1000	963	1206	1154
SLC12A9	1564	1562	1907	1606
SLC13A1	1	1	3	0
SLC13A2	0	0	15	9
SLC13A3	26	9	22	21
SLC13A4	6	3	5	2
SLC13A5	0	0	1	0
SLC14A1	0	0	0	3
SLC14A2	7	8	31	28
SLC15A1	1	2	1	0
SLC15A2	483	431	1200	1105
SLC15A3	152	141	230	190
SLC15A4	1212	1293	1242	1246
SLC15A5	1	0	0	0
SLC16A1	8350	8006	5806	5690
SLC16A1-AS1	54	51	28	25
SLC16A10	125	107	43	35
SLC16A11	1	0	2	6
SLC16A12	52	48	12	15
SLC16A13	912	887	1194	1083
SLC16A14	5113	5163	7028	6685
SLC16A2	28711	29088	29219	27954
SLC16A3	14367	14140	27956	26073
SLC16A4	5	16	12	14
SLC16A5	1010	912	1232	1113
SLC16A6	188	180	286	232
SLC16A7	1177	1045	1370	1395
SLC16A8	2	0	3	2
SLC16A9	20	22	4	13
SLC17A1	0	0	0	0
SLC17A2	0	0	1	0
SLC17A3	0	0	0	0
SLC17A4	1	0	0	1
SLC17A5	1620	1647	4741	4482
SLC17A6	0	0	0	0
SLC17A7	3	3	9	1
SLC17A8	0	0	2	0
SLC17A9	0	2	1	1
SLC18A1	0	0	0	0
SLC18A2	14	11	2	3
SLC18A3	0	0	0	0
SLC18B1	4213	3961	4023	3913
SLC19A1	1337	1438	1128	1049
SLC19A2	1638	1491	1378	1410
SLC19A3	227	225	102	108
SLC1A1	45	36	442	433
SLC1A2	11	7	57	50
SLC1A3	31603	31642	42198	42004
SLC1A4	718	763	438	422
SLC1A5	15593	15000	5388	5349
SLC1A6	1	0	0	0
SLC1A7	0	0	0	0
SLC20A1	2872	3039	2994	2823
SLC20A2	2448	2368	2123	2044
SLC22A1	2	2	4	3
SLC22A10	0	0	0	0
SLC22A11	1	1	3	3
SLC22A12	0	0	0	0
SLC22A13	31	24	22	15
SLC22A14	22	26	39	39
SLC22A15	1074	1036	1171	1108
SLC22A16	1	0	1	1
SLC22A17	9	4	22	19
SLC22A18	1580	1520	4488	4095
SLC22A18AS	2	0	4	5
SLC22A2	2	3	3	5
SLC22A20	220	239	270	251
SLC22A23	1869	1646	2040	1863
SLC22A24	0	0	0	0
SLC22A25	0	0	0	0
SLC22A3	0	2	3	10
SLC22A31	18	18	7	10
SLC22A4	228	221	337	363
SLC22A5	3061	3049	4562	4450
SLC22A6	0	0	0	0
SLC22A7	0	1	0	0
SLC22A8	0	0	0	0
SLC22A9	0	0	0	0
SLC23A1	2	0	1	0
SLC23A2	1701	1795	1927	1879
SLC23A3	53	65	79	64
SLC24A1	1136	1075	970	853
SLC24A2	2	2	3	1
SLC24A3	152	153	197	205
SLC24A4	7	3	6	3
SLC24A5	0	0	0	1
SLC25A1	4250	4195	3927	3674
SLC25A10	2676	2692	2314	2229
SLC25A11	4387	4178	4177	4069
SLC25A12	3001	2988	3491	3558
SLC25A13	4636	4437	4508	4512
SLC25A14	318	270	300	255
SLC25A15	4027	3756	2589	2631
SLC25A16	654	680	640	624
SLC25A17	1648	1638	1425	1427
SLC25A18	0	0	1	0
SLC25A19	704	700	533	519
SLC25A2	0	0	0	0
SLC25A20	959	863	1567	1527
SLC25A21	304	272	171	178
SLC25A21-AS1	138	136	94	103
SLC25A22	1194	1251	1180	937
SLC25A23	7312	6923	8176	8029
SLC25A24	3577	3289	3453	3470
SLC25A25	517	610	895	860
SLC25A26	930	854	783	744
SLC25A27	235	224	217	192
SLC25A28	1426	1482	1103	1009
SLC25A29	724	795	1255	1007
SLC25A3	42261	41674	41235	42071
SLC25A30	1424	1335	1396	1406
SLC25A30-AS1	1	0	0	1
SLC25A31	0	1	0	0
SLC25A32	2234	2195	1562	1625
SLC25A33	390	355	289	253
SLC25A34	32	32	19	36
SLC25A35	391	485	470	394
SLC25A36	9491	8655	11292	11098
SLC25A37	793	729	1034	911
SLC25A38	1691	1544	1476	1423
SLC25A39	12956	12562	12244	11514
SLC25A3P1	0	0	0	0
SLC25A4	2656	2603	3558	3511
SLC25A40	2085	2081	1562	1566
SLC25A41	3	1	2	2
SLC25A42	175	176	239	234
SLC25A43	1779	1664	1381	1361
SLC25A44	2760	2507	2712	2546
SLC25A45	684	794	2623	2382
SLC25A46	3799	3663	3075	3052
SLC25A47	0	0	2	2
SLC25A48	0	0	0	0
SLC25A5	34978	32900	30297	30419
SLC25A5-AS1	49	40	39	39
SLC25A51	743	697	865	881
SLC25A51P1	0	0	0	0
SLC25A52	0	0	0	0
SLC25A53	9	10	9	12
SLC25A6	0	0	0	0
SLC26A1	12	10	26	22
SLC26A10	60	63	72	46
SLC26A11	403	412	706	664
SLC26A2	2210	2251	1695	1690
SLC26A3	0	0	1	0
SLC26A4	11	14	12	18
SLC26A4-AS1	2	0	0	2
SLC26A5	0	0	0	0
SLC26A6	3612	3639	5585	4885
SLC26A7	8	9	18	17
SLC26A8	1	1	4	2
SLC26A9	1	0	0	1
SLC27A1	371	387	529	460
SLC27A2	6295	6546	9453	9301
SLC27A3	1115	1118	980	952
SLC27A4	3484	3364	3555	3332
SLC27A5	285	270	140	138
SLC27A6	0	2	0	1
SLC28A1	14	21	10	12
SLC28A2	1	0	3	0
SLC28A3	545	440	707	652
SLC29A1	2441	2512	1002	938
SLC29A2	4829	4878	3607	3168
SLC29A3	1579	1523	1942	1796
SLC29A4	5	7	30	21
SLC2A1	10253	9939	10795	10619
SLC2A1-AS1	17	19	22	21
SLC2A10	1068	1047	2192	2029
SLC2A11	1250	1215	1781	1732
SLC2A12	970	868	363	355
SLC2A13	330	315	182	207
SLC2A14	25	23	25	26
SLC2A2	0	0	0	0
SLC2A3	1399	1412	1536	1440
SLC2A4	41	36	71	77
SLC2A4RG	4117	4278	2674	2545
SLC2A5	3	6	6	3
SLC2A6	655	639	630	589
SLC2A7	0	0	0	0
SLC2A8	726	703	752	766
SLC2A9	1712	1568	531	484
SLC30A1	3260	3193	4591	4286
SLC30A10	0	0	0	0
SLC30A2	1	0	0	0
SLC30A3	67	78	26	22
SLC30A4	370	335	259	279
SLC30A5	4833	4724	4929	4611
SLC30A6	4215	3905	4424	4147
SLC30A7	2297	2253	3472	3433
SLC30A8	0	0	0	0
SLC30A9	9806	9688	10180	10607
SLC31A1	7048	6935	9691	9292
SLC31A2	1285	1251	2264	2245
SLC32A1	0	0	0	0
SLC33A1	3150	2906	3418	3230
SLC34A1	1	2	1	3
SLC34A2	0	1	1	0
SLC34A3	32	45	184	139
SLC35A1	3105	2979	3524	3474
SLC35A2	2769	2636	3648	3454
SLC35A3	2952	2893	3561	3467
SLC35A4	4421	4189	4612	4353
SLC35A5	2598	2422	2872	2849
SLC35B1	2717	2766	3273	3047
SLC35B2	8830	8830	13262	12560
SLC35B3	2652	2494	3771	3653
SLC35B4	1477	1523	824	769
SLC35C1	2746	2714	4613	4220
SLC35C2	3565	3504	4475	4330
SLC35D1	5759	5436	2568	2441
SLC35D2	718	716	811	846
SLC35D3	1	0	1	0
SLC35E1	4555	4201	5021	4796
SLC35E2	371	344	507	404
SLC35E2B	2070	1927	2606	2283
SLC35E3	786	913	799	775
SLC35E4	284	278	414	360
SLC35F1	4	2	5	3
SLC35F2	2930	2796	2380	2199
SLC35F3	167	178	270	344
SLC35F4	0	0	0	0
SLC35F5	3672	3354	3374	3283
SLC35F6	5833	5967	7701	7546
SLC35G1	420	398	242	288
SLC35G2	288	271	491	580
SLC35G3	1	0	0	0
SLC35G4P	0	0	0	0
SLC35G5	0	0	0	1
SLC35G6	0	0	1	0
SLC36A1	1078	1067	379	422
SLC36A2	1	2	0	0
SLC36A3	0	0	0	0
SLC36A4	2785	2675	2032	2175
SLC37A1	2470	2425	3376	3285
SLC37A2	4923	4650	3229	2908
SLC37A3	1698	1660	2625	2510
SLC37A4	2811	2958	2286	2111
SLC38A1	40270	38465	37021	35944
SLC38A10	7197	7050	13884	13631
SLC38A11	0	0	2	0
SLC38A2	36529	35642	46049	43517
SLC38A3	27	33	43	42
SLC38A4	737	764	289	277
SLC38A5	54	42	53	53
SLC38A6	481	489	403	376
SLC38A7	1395	1351	1750	1604
SLC38A8	2	2	0	0
SLC38A9	1123	1109	1080	1061
SLC39A1	13028	13115	17232	16770
SLC39A10	15180	15052	32026	30419
SLC39A11	2770	2570	4283	4209
SLC39A12	0	0	4	1
SLC39A13	2144	2176	3450	3309
SLC39A14	2101	2011	1426	1419
SLC39A2	87	73	197	171
SLC39A3	944	1029	1347	1211
SLC39A4	26	12	59	52
SLC39A5	2	5	1	1
SLC39A6	6975	6911	6765	6563
SLC39A7	19161	18753	26612	25795
SLC39A8	4168	4147	6801	6732
SLC39A9	9566	9397	10598	10327
SLC3A1	2	2	1	5
SLC3A2	171231	166694	151916	144906
SLC40A1	1363	1260	3020	2895
SLC41A1	1578	1533	1519	1395
SLC41A2	1573	1559	2632	2540
SLC41A3	7266	7168	9212	8599
SLC43A1	42	39	12	25
SLC43A2	589	500	1091	996
SLC43A3	945	917	789	698
SLC44A1	19217	17570	20970	20080
SLC44A2	14953	14631	17448	16011
SLC44A3	2095	2025	4896	4724
SLC44A4	6	2	6	8
SLC44A5	3546	3375	2046	1973
SLC45A1	2	0	1	1
SLC45A2	0	3	1	3
SLC45A3	233	255	244	239
SLC45A4	1489	1350	2977	2637
SLC46A1	4727	4465	3240	2952
SLC46A2	0	0	0	0
SLC46A3	2330	2305	7521	7059
SLC47A1	723	664	186	183
SLC47A2	234	205	17	20
SLC48A1	3609	3560	3442	3275
SLC4A1	16	23	19	16
SLC4A10	0	0	2	2
SLC4A11	681	724	684	572
SLC4A1AP	2634	2657	2219	2292
SLC4A2	7157	7257	8844	8645
SLC4A3	2426	2581	1635	1407
SLC4A4	720	629	927	892
SLC4A5	20	15	27	27
SLC4A7	1858	1750	1208	1162
SLC4A8	128	122	155	152
SLC4A9	3	6	3	6
SLC50A1	1921	2011	1967	1889
SLC51A	1	1	3	0
SLC51B	31	31	99	131
SLC52A1	232	244	56	47
SLC52A2	4062	4054	5693	5421
SLC52A3	331	370	625	546
SLC5A1	0	0	1	0
SLC5A10	2	2	7	4
SLC5A11	11	8	18	10
SLC5A12	8	4	11	5
SLC5A2	1	0	3	2
SLC5A3	1473	1224	678	680
SLC5A4	0	2	0	0
SLC5A5	2	1	0	0
SLC5A6	2170	1997	1796	1561
SLC5A7	0	1	2	0
SLC5A8	0	0	0	0
SLC5A9	1	1	0	0
SLC6A1	0	0	0	0
SLC6A1-AS1	0	0	0	0
SLC6A10P	14	15	19	19
SLC6A11	605	651	199	204
SLC6A12	0	3	5	6
SLC6A13	1	4	3	2
SLC6A14	2832	2695	16347	15597
SLC6A15	0	0	0	0
SLC6A16	6	2	18	8
SLC6A17	92	83	269	256
SLC6A18	2	2	0	0
SLC6A19	3	7	38	27
SLC6A2	310	308	248	245
SLC6A20	17	24	91	117
SLC6A3	0	2	0	1
SLC6A4	7	10	4	11
SLC6A5	0	0	0	0
SLC6A6	5901	5686	14612	13537
SLC6A7	17	16	26	13
SLC6A8	2723	2637	5058	4747
SLC6A9	2049	1977	2175	1949
SLC7A1	11826	11544	20519	20820
SLC7A10	1	5	0	1
SLC7A11	10433	10364	3285	3325
SLC7A11-AS1	4	0	0	1
SLC7A13	0	0	0	0
SLC7A14	0	0	0	3
SLC7A2	375	305	757	709
SLC7A3	0	0	0	0
SLC7A4	1	2	1	0
SLC7A5	573571	573328	516459	492752
SLC7A5P1	21	16	12	10
SLC7A5P2	70	63	41	53
SLC7A6	7037	7129	7136	6647
SLC7A6OS	646	624	576	534
SLC7A7	81	88	203	197
SLC7A8	165	199	124	129
SLC7A9	0	0	3	0
SLC8A1	221	219	284	269
SLC8A1-AS1	1	0	0	1
SLC8A2	0	1	0	2
SLC8A3	0	0	0	0
SLC8B1	1937	1879	3739	3368
SLC9A1	1603	1394	1703	1723
SLC9A2	16	17	22	16
SLC9A3	0	2	1	3
SLC9A3R1	3980	3926	5620	5495
SLC9A3R2	647	576	811	779
SLC9A4	12	15	25	19
SLC9A5	296	351	480	400
SLC9A6	1306	1271	1492	1434
SLC9A7	2152	2051	3875	3711
SLC9A7P1	1	3	2	2
SLC9A8	2450	2467	3663	3372
SLC9A9	38	27	19	26
SLC9A9-AS1	0	0	0	0
SLC9B1	14	7	16	10
SLC9B2	913	890	536	570
SLC9C1	7	2	6	12
SLC9C2	1	1	0	1
SLCO1A2	177	165	154	122
SLCO1B1	0	1	1	4
SLCO1B3	4	2	1	6
SLCO1B7	0	0	0	0
SLCO1C1	0	0	0	0
SLCO2A1	6	10	79	63
SLCO2B1	14	20	88	89
SLCO3A1	3020	2860	2497	2460
SLCO4A1	148	153	447	412
SLCO4C1	0	0	0	0
SLCO5A1	1	0	0	1
SLCO6A1	0	0	0	0
SLED1	0	0	0	0
SLFN11	2218	2222	2576	2495
SLFN12	812	742	702	722
SLFN12L	1	1	0	0
SLFN13	1738	1737	1596	1427
SLFN14	0	0	0	0
SLFN5	2042	1850	5018	4897
SLFNL1	8	3	2	4
SLFNL1-AS1	33	26	29	29
SLIRP	1769	1933	1692	1668
SLIT1	8	12	30	23
SLIT2	48	35	21	22
SLIT2-IT1	0	0	0	0
SLIT3	3	0	0	0
SLITRK1	0	1	0	0
SLITRK2	0	0	1	1
SLITRK3	0	1	1	1
SLITRK4	5	13	14	9
SLITRK5	0	0	1	0
SLITRK6	114	86	166	154
SLK	13003	12131	10150	10065
SLMAP	4367	4126	4344	4359
SLMO1	168	175	111	109
SLMO2	5727	5283	4163	4018
SLMO2-ATP5E	0	1	0	2
SLN	0	0	0	0
SLPI	5927	5890	8979	8848
SLTM	8015	7803	6643	6565
SLU7	3131	3096	2617	2617
SLURP1	0	3	14	9
SLX1A	0	0	0	0
SLX1A-SULT1A3	0	0	0	0
SLX1B	0	0	0	0
SLX1B-SULT1A4	0	0	0	0
SLX4	1185	1172	623	570
SLX4IP	102	82	57	64
SMA4	192	214	154	146
SMA5	102	117	78	63
SMAD1	2023	1872	1608	1576
SMAD1-AS2	0	0	0	0
SMAD2	8084	7743	9958	9862
SMAD3	3686	3525	4456	4053
SMAD4	3808	3692	3722	3691
SMAD5	6119	5572	3626	3440
SMAD5-AS1	4	1	3	6
SMAD6	405	497	644	642
SMAD7	822	845	874	918
SMAD9	254	272	152	114
SMAGP	456	429	308	295
SMAP1	4099	4029	3905	3847
SMAP2	1451	1414	1367	1366
SMARCA1	1518	1409	1191	1158
SMARCA2	5174	4982	4759	4795
SMARCA4	7103	6670	5805	5819
SMARCA5	10348	9809	8002	7872
SMARCA5-AS1	0	0	4	5
SMARCAD1	3260	3071	2812	2760
SMARCAL1	1514	1422	1326	1327
SMARCB1	3552	3391	2653	2547
SMARCC1	9316	8805	6728	6722
SMARCC2	6100	5815	5795	5345
SMARCD1	3339	3276	2369	2122
SMARCD2	6634	6384	5312	5242
SMARCD3	798	784	790	706
SMARCE1	7452	7251	6676	6494
SMC1A	18327	17693	9592	9312
SMC1B	9	7	6	6
SMC2	8840	8397	3383	3417
SMC3	6335	6121	3440	3372
SMC4	18627	17966	9210	8907
SMC5	4359	4477	3456	3545
SMC5-AS1	37	26	17	27
SMC6	3348	3203	1977	2005
SMCHD1	4478	4310	5261	5063
SMCO2	21	14	20	12
SMCO3	1	1	1	0
SMCO4	243	244	431	449
SMCP	0	0	0	0
SMCR5	0	0	0	0
SMCR8	4030	3751	4022	3697
SMCR9	0	0	0	0
SMDT1	1556	1494	1757	1714
SMEK1	6137	5950	4731	4723
SMEK2	9979	9695	9676	9361
SMEK3P	2	0	0	0
SMG1	8837	7952	7487	7250
SMG1P1	122	119	86	81
SMG1P2	93	105	88	58
SMG1P3	272	169	132	148
SMG1P5	43	32	36	35
SMG1P7	301	335	229	169
SMG5	7104	7050	7577	6651
SMG6	2510	2405	2222	2150
SMG7	11288	10854	10405	9844
SMG7-AS1	6	4	5	6
SMG8	2042	1883	1908	1729
SMG9	2408	2388	2293	2109
SMIM1	32	22	58	59
SMIM10	0	3	0	0
SMIM11	881	847	693	710
SMIM12	2195	2193	2200	2228
SMIM13	3226	3025	1954	1851
SMIM14	1291	1264	1901	1870
SMIM15	4803	4469	3698	3693
SMIM17	22	28	51	46
SMIM18	0	0	0	0
SMIM19	657	652	657	720
SMIM2	4	5	1	1
SMIM2-AS1	54	49	53	62
SMIM2-IT1	2	1	3	0
SMIM20	997	989	1047	1030
SMIM21	0	0	0	0
SMIM22	42	42	143	171
SMIM23	0	0	0	0
SMIM24	10	2	17	18
SMIM3	408	356	274	283
SMIM4	402	341	409	436
SMIM5	8	4	32	26
SMIM6	37	22	153	129
SMIM7	3418	3312	3313	3391
SMIM8	637	594	606	626
SMIM9	0	0	0	0
SMKR1	66	61	50	31
SMLR1	0	0	0	0
SMN1	0	0	0	0
SMN2	0	0	0	0
SMNDC1	2372	2201	1647	1530
SMO	2853	2733	1958	1983
SMOC1	8912	8398	13949	13204
SMOC2	20	17	4	9
SMOX	1569	1401	3303	3167
SMPD1	741	754	3606	3381
SMPD2	1207	1154	1364	1338
SMPD3	4	2	2	3
SMPD4	5220	5277	3300	2986
SMPDL3A	1023	1068	3837	3857
SMPDL3B	758	834	1088	965
SMPX	0	0	2	0
SMR3A	0	0	0	0
SMR3B	0	0	0	0
SMS	6010	5886	5053	5010
SMTN	1368	1384	667	653
SMTNL1	0	1	0	0
SMTNL2	3	2	1	0
SMU1	5217	5040	3718	3707
SMUG1	1591	1463	1542	1472
SMURF1	2415	2243	2320	2281
SMURF2	1470	1415	1338	1300
SMYD1	0	1	3	2
SMYD2	2067	2059	1641	1606
SMYD3	687	694	849	830
SMYD4	1091	1089	871	851
SMYD5	1495	1401	1175	1081
SNAI1	15	9	13	4
SNAI2	1048	1039	498	490
SNAI3	84	67	24	25
SNAI3-AS1	197	185	121	130
SNAP23	2839	2570	3320	3344
SNAP25	0	0	0	0
SNAP25-AS1	1	0	0	0
SNAP29	2501	2513	2687	2605
SNAP47	1539	1426	1031	1042
SNAP91	0	0	1	0
SNAPC1	980	926	596	596
SNAPC2	589	562	491	490
SNAPC3	1375	1325	1419	1413
SNAPC4	1060	1173	938	874
SNAPC5	530	476	472	466
SNAPIN	1195	1190	1147	1105
SNAR-A1	0	0	0	0
SNAR-A10	0	0	0	0
SNAR-A11	0	0	0	0
SNAR-A12	0	0	0	0
SNAR-A13	0	0	0	0
SNAR-A14	0	0	0	0
SNAR-A2	0	0	0	0
SNAR-A3	0	0	0	0
SNAR-A4	0	0	0	0
SNAR-A5	0	0	0	0
SNAR-A6	0	0	0	0
SNAR-A7	0	0	0	0
SNAR-A8	0	0	0	0
SNAR-A9	0	0	0	0
SNAR-B1	0	0	0	0
SNAR-B2	0	0	0	0
SNAR-C1	0	0	0	0
SNAR-C2	0	0	0	0
SNAR-C3	0	0	0	0
SNAR-C4	0	0	0	0
SNAR-C5	0	0	0	0
SNAR-D	0	0	0	0
SNAR-E	0	0	0	0
SNAR-F	0	0	0	0
SNAR-G1	0	0	0	0
SNAR-G2	0	0	0	0
SNAR-H	0	0	0	0
SNAR-I	0	0	0	0
SNCA	146	142	62	59
SNCA-AS1	0	0	0	0
SNCAIP	176	170	49	40
SNCB	2	0	0	0
SNCG	8382	8038	2050	2040
SND1	15255	14913	14012	13604
SND1-IT1	1	1	0	1
SNED1	321	302	1091	1008
SNF8	2792	2729	2509	2589
SNHG1	5175	5190	2929	2892
SNHG10	305	308	215	188
SNHG11	627	648	729	690
SNHG12	326	377	390	300
SNHG15	1158	1188	457	464
SNHG16	3845	3931	3444	3385
SNHG17	1922	1981	1062	1155
SNHG18	1	2	5	3
SNHG20	257	254	143	154
SNHG21	246	261	175	169
SNHG22	0	0	0	1
SNHG3	1187	1151	576	538
SNHG4	455	508	232	156
SNHG5	945	921	628	679
SNHG6	2410	2357	1500	1573
SNHG7	1320	1360	1054	1038
SNHG8	1855	1912	991	1004
SNHG9	96	111	123	137
SNIP1	1206	1223	970	973
SNN	3559	3360	1921	1840
SNORA1	52	56	25	22
SNORA10	12	19	10	4
SNORA11	1	2	1	4
SNORA11B	0	0	0	0
SNORA11C	0	0	0	0
SNORA11D	0	0	0	0
SNORA11E	0	0	0	0
SNORA12	4	4	0	1
SNORA13	6	12	7	5
SNORA14A	2	3	0	2
SNORA14B	17	13	8	7
SNORA15	2	1	3	1
SNORA16A	39	23	26	23
SNORA16B	6	4	7	3
SNORA17	0	0	0	0
SNORA18	309	330	145	146
SNORA19	3	1	0	2
SNORA20	5	5	3	3
SNORA21	8	15	6	4
SNORA22	4	1	3	5
SNORA23	4	1	2	2
SNORA24	29	26	13	12
SNORA25	82	119	92	98
SNORA26	31	28	24	13
SNORA27	17	17	12	17
SNORA28	2	5	2	4
SNORA29	3	2	5	2
SNORA2A	4	1	3	1
SNORA2B	6	3	2	1
SNORA30	1	3	0	0
SNORA31	8	10	17	12
SNORA32	158	179	122	110
SNORA33	92	102	61	71
SNORA34	3	5	1	2
SNORA35	0	0	0	0
SNORA36A	0	0	0	0
SNORA36B	0	0	0	0
SNORA36C	0	0	0	0
SNORA37	2	0	0	1
SNORA38	0	0	1	1
SNORA38B	5	5	3	1
SNORA4	22	31	16	14
SNORA40	419	453	216	184
SNORA41	10	11	12	13
SNORA43	0	0	0	0
SNORA44	9	4	12	18
SNORA45A	30	27	27	18
SNORA45B	25	30	14	19
SNORA46	2	2	3	2
SNORA47	6	5	4	6
SNORA48	19	13	11	16
SNORA49	0	3	0	0
SNORA51	5	6	7	6
SNORA52	18	12	14	10
SNORA53	20	8	3	10
SNORA54	1	1	1	2
SNORA55	13	11	6	10
SNORA56	0	0	0	0
SNORA57	16	18	11	18
SNORA58	3	3	1	1
SNORA59A	0	0	0	0
SNORA59B	0	0	0	0
SNORA5A	14	11	10	8
SNORA5B	15	13	4	11
SNORA5C	29	28	17	23
SNORA6	38	35	20	16
SNORA60	25	27	24	22
SNORA61	78	99	59	56
SNORA62	39	44	22	24
SNORA63	23	33	27	19
SNORA64	15	17	9	11
SNORA65	5	4	3	1
SNORA66	14	14	4	3
SNORA67	43	45	30	22
SNORA68	16	18	10	7
SNORA69	19	7	11	13
SNORA70	114	136	91	81
SNORA70B	0	0	0	1
SNORA70C	0	0	0	0
SNORA70D	0	0	0	0
SNORA70E	0	0	0	0
SNORA70F	1	1	1	0
SNORA70G	0	0	0	0
SNORA71A	9	14	9	3
SNORA71B	23	28	22	11
SNORA71C	19	19	13	10
SNORA71D	0	1	0	1
SNORA71E	8	8	17	8
SNORA72	37	38	25	21
SNORA74A	0	2	0	0
SNORA74B	0	0	0	0
SNORA75	8	9	9	8
SNORA76A	4	4	1	0
SNORA76C	16	14	6	6
SNORA77	2	2	3	0
SNORA78	2	4	1	0
SNORA79	2	0	0	0
SNORA7A	0	0	0	0
SNORA7B	5	2	2	1
SNORA8	201	217	142	152
SNORA80A	0	0	0	0
SNORA80B	0	3	1	0
SNORA80E	4	2	2	3
SNORA81	48	54	37	18
SNORA84	0	1	0	3
SNORA9	60	58	26	22
SNORD10	19	11	18	18
SNORD100	32	29	20	19
SNORD101	60	61	30	23
SNORD102	32	28	15	24
SNORD103A	0	0	0	0
SNORD103B	0	0	0	0
SNORD104	77	91	45	39
SNORD105	1	0	0	0
SNORD105B	0	0	0	0
SNORD107	0	0	0	0
SNORD108	0	0	0	0
SNORD109A	0	0	0	0
SNORD109B	0	0	0	0
SNORD11	10	6	2	5
SNORD110	13	13	5	7
SNORD111	0	0	0	0
SNORD111B	0	0	0	0
SNORD113-1	0	0	0	0
SNORD113-2	0	0	0	0
SNORD113-4	0	0	0	0
SNORD113-5	0	0	0	0
SNORD113-6	0	0	0	0
SNORD113-7	0	0	0	0
SNORD113-9	0	0	0	0
SNORD114-1	0	0	0	0
SNORD114-10	0	0	0	0
SNORD114-11	0	0	0	0
SNORD114-12	0	0	0	0
SNORD114-13	0	0	0	0
SNORD114-14	0	0	0	0
SNORD114-15	0	0	0	0
SNORD114-16	0	0	0	0
SNORD114-17	0	0	0	0
SNORD114-18	0	0	0	0
SNORD114-19	0	0	0	0
SNORD114-2	0	0	0	0
SNORD114-20	0	0	0	0
SNORD114-21	0	0	0	0
SNORD114-22	0	0	0	0
SNORD114-23	0	0	0	0
SNORD114-24	0	0	0	0
SNORD114-25	0	0	0	0
SNORD114-26	0	0	0	0
SNORD114-27	0	0	0	0
SNORD114-28	0	0	0	0
SNORD114-29	0	0	0	0
SNORD114-3	0	0	0	0
SNORD114-30	0	0	0	0
SNORD114-31	0	0	0	0
SNORD114-4	0	0	0	0
SNORD114-5	0	0	0	0
SNORD114-6	0	0	0	0
SNORD114-7	0	0	0	0
SNORD114-8	0	0	0	0
SNORD114-9	0	0	0	0
SNORD115-1	0	0	0	0
SNORD115-10	0	0	0	0
SNORD115-11	0	0	0	0
SNORD115-12	0	0	0	0
SNORD115-13	0	0	0	0
SNORD115-14	0	0	0	0
SNORD115-15	0	0	0	0
SNORD115-16	0	0	0	0
SNORD115-17	0	0	0	0
SNORD115-18	0	0	0	0
SNORD115-19	0	0	0	0
SNORD115-2	0	0	0	0
SNORD115-20	0	0	0	0
SNORD115-21	0	0	0	0
SNORD115-22	0	0	0	0
SNORD115-23	0	0	0	0
SNORD115-24	0	0	0	0
SNORD115-25	0	0	0	0
SNORD115-26	0	0	0	0
SNORD115-27	0	0	0	0
SNORD115-28	0	0	0	0
SNORD115-29	0	0	0	0
SNORD115-3	0	0	0	0
SNORD115-30	0	0	0	0
SNORD115-31	0	0	0	0
SNORD115-32	0	0	0	0
SNORD115-33	0	0	0	0
SNORD115-34	0	0	0	0
SNORD115-35	0	0	0	0
SNORD115-36	0	0	0	0
SNORD115-37	0	0	0	0
SNORD115-38	0	0	0	0
SNORD115-39	0	0	0	0
SNORD115-4	0	0	0	0
SNORD115-40	0	0	0	0
SNORD115-41	0	0	0	0
SNORD115-42	0	0	0	0
SNORD115-43	0	0	0	0
SNORD115-44	0	0	0	0
SNORD115-45	0	0	0	0
SNORD115-46	0	0	0	0
SNORD115-47	0	0	0	0
SNORD115-48	0	0	0	0
SNORD115-5	0	0	0	0
SNORD115-6	0	0	0	0
SNORD115-7	0	0	0	0
SNORD115-8	0	0	0	0
SNORD115-9	0	0	0	0
SNORD116-1	0	1	2	0
SNORD116-10	0	0	0	0
SNORD116-11	1	0	0	0
SNORD116-12	2	2	0	0
SNORD116-13	0	1	0	0
SNORD116-14	1	0	1	0
SNORD116-15	0	0	0	0
SNORD116-16	0	0	0	0
SNORD116-17	0	0	0	0
SNORD116-18	0	0	0	0
SNORD116-19	0	0	0	0
SNORD116-2	1	0	2	0
SNORD116-20	7	5	7	7
SNORD116-21	23	10	8	9
SNORD116-22	7	6	4	2
SNORD116-23	3	0	1	0
SNORD116-24	1	2	6	3
SNORD116-25	0	0	0	0
SNORD116-26	0	0	0	1
SNORD116-27	0	0	1	1
SNORD116-28	13	10	11	15
SNORD116-29	0	1	1	0
SNORD116-3	0	0	0	0
SNORD116-30	0	1	0	0
SNORD116-4	21	27	22	22
SNORD116-5	0	0	0	0
SNORD116-6	0	0	0	0
SNORD116-7	0	0	0	0
SNORD116-8	0	0	0	1
SNORD116-9	0	0	0	0
SNORD117	7	8	4	1
SNORD119	2	1	2	2
SNORD11B	2	0	0	1
SNORD12	38	43	29	26
SNORD121A	3	0	1	0
SNORD121B	2	0	0	1
SNORD123	0	0	0	0
SNORD124	3	2	5	3
SNORD125	0	0	0	0
SNORD126	0	0	0	0
SNORD127	1	3	1	1
SNORD12B	22	9	9	5
SNORD12C	3	2	1	2
SNORD15A	8	4	3	4
SNORD15B	5	10	4	9
SNORD16	4	9	3	2
SNORD17	4	5	1	0
SNORD18A	2	1	1	1
SNORD18B	13	8	5	6
SNORD18C	32	20	25	16
SNORD19	5	5	4	5
SNORD19B	11	11	7	10
SNORD1A	9	21	3	7
SNORD1B	8	8	1	5
SNORD1C	20	17	11	10
SNORD2	38	58	34	32
SNORD20	4	9	9	3
SNORD21	7	4	6	3
SNORD22	84	97	44	39
SNORD23	15	13	12	8
SNORD24	9	15	5	1
SNORD25	136	123	61	55
SNORD26	36	35	12	19
SNORD27	32	28	18	28
SNORD28	46	60	39	22
SNORD29	25	44	26	23
SNORD30	29	50	19	25
SNORD31	181	181	109	105
SNORD32A	13	13	5	5
SNORD32B	0	0	0	0
SNORD33	0	0	0	1
SNORD34	4	3	1	3
SNORD35A	17	18	20	18
SNORD35B	30	39	29	24
SNORD36A	108	110	55	75
SNORD36B	2	5	2	2
SNORD36C	19	26	10	13
SNORD37	2	2	0	0
SNORD38A	5	3	2	2
SNORD38B	25	31	15	10
SNORD41	0	1	0	0
SNORD42A	12	7	5	7
SNORD42B	8	8	6	7
SNORD43	13	23	9	10
SNORD44	76	80	41	42
SNORD45A	33	61	29	40
SNORD45B	79	97	54	46
SNORD45C	96	110	80	76
SNORD46	6	6	6	6
SNORD47	106	88	51	55
SNORD48	25	21	17	14
SNORD49A	32	32	27	17
SNORD49B	3	4	1	1
SNORD4A	24	17	13	7
SNORD4B	3	1	1	3
SNORD5	104	108	80	97
SNORD50A	6	4	3	5
SNORD50B	43	50	27	27
SNORD51	2	6	2	7
SNORD52	91	103	69	61
SNORD53	0	1	0	0
SNORD54	9	4	10	7
SNORD55	12	16	13	6
SNORD56	5	12	2	4
SNORD56B	0	0	0	0
SNORD57	1	2	0	1
SNORD58A	29	35	11	24
SNORD58B	0	0	0	0
SNORD58C	44	47	31	31
SNORD59A	7	6	7	11
SNORD59B	6	7	11	5
SNORD6	24	42	22	19
SNORD60	47	64	40	33
SNORD61	0	0	0	0
SNORD62A	0	0	0	0
SNORD62B	0	0	0	0
SNORD63	14	9	7	7
SNORD64	0	0	0	0
SNORD65	6	8	4	2
SNORD66	0	1	0	0
SNORD67	6	11	2	4
SNORD68	26	17	14	14
SNORD69	9	9	8	7
SNORD7	13	6	9	6
SNORD70	1	0	0	0
SNORD71	0	0	0	0
SNORD72	7	4	2	5
SNORD73A	0	0	0	0
SNORD74	40	53	63	48
SNORD75	2	1	1	2
SNORD76	45	37	15	21
SNORD77	39	47	21	25
SNORD78	52	49	31	25
SNORD79	33	39	23	17
SNORD8	0	0	0	0
SNORD80	232	222	121	125
SNORD81	39	35	19	17
SNORD82	1	0	0	0
SNORD83A	10	22	6	10
SNORD83B	30	26	13	14
SNORD84	91	89	103	92
SNORD85	0	0	0	0
SNORD86	0	0	0	0
SNORD87	55	58	41	37
SNORD88A	3	1	3	2
SNORD88B	15	17	4	5
SNORD88C	1	3	1	2
SNORD89	29	33	54	43
SNORD9	4	2	2	2
SNORD90	0	0	0	0
SNORD91A	1	0	0	0
SNORD91B	2	1	2	0
SNORD92	0	0	0	0
SNORD93	18	19	2	4
SNORD94	16	6	6	4
SNORD95	4	3	6	3
SNORD96A	96	101	72	53
SNORD96B	0	0	0	0
SNORD97	19	15	16	11
SNORD98	2	3	5	1
SNORD99	20	17	21	17
SNPH	301	285	399	383
SNRK	1950	1904	2576	2698
SNRK-AS1	28	16	43	24
SNRNP200	24203	23202	16767	16553
SNRNP25	2224	2161	1362	1331
SNRNP27	1271	1290	1311	1281
SNRNP35	902	906	970	872
SNRNP40	2534	2511	1444	1478
SNRNP48	2862	2667	1668	1636
SNRNP70	6686	6517	6216	5414
SNRPA	3410	3192	1644	1548
SNRPA1	6173	6332	3585	3497
SNRPB	5197	5205	2870	2890
SNRPB2	1610	1587	1357	1428
SNRPC	5107	5001	3729	3546
SNRPD1	3822	3837	2048	2018
SNRPD2	5977	5463	3587	3627
SNRPD2P2	0	1	0	0
SNRPD3	9187	8973	6860	6762
SNRPE	2940	2811	1941	1929
SNRPF	2388	2493	1274	1357
SNRPG	3952	3748	2430	2599
SNRPN	1	1	3	4
SNTA1	865	836	767	791
SNTB1	116	139	440	437
SNTB2	2313	2117	2295	2182
SNTG1	0	0	0	0
SNTG2	0	0	0	0
SNTN	9	9	10	6
SNUPN	2279	2106	1621	1623
SNURF	12	9	19	26
SNW1	4454	4236	3163	3195
SNX1	6400	6227	6699	6308
SNX10	1976	1850	1050	1102
SNX11	1073	969	924	985
SNX12	4694	4592	5114	4988
SNX13	4701	4479	4298	4185
SNX14	9111	8900	9901	9925
SNX15	0	0	0	0
SNX16	722	624	546	666
SNX17	5302	5194	5249	5175
SNX18	2685	2619	2680	2694
SNX19	9886	9675	11403	11036
SNX2	4394	4198	3904	3802
SNX20	0	0	1	0
SNX21	1090	946	1126	1070
SNX22	13	12	23	28
SNX24	851	761	872	855
SNX25	1088	1102	1204	1204
SNX27	1167	1129	1027	998
SNX29	655	561	446	422
SNX29P1	0	0	1	1
SNX29P2	1	1	1	0
SNX3	8697	8606	8760	8796
SNX30	1948	1908	1660	1654
SNX31	2	1	1	1
SNX32	0	1	0	0
SNX33	4478	4169	4323	4146
SNX4	2207	2261	1939	2066
SNX5	3238	3191	1764	1748
SNX6	6655	6251	7270	7097
SNX7	3435	3295	2106	2146
SNX8	2150	2102	3555	3471
SNX9	1827	1785	2022	1859
SOAT1	4697	4454	8176	7778
SOAT2	3	10	0	1
SOBP	0	0	0	0
SOCS1	5	7	33	15
SOCS2	5261	5468	4791	4806
SOCS2-AS1	141	172	175	162
SOCS3	588	618	510	502
SOCS4	3580	3419	2698	2681
SOCS5	1688	1557	1392	1353
SOCS6	1937	1761	2286	2234
SOCS7	1693	1656	1655	1541
SOD1	8872	8820	7419	7334
SOD2	4355	4190	8128	7872
SOD3	191	232	547	459
SOGA1	4153	3516	1903	1854
SOGA3	0	0	0	0
SOHLH1	0	0	0	1
SOHLH2	4	3	3	4
SON	24318	23167	20223	18990
SORBS1	231	200	354	366
SORBS2	2258	2086	2198	2170
SORBS3	1931	2069	1766	1745
SORCS1	1	2	10	5
SORCS2	2031	2124	2898	2788
SORCS3	1	1	0	0
SORCS3-AS1	0	0	0	0
SORD	4512	4476	2678	2587
SORL1	2434	2126	2795	2794
SORT1	13002	12562	18002	17292
SOS1	5867	5455	5100	4985
SOS2	2534	2509	3299	3128
SOST	1	0	1	0
SOSTDC1	2	0	0	1
SOWAHA	170	138	45	48
SOWAHB	609	641	892	886
SOWAHC	7366	6918	3306	3398
SOWAHD	46	51	23	39
SOX1	0	0	0	0
SOX10	0	0	0	0
SOX11	1	0	1	0
SOX12	168	136	149	133
SOX13	1480	1602	1395	1251
SOX14	0	0	0	0
SOX15	1446	1420	1448	1387
SOX17	0	0	0	0
SOX18	13	13	11	16
SOX2	14	11	1	3
SOX2-OT	7	4	2	5
SOX21	0	0	0	0
SOX21-AS1	0	0	0	1
SOX3	0	0	0	0
SOX30	0	1	4	1
SOX4	3299	3191	10444	10124
SOX5	0	0	0	0
SOX6	76	60	30	36
SOX7	2189	1978	406	379
SOX8	0	0	0	0
SOX9	950	1013	2630	2520
SOX9-AS1	57	43	140	115
SP1	7662	7158	6566	5960
SP100	3029	2958	3703	3715
SP110	998	936	1035	961
SP140	13	16	33	33
SP140L	2386	2276	2823	2544
SP2	1371	1370	1481	1357
SP3	6789	6869	5682	5554
SP4	428	444	213	241
SP5	14	22	15	21
SP6	371	382	514	518
SP7	0	1	1	0
SP8	4	6	0	2
SP9	0	0	0	0
SPA17	952	904	562	528
SPACA1	0	0	0	0
SPACA3	8	8	145	137
SPACA4	1	0	1	1
SPACA5	0	0	0	0
SPACA5B	0	0	0	0
SPACA6P	115	115	126	106
SPACA6P-AS	19	17	10	14
SPACA7	0	0	0	0
SPAG1	2687	2629	2636	2607
SPAG11A	0	0	0	0
SPAG11B	0	0	0	0
SPAG16	1600	1625	1525	1569
SPAG17	14	6	22	12
SPAG4	35	42	67	58
SPAG5	9540	9176	2804	2670
SPAG5-AS1	14	13	4	7
SPAG6	0	1	3	2
SPAG7	1819	1715	1862	1798
SPAG8	42	34	22	16
SPAG9	5585	5439	5473	5470
SPAM1	0	0	1	2
SPANXA1	0	0	0	0
SPANXA2	0	0	0	0
SPANXA2-OT1	0	0	0	0
SPANXB1	0	0	0	0
SPANXC	0	0	0	0
SPANXD	0	0	0	0
SPANXN1	0	0	0	0
SPANXN2	0	0	0	0
SPANXN3	0	0	0	0
SPANXN4	0	0	0	0
SPANXN5	0	0	0	0
SPARC	9	8	15	15
SPARCL1	30	35	18	14
SPAST	1675	1539	1345	1369
SPATA12	12	3	8	11
SPATA13	1226	1204	1398	1246
SPATA13-AS1	0	0	0	0
SPATA16	0	0	0	0
SPATA17	15	20	39	51
SPATA18	2371	2202	903	923
SPATA19	0	0	0	0
SPATA2	755	723	771	703
SPATA20	4033	4021	4019	3848
SPATA21	0	0	0	0
SPATA22	0	0	0	0
SPATA24	108	98	108	98
SPATA25	65	54	71	69
SPATA2L	483	506	650	571
SPATA3	0	0	0	0
SPATA3-AS1	5	5	1	1
SPATA31A1	0	0	0	0
SPATA31A3	0	0	1	0
SPATA31A5	0	0	0	0
SPATA31A6	0	0	0	0
SPATA31A7	0	0	0	0
SPATA31C1	0	0	0	0
SPATA31C2	0	0	0	0
SPATA31D1	0	0	0	0
SPATA31D3	0	0	0	0
SPATA31D4	0	0	0	0
SPATA31D5P	1	0	0	0
SPATA31E1	0	0	2	3
SPATA32	0	2	1	3
SPATA33	543	621	463	499
SPATA4	4	0	5	3
SPATA41	51	41	36	34
SPATA42	0	0	1	0
SPATA45	0	1	1	1
SPATA5	719	644	404	430
SPATA5L1	947	918	718	684
SPATA6	176	160	222	168
SPATA6L	273	263	437	405
SPATA7	427	375	365	382
SPATA8	0	1	0	0
SPATA8-AS1	0	0	0	0
SPATA9	12	10	17	16
SPATC1	1	3	2	1
SPATC1L	48	34	27	23
SPATS1	0	0	0	1
SPATS2	2180	2055	1457	1412
SPATS2L	6120	5954	7369	7432
SPC24	525	577	188	182
SPC25	2159	2146	623	669
SPCS1	7417	7343	9720	9593
SPCS2	10682	10552	10781	10429
SPCS3	8013	7890	9072	8991
SPDEF	193	177	1315	1222
SPDL1	3488	3393	1894	1832
SPDYA	11	14	7	18
SPDYC	0	0	0	1
SPDYE1	2	2	1	2
SPDYE2	0	0	0	0
SPDYE2B	0	0	0	0
SPDYE3	0	0	2	0
SPDYE4	0	0	0	0
SPDYE5	2	2	0	2
SPDYE6	0	1	1	0
SPDYE7P	0	0	2	1
SPDYE8P	1	0	0	0
SPECC1	6288	6253	7160	6871
SPECC1L	1408	1451	1847	1783
SPECC1L-ADORA2A	3	1	4	8
SPEF1	4	4	9	11
SPEF2	577	530	606	570
SPEG	766	845	945	850
SPEM1	1	1	0	2
SPEN	167	170	159	181
SPERT	80	72	23	28
SPESP1	0	0	0	0
SPG11	4868	4583	5020	4859
SPG20	6427	6187	5154	5001
SPG20OS	19	17	9	9
SPG21	5048	4823	5247	5140
SPG7	5248	5263	6800	6127
SPHAR	0	0	0	0
SPHK1	505	443	607	571
SPHK2	620	605	458	417
SPHKAP	0	0	1	1
SPI1	1	2	6	9
SPIB	4	4	7	1
SPIC	0	0	0	0
SPICE1	1233	1177	1734	1571
SPIDR	1250	1209	1019	971
SPIN1	8192	8202	7753	7486
SPIN2A	0	1	1	1
SPIN2B	117	112	100	80
SPIN3	739	678	657	512
SPIN4	1486	1317	731	698
SPINK1	1	0	0	1
SPINK13	0	0	0	2
SPINK14	0	0	0	0
SPINK2	2	0	2	1
SPINK4	122	101	111	108
SPINK5	3	4	11	6
SPINK6	2	0	3	3
SPINK7	0	0	0	1
SPINK8	2	4	12	9
SPINK9	0	0	0	0
SPINT1	17405	16764	51163	46522
SPINT2	34516	34474	76693	73753
SPINT3	0	0	0	0
SPINT4	0	0	0	0
SPIRE1	2754	2644	2673	2526
SPIRE2	2008	2042	4134	3737
SPN	1	0	3	2
SPNS1	2800	2801	3074	2838
SPNS2	182	177	1638	1589
SPNS3	12	21	59	63
SPO11	0	0	0	0
SPOCD1	14	23	47	44
SPOCK1	372	367	2004	1860
SPOCK2	273	300	624	520
SPOCK3	4	5	1	2
SPON1	2	1	5	2
SPON2	1	0	0	0
SPOP	1822	1774	1502	1481
SPOPL	2041	1877	2478	2424
SPP1	51	36	7	10
SPP2	0	0	0	0
SPPL2A	5385	4987	6997	6718
SPPL2B	2058	2272	3237	2792
SPPL2C	0	0	0	0
SPPL3	3387	3318	2906	2789
SPR	3042	2779	3244	3195
SPRED1	406	372	314	322
SPRED2	589	603	505	536
SPRED3	25	30	73	58
SPRN	3	6	0	0
SPRNP1	0	0	0	0
SPRR1A	0	0	5	4
SPRR1B	7	3	2	10
SPRR2A	0	0	3	0
SPRR2B	0	0	1	1
SPRR2C	0	0	0	0
SPRR2D	0	1	0	2
SPRR2E	0	0	1	0
SPRR2F	0	4	3	1
SPRR2G	0	0	1	0
SPRR3	2	1	27	38
SPRR4	0	0	0	0
SPRTN	1596	1508	1207	1162
SPRY1	14	16	27	30
SPRY2	397	412	1003	948
SPRY3	2	2	7	3
SPRY4	1	0	5	4
SPRYD3	2612	2442	2771	2787
SPRYD4	1005	960	1137	1049
SPRYD7	1391	1392	812	874
SPSB1	402	429	300	282
SPSB2	309	344	309	333
SPSB3	1331	1378	1894	1850
SPSB4	0	0	1	0
SPTA1	51	51	323	309
SPTAN1	13605	12602	14576	14485
SPTB	30	19	13	8
SPTBN1	15028	13757	18833	18469
SPTBN2	10416	9551	8921	8664
SPTBN4	10	6	9	7
SPTBN5	736	717	1311	1056
SPTLC1	5961	5729	4913	4851
SPTLC2	4370	3988	5560	5357
SPTLC3	971	976	1330	1355
SPTSSA	15018	12980	10212	10009
SPTSSB	12	6	3	4
SPTY2D1	2848	2628	2772	2698
SPTY2D1-AS1	31	21	41	34
SPX	5	1	4	1
SPZ1	0	0	0	0
SQLE	20577	19659	8239	8214
SQRDL	2957	2821	3857	3845
SQSTM1	17400	16866	20943	20097
SRA1	1627	1566	1512	1479
SRBD1	1198	1126	707	653
SRC	3196	3113	1927	1823
SRCAP	8870	8060	7168	6980
SRCIN1	27	24	59	40
SRCRB4D	119	101	63	45
SRD5A1	4040	3685	3036	3038
SRD5A1P1	0	0	0	0
SRD5A2	0	1	2	1
SRD5A3	992	972	2528	2481
SRD5A3-AS1	5	0	1	2
SREBF1	18627	18017	21953	20185
SREBF2	20819	20057	18430	17220
SREK1	5674	5480	4161	3893
SREK1IP1	2032	1905	1405	1356
SRF	2917	2933	2201	2112
SRFBP1	875	884	602	629
SRGAP1	2629	2452	2894	2743
SRGAP2	1862	1757	812	715
SRGAP2-AS1	0	1	2	1
SRGAP2B	0	0	0	0
SRGAP2C	0	0	0	0
SRGAP2D	321	306	144	127
SRGAP3	3374	3295	1957	1843
SRGAP3-AS3	0	0	0	0
SRGN	5649	5460	12896	12844
SRI	6777	6458	6147	6091
SRL	2	3	15	8
SRM	1723	1640	1222	1128
SRMS	1	2	13	17
SRP14	10472	10093	11850	11773
SRP14-AS1	75	90	71	61
SRP19	1971	1843	1890	1818
SRP54	4611	4585	4632	4589
SRP68	5346	5217	4024	4028
SRP72	12689	12363	10064	10066
SRP9	13626	13294	11746	11935
SRPK1	11146	11133	8181	8220
SRPK2	3525	3442	2058	1965
SRPK3	12	16	22	5
SRPR	12991	13068	18868	17838
SRPRB	3930	3794	4482	4440
SRPX	35	28	18	23
SRPX2	816	793	945	880
SRR	500	444	607	610
SRRD	1080	1065	700	665
SRRM1	3271	3462	3073	2708
SRRM2	43475	45877	40549	34806
SRRM2-AS1	58	40	27	36
SRRM3	101	106	114	108
SRRM4	2	4	4	1
SRRM5	6	11	8	3
SRRT	6429	6624	4979	4715
SRSF1	22380	22073	14911	14447
SRSF10	5993	5934	4082	3948
SRSF11	9752	9680	8984	8232
SRSF12	6	6	2	1
SRSF2	15357	15428	9961	9851
SRSF3	18966	18071	12134	11774
SRSF4	2629	2572	2047	1974
SRSF5	8414	8783	8390	7587
SRSF6	16909	17063	19183	17481
SRSF7	6861	6559	3994	3879
SRSF8	4610	4203	3788	3803
SRSF9	7250	7013	5947	5886
SRXN1	4822	4857	3078	3040
SRY	0	0	0	0
SS18	6317	6051	4637	4583
SS18L1	2015	2051	2354	2100
SS18L2	805	749	583	607
SSB	9286	8825	5861	6079
SSBP1	4928	4761	3520	3528
SSBP2	916	857	574	515
SSBP3	6989	6766	8273	8229
SSBP3-AS1	0	3	8	13
SSBP4	1217	1260	855	905
SSC5D	10	9	18	9
SSFA2	9479	9002	10192	9678
SSH1	3983	3808	2753	2492
SSH2	1863	1748	1921	1900
SSH3	9707	9481	10684	9878
SSMEM1	0	2	0	0
SSNA1	1917	1837	1757	1758
SSPN	1052	1050	1929	1872
SSPO	90	116	185	150
SSR1	18142	17673	26175	25565
SSR2	5945	5720	10391	10094
SSR3	7751	7718	7446	7412
SSR4	5505	5516	7905	7683
SSR4P1	29	36	29	35
SSRP1	24792	23907	11189	11077
SSSCA1	1085	1026	799	818
SSSCA1-AS1	41	51	48	27
SST	0	0	0	0
SSTR1	1	1	0	0
SSTR2	0	1	1	1
SSTR3	0	0	0	0
SSTR4	0	0	0	0
SSTR5	0	1	0	0
SSTR5-AS1	1	0	1	0
SSU72	2488	2403	2510	2477
SSUH2	61	39	7	9
SSX1	0	0	2	1
SSX2	0	0	0	0
SSX2B	0	0	0	0
SSX2IP	2377	2329	1536	1492
SSX3	0	0	0	0
SSX4	0	0	0	0
SSX4B	0	0	0	0
SSX5	0	0	0	1
SSX6	0	0	0	0
SSX7	0	0	0	0
SSX8	0	0	0	0
SSX9	0	0	0	0
ST13	17065	16392	14417	14052
ST13P4	1	6	6	3
ST14	22590	22067	45136	42440
ST18	5	4	1	0
ST20	534	538	746	672
ST20-MTHFS	12	10	18	13
ST3GAL1	4351	4335	8436	7820
ST3GAL2	292	273	186	169
ST3GAL3	391	337	266	244
ST3GAL4	6109	6208	19152	18291
ST3GAL4-AS1	430	340	985	1080
ST3GAL5	72	53	103	91
ST3GAL6	50	53	52	34
ST3GAL6-AS1	0	1	3	7
ST5	7600	7392	9477	8535
ST6GAL1	1075	998	1399	1303
ST6GAL2	2	2	4	0
ST6GALNAC1	35	30	235	198
ST6GALNAC2	2686	2663	2256	2139
ST6GALNAC3	2	0	0	0
ST6GALNAC4	808	754	622	625
ST6GALNAC5	267	265	236	254
ST6GALNAC6	553	548	504	516
ST7	1852	1846	2238	2148
ST7-AS1	41	38	35	20
ST7-AS2	0	0	0	0
ST7-OT3	6	5	4	5
ST7-OT4	9	26	21	26
ST7L	536	535	523	475
ST8SIA1	1	1	1	5
ST8SIA2	0	0	1	0
ST8SIA3	0	0	0	0
ST8SIA4	5	2	2	2
ST8SIA5	0	1	3	1
ST8SIA6	0	1	3	1
ST8SIA6-AS1	0	0	0	0
STAB1	0	1	1	4
STAB2	1	0	0	0
STAC	257	281	162	154
STAC2	2	0	2	0
STAC3	40	51	45	35
STAG1	4398	4313	2476	2349
STAG2	8740	8239	5729	5583
STAG3	2	4	4	3
STAG3L1	78	61	57	55
STAG3L2	686	741	563	482
STAG3L3	66	65	70	60
STAG3L4	639	712	871	854
STAG3L5P	93	86	78	87
STAG3L5P-PVRIG2P-PILRB	3348	3532	3335	2771
STAM	1973	1830	1622	1598
STAM-AS1	47	29	19	12
STAM2	2265	1994	2733	2703
STAMBP	3588	3417	3185	3067
STAMBPL1	694	723	1509	1602
STAP1	2	1	1	2
STAP2	2439	2262	2722	2704
STAR	1	4	3	0
STARD10	3336	3300	5331	5110
STARD13	2125	2112	3596	3555
STARD13-AS	3	0	3	1
STARD3	1488	1489	1784	1612
STARD3NL	1509	1359	967	992
STARD4	1907	1883	764	747
STARD4-AS1	50	69	17	21
STARD5	1358	1294	571	598
STARD6	0	0	0	1
STARD7	13766	13311	14623	14567
STARD7-AS1	189	217	217	200
STARD8	89	81	31	32
STARD9	90	95	30	29
STAT1	7583	7063	8211	7768
STAT2	5792	5594	7355	6854
STAT3	14245	13744	14527	14003
STAT4	101	84	58	46
STAT5A	576	570	782	795
STAT5B	2329	2161	1751	1678
STAT6	9108	8686	8799	7812
STATH	0	0	0	0
STAU1	11255	10943	11797	11417
STAU2	4933	4549	4760	4863
STAU2-AS1	2	3	5	3
STBD1	202	204	193	154
STC1	578	572	2159	1996
STC2	2523	2702	1254	1233
STEAP1	183	208	163	163
STEAP1B	2	0	0	0
STEAP2	687	643	566	550
STEAP2-AS1	0	0	0	0
STEAP3	10482	10054	4935	4593
STEAP4	15870	15256	27621	25991
STH	0	0	0	0
STIL	3301	3202	1146	1100
STIM1	4132	4028	7259	6804
STIM2	1908	1919	1757	1709
STIP1	14817	14061	10812	10693
STK10	1591	1422	1231	1158
STK11	3783	3946	3558	3373
STK11IP	1673	1522	1374	1280
STK16	1667	1662	1593	1567
STK17A	4621	4521	2326	2316
STK17B	1285	1271	1141	1183
STK19	991	1040	1190	1090
STK24	21898	21388	22439	22561
STK25	3427	3392	3006	2788
STK3	3961	3856	4834	4840
STK31	133	121	254	268
STK32A	8	5	18	8
STK32B	0	0	0	0
STK32C	395	399	362	320
STK33	329	304	319	305
STK35	1394	1354	1255	1263
STK36	1389	1428	1856	1681
STK38	8587	8337	12484	11911
STK38L	2532	2329	2150	2145
STK39	5466	5123	6495	6408
STK4	3544	3403	2664	2698
STK4-AS1	27	35	22	22
STK40	1340	1330	1668	1569
STL	100	99	95	94
STMN1	8723	8300	3160	3163
STMN2	0	0	0	0
STMN3	86	67	63	43
STMN4	0	0	0	0
STMND1	2	3	2	3
STOM	70048	65886	66641	62770
STOML1	733	705	853	884
STOML2	5729	5463	4080	3973
STOML3	0	0	1	2
STON1	87	75	18	19
STON1-GTF2A1L	1	0	1	0
STON2	2865	2755	1056	1068
STOX1	347	366	289	285
STOX2	515	486	339	352
STPG1	248	223	155	150
STPG2	3	5	5	6
STPG2-AS1	2	2	1	0
STRA13	1244	1314	835	839
STRA6	113	105	222	180
STRA8	0	0	1	0
STRADA	1493	1447	1473	1360
STRADB	1126	1096	1174	1115
STRAP	12252	11615	11009	11037
STRBP	2971	2789	2484	2540
STRC	57	53	123	127
STRIP1	2121	2050	2214	2179
STRIP2	1142	1129	1068	1036
STRN	4574	4439	3936	3670
STRN3	1562	1486	1373	1340
STRN4	4024	4057	3791	3531
STS	1371	1347	4689	4610
STT3A	16670	16686	18292	17584
STT3B	10502	10151	14370	13849
STUB1	3589	3433	3443	3397
STX10	1737	1788	1536	1442
STX11	184	186	462	412
STX12	818	808	1083	1041
STX16	5680	5895	5345	4875
STX16-NPEPL1	57	47	44	41
STX17	3734	3625	3834	3673
STX18	1318	1276	1269	1302
STX18-AS1	126	111	109	92
STX19	342	307	314	324
STX1A	169	176	215	170
STX1B	121	136	136	92
STX2	491	472	333	347
STX3	2489	2368	2595	2663
STX4	1306	1299	1421	1325
STX5	2403	2411	2968	2900
STX6	5216	4938	4106	4006
STX7	5430	5301	5832	5863
STX8	1063	971	1060	1035
STXBP1	1559	1470	1824	1683
STXBP2	3775	3750	4064	3736
STXBP3	2802	2719	2902	2890
STXBP4	464	424	318	376
STXBP5	4043	3888	3238	3205
STXBP5-AS1	53	62	66	64
STXBP5L	0	0	0	0
STXBP6	4	0	0	0
STYK1	151	170	197	169
STYX	2184	1972	2203	2174
STYXL1	1339	1228	1730	1688
SUB1	13945	13082	10733	11239
SUCLA2	9365	8760	10907	10950
SUCLG1	6175	5736	5652	5717
SUCLG2	8241	7964	9306	9634
SUCLG2-AS1	72	81	116	104
SUCNR1	0	1	4	1
SUCO	4158	3978	4582	4257
SUDS3	4922	4808	4023	3921
SUFU	1428	1453	1525	1538
SUGCT	167	173	16	36
SUGP1	1511	1484	1666	1618
SUGP2	4539	4688	3498	3298
SUGT1	3122	3062	2311	2388
SUGT1P1	130	166	148	128
SUGT1P3	35	39	29	30
SULF1	19	14	5	12
SULF2	6645	6564	5362	5205
SULT1A1	1588	1446	1378	1347
SULT1A2	500	544	799	736
SULT1A3	0	0	0	0
SULT1A4	0	0	0	0
SULT1B1	16	16	16	20
SULT1C2	0	0	0	0
SULT1C2P1	0	0	0	0
SULT1C3	0	0	0	0
SULT1C4	0	0	0	0
SULT1E1	260	230	186	172
SULT2A1	0	0	1	0
SULT2B1	331	333	681	626
SULT4A1	0	0	0	0
SULT6B1	0	0	0	1
SUMF1	4931	4904	8002	7672
SUMF2	12588	12244	19049	18150
SUMO1	7429	7117	6490	6364
SUMO1P1	0	0	0	0
SUMO1P3	4	0	0	1
SUMO2	10198	9642	7842	8082
SUMO3	6817	6691	5616	5629
SUMO4	7	1	3	3
SUN1	11503	11463	12133	11617
SUN2	7302	6921	4358	4080
SUN3	15	12	7	4
SUN5	0	0	0	0
SUOX	1466	1404	1441	1349
SUPT16H	12158	11681	7782	7604
SUPT20H	3943	3871	3821	3705
SUPT20HL1	0	0	0	0
SUPT20HL2	0	0	0	0
SUPT3H	634	626	569	607
SUPT4H1	3065	3104	2884	2825
SUPT5H	6113	6012	7058	6462
SUPT6H	6855	6737	7294	6921
SUPT7L	3884	3789	4213	3888
SUPV3L1	2115	1922	1821	1806
SURF1	2761	2659	3697	3713
SURF2	605	535	409	399
SURF4	14617	14597	19086	18128
SURF6	1763	1774	1607	1516
SUSD1	1284	1243	2217	2188
SUSD2	730	721	2383	2216
SUSD3	11	9	2	5
SUSD4	403	366	285	257
SUSD5	199	210	412	402
SUV39H1	1492	1527	715	669
SUV39H2	1421	1361	568	538
SUV420H1	3548	3393	3377	3298
SUV420H2	1874	1901	1073	1041
SUZ12	4839	4831	3460	3350
SUZ12P1	156	168	106	110
SV2A	64	44	23	24
SV2B	1	0	17	14
SV2C	7	4	3	6
SVEP1	1155	1106	928	884
SVIL	1942	1879	2184	2186
SVILP1	0	0	1	2
SVIP	1232	1197	1192	1156
SVOP	1	0	0	1
SVOPL	155	152	371	314
SWAP70	4447	4393	4045	4002
SWI5	1086	984	1125	1109
SWSAP1	185	163	232	229
SWT1	325	299	326	268
SYAP1	7497	7379	8879	9225
SYBU	234	216	523	445
SYCE1	0	0	0	0
SYCE1L	22	21	26	12
SYCE2	37	26	14	25
SYCE3	1	2	3	4
SYCN	0	0	0	0
SYCP1	0	0	0	0
SYCP2	147	149	227	213
SYCP2L	332	323	622	570
SYCP3	8	16	18	16
SYDE1	315	303	320	317
SYDE2	787	816	567	549
SYF2	1282	1252	1273	1208
SYK	3438	3377	2626	2642
SYMPK	4674	4340	3978	3711
SYN1	0	0	0	0
SYN2	1	5	5	4
SYN3	3	3	2	1
SYNC	623	601	543	547
SYNCRIP	28233	27431	20267	20341
SYNDIG1	0	0	0	0
SYNDIG1L	0	0	0	0
SYNE1	478	423	832	867
SYNE1-AS1	0	1	0	0
SYNE2	8299	7014	3947	3935
SYNE3	18	15	3	1
SYNE4	425	485	474	460
SYNGAP1	1783	1832	1406	1249
SYNGR1	895	884	2064	1987
SYNGR2	5836	5868	11556	10825
SYNGR3	694	694	1545	1487
SYNGR4	3	2	7	6
SYNJ1	1635	1616	1907	1776
SYNJ2	1328	1300	1104	989
SYNJ2-IT1	0	0	0	1
SYNJ2BP	4846	4581	6548	6371
SYNJ2BP-COX16	6	2	2	3
SYNM	2418	2475	2209	2143
SYNPO	6402	6024	9153	8836
SYNPO2	81	86	112	106
SYNPO2L	6	9	24	22
SYNPR	0	0	3	0
SYNPR-AS1	16	17	25	21
SYNRG	2102	2082	2597	2605
SYP	24	21	18	16
SYP-AS1	0	0	0	1
SYPL1	11510	11219	11242	10918
SYPL2	5	4	5	4
SYS1	1895	1776	2076	2052
SYS1-DBNDD2	4	11	6	6
SYT1	809	686	672	643
SYT10	0	0	0	0
SYT11	3	2	3	1
SYT12	4338	4383	4470	3891
SYT13	246	205	198	169
SYT14	0	0	2	0
SYT14L	0	0	0	0
SYT15	141	138	54	57
SYT16	443	425	257	254
SYT17	360	306	774	751
SYT2	12	21	4	5
SYT3	0	0	0	0
SYT4	0	0	0	0
SYT5	6	2	15	10
SYT6	0	0	0	0
SYT7	2072	1873	1228	1160
SYT8	1452	1577	497	454
SYT9	1	0	5	1
SYTL1	1579	1484	508	486
SYTL2	1095	1096	3217	3075
SYTL3	816	838	894	855
SYTL4	318	333	424	382
SYTL5	1005	1046	1257	1180
SYVN1	3855	3901	6544	5856
SZRD1	4643	4392	3606	3465
SZT2	2609	2424	2286	2307
T	0	0	0	0
TAAR1	0	0	0	0
TAAR2	0	0	0	0
TAAR3	0	1	0	0
TAAR5	0	0	0	0
TAAR6	0	0	0	0
TAAR8	0	0	0	0
TAAR9	0	0	0	0
TAB1	1735	1743	1472	1489
TAB2	9929	9273	7766	7741
TAB3	4213	4260	4041	3895
TAC1	0	0	0	0
TAC3	4	6	6	5
TAC4	0	1	0	0
TACC1	1410	1416	1795	1804
TACC2	5931	5585	7205	6659
TACC3	8364	7986	2973	2853
TACO1	1816	1642	1542	1561
TACR1	0	1	3	7
TACR2	3	6	7	9
TACR3	0	0	0	0
TACSTD2	47826	46828	72512	70407
TADA1	814	772	628	622
TADA2A	863	847	532	515
TADA2B	1621	1652	1416	1431
TADA3	2733	2586	2211	2092
TAF1	2832	2506	2181	2081
TAF10	1564	1542	1795	1727
TAF11	2645	2507	2367	2351
TAF12	507	470	475	437
TAF13	926	874	1185	1235
TAF15	13194	13126	8709	8412
TAF1A	236	222	168	132
TAF1A-AS1	28	39	35	27
TAF1B	2272	2095	1271	1234
TAF1C	3320	3510	2998	2560
TAF1D	2900	3013	1997	2011
TAF1L	0	0	0	0
TAF2	5091	4876	3886	3776
TAF3	848	826	479	540
TAF4	1888	1913	1682	1581
TAF4B	569	492	205	205
TAF5	608	628	272	213
TAF5L	1775	1701	1451	1275
TAF6	2532	2504	2061	1922
TAF6L	1085	1019	851	804
TAF7	7089	6251	6518	6354
TAF7L	5	3	14	6
TAF8	1597	1443	1538	1587
TAF9	3452	3314	2602	2527
TAF9B	1649	1507	1013	999
TAGAP	15	13	23	18
TAGLN	21074	21545	36303	38302
TAGLN2	43765	42339	38988	39291
TAGLN3	1	0	3	2
TAL1	4	11	1	1
TAL2	0	1	3	1
TALDO1	13615	12932	12261	11950
TAMM41	503	456	374	358
TANC1	5860	5582	6494	6161
TANC2	2512	2107	3599	3438
TANGO2	1744	1731	2329	2263
TANGO6	1074	983	433	413
TANK	3450	2986	2724	2788
TAOK1	6777	6152	6322	6207
TAOK2	2864	2759	3479	3251
TAOK3	4623	4458	4334	4252
TAP1	9899	9921	13310	12925
TAP2	11926	11442	13231	12417
TAPBP	15029	15023	42604	39010
TAPBPL	2109	2204	5008	4624
TAPSAR1	421	441	815	731
TAPT1	1358	1357	1369	1315
TAPT1-AS1	93	93	73	64
TARBP1	6038	5975	6112	5686
TARBP2	1582	1427	1369	1360
TARDBP	9627	9441	6782	6556
TARM1	0	1	0	0
TARP	4	2	4	5
TARS	30231	29124	20967	21082
TARS2	2371	2240	2061	2091
TARSL2	1263	1121	1255	1232
TAS1R1	1	2	1	2
TAS1R2	0	0	0	0
TAS1R3	17	22	51	42
TAS2R1	0	1	0	1
TAS2R10	6	16	13	11
TAS2R13	0	1	1	0
TAS2R14	14	33	29	34
TAS2R16	0	0	0	0
TAS2R19	1	3	2	0
TAS2R20	49	44	42	31
TAS2R3	6	1	3	1
TAS2R30	3	0	0	0
TAS2R31	7	7	5	4
TAS2R38	1	2	7	5
TAS2R39	0	0	0	0
TAS2R4	8	7	4	5
TAS2R40	0	0	0	0
TAS2R41	0	0	0	0
TAS2R42	0	0	0	0
TAS2R43	0	0	0	0
TAS2R46	1	0	0	0
TAS2R5	34	37	35	28
TAS2R50	2	0	0	0
TAS2R60	0	0	0	1
TAS2R7	0	0	0	0
TAS2R8	0	0	0	0
TAS2R9	0	0	0	1
TASP1	405	370	315	345
TAT	2	2	9	2
TATDN1	1794	1678	1420	1453
TATDN2	5404	5224	4576	4629
TATDN3	634	639	506	565
TAX1BP1	15909	15144	21115	20812
TAX1BP3	936	857	1082	1110
TAZ	1199	1221	1023	935
TBATA	0	0	0	1
TBC1D1	2590	2517	2143	2103
TBC1D10A	578	591	702	651
TBC1D10B	2966	2869	2358	2339
TBC1D10C	2	0	0	0
TBC1D12	836	813	619	652
TBC1D13	1679	1666	1880	1767
TBC1D14	6267	5841	6645	6465
TBC1D15	2148	2058	2065	2057
TBC1D16	3154	3140	3882	3828
TBC1D17	1108	1157	1411	1212
TBC1D19	344	358	394	424
TBC1D2	13581	13034	14355	13885
TBC1D20	914	881	1218	1194
TBC1D21	0	0	0	0
TBC1D22A	2097	2089	2244	2230
TBC1D22B	2061	1985	1821	1836
TBC1D23	2511	2503	2669	2769
TBC1D24	731	729	879	821
TBC1D25	732	761	726	623
TBC1D26	3	1	0	0
TBC1D28	0	0	0	0
TBC1D29	3	1	6	8
TBC1D2B	5105	4738	3438	3143
TBC1D3	0	0	0	0
TBC1D30	489	427	329	361
TBC1D31	2075	2067	1083	976
TBC1D32	43	38	43	43
TBC1D3B	0	2	0	2
TBC1D3C	2	7	6	4
TBC1D3F	0	0	0	0
TBC1D3H	0	0	0	0
TBC1D3P1-DHX40P1	11	5	1	5
TBC1D3P2	0	0	0	2
TBC1D3P5	0	0	0	0
TBC1D4	2427	2358	1337	1346
TBC1D5	7247	6760	5924	5637
TBC1D7	1689	1534	1863	1760
TBC1D8	1685	1711	2080	1924
TBC1D8B	976	872	1151	1119
TBC1D9	1757	1776	2248	2184
TBC1D9B	10561	10267	11551	10824
TBCA	4185	4184	3465	3546
TBCB	1525	1509	1121	1150
TBCC	1969	1893	1920	1890
TBCCD1	602	622	423	443
TBCD	6220	5958	5073	4704
TBCE	1807	1616	1150	1205
TBCEL	1934	1859	2555	2382
TBCK	1438	1349	1719	1625
TBK1	2615	2541	2374	2279
TBKBP1	416	401	853	655
TBL1X	277	260	429	405
TBL1XR1	7112	6897	4476	4508
TBL1Y	0	0	0	0
TBL2	3137	3053	3540	3409
TBL3	1933	1848	1259	1239
TBP	509	476	444	428
TBPL1	1018	886	634	668
TBPL2	0	0	0	0
TBR1	0	0	0	1
TBRG1	4087	3860	4276	3953
TBRG4	8814	8334	6556	6207
TBX1	513	595	715	688
TBX10	0	0	1	0
TBX15	1	0	4	2
TBX18	1	2	2	4
TBX19	31	38	34	31
TBX2	94	93	116	103
TBX20	0	0	0	0
TBX21	0	0	0	0
TBX22	0	0	0	0
TBX3	585	595	763	705
TBX4	4	3	4	1
TBX5	0	0	0	0
TBX5-AS1	0	0	0	0
TBX6	41	46	61	50
TBXA2R	12	6	10	10
TBXAS1	7	6	1	6
TC2N	2172	2065	3466	3367
TCAIM	3279	2974	2726	2590
TCAM1P	0	2	2	2
TCAP	8	4	5	6
TCEA1	4704	4431	3212	3260
TCEA2	605	600	701	654
TCEA3	77	86	17	19
TCEAL1	951	916	960	942
TCEAL2	0	0	0	0
TCEAL3	306	327	427	448
TCEAL4	3203	3307	3924	3987
TCEAL5	0	0	0	0
TCEAL6	0	0	0	1
TCEAL7	0	0	0	0
TCEAL8	2930	2862	2649	2568
TCEANC	178	196	179	155
TCEANC2	1071	1012	727	749
TCEB1	4260	3959	3566	3620
TCEB2	4092	4010	4979	4713
TCEB3	2488	2374	2094	2068
TCEB3-AS1	39	42	52	43
TCEB3B	0	0	0	0
TCEB3C	0	0	0	0
TCEB3CL	0	0	0	0
TCEB3CL2	0	0	0	0
TCERG1	4849	4650	2693	2631
TCERG1L	5	7	3	5
TCF12	4744	4504	4203	4108
TCF15	0	0	0	0
TCF19	3996	3996	2109	2018
TCF20	3232	3099	2152	2167
TCF21	0	0	0	0
TCF23	0	0	0	0
TCF24	22	26	10	15
TCF25	8703	8647	9101	8489
TCF3	2822	2813	2001	1942
TCF4	171	146	45	42
TCF7	278	260	198	195
TCF7L1	1491	1662	1615	1571
TCF7L2	744	725	735	663
TCFL5	1357	1354	1595	1524
TCHH	212	201	280	221
TCHHL1	48	54	61	55
TCHP	1535	1551	1163	1107
TCIRG1	8049	8182	14331	12749
TCL1A	0	0	1	0
TCL1B	0	0	0	0
TCL6	0	1	0	0
TCN1	35	31	418	458
TCN2	381	391	714	655
TCOF1	5272	5450	2942	2765
TCP1	8834	8533	6955	7113
TCP10	0	0	0	0
TCP10L	1	5	7	5
TCP10L2	0	0	0	0
TCP11	0	1	1	1
TCP11L1	4400	4153	2647	2592
TCP11L2	271	269	580	543
TCP11X2	0	0	0	0
TCTA	1516	1482	2237	2192
TCTE1	4	5	4	1
TCTE3	12	13	4	6
TCTEX1D1	0	0	0	0
TCTEX1D2	550	576	534	502
TCTEX1D4	4	6	20	17
TCTN1	1479	1522	2266	2094
TCTN2	470	523	665	609
TCTN3	5541	5330	8944	8765
TDG	3494	3538	2426	2382
TDGF1	0	1	0	0
TDGF1P3	0	0	0	0
TDH	2	0	0	0
TDO2	37	32	25	37
TDP1	1783	1731	984	991
TDP2	4496	4480	4496	4451
TDRD1	5	0	3	2
TDRD10	0	0	0	0
TDRD12	7	6	5	2
TDRD3	2319	2282	1992	2026
TDRD5	0	0	0	0
TDRD6	10	6	15	14
TDRD7	1424	1351	1394	1305
TDRD9	35	38	27	31
TDRG1	0	0	0	0
TDRKH	1353	1292	1063	910
TDRP	679	708	768	666
TEAD1	11515	11512	11250	11275
TEAD2	1108	998	1506	1432
TEAD3	4260	4255	3750	3369
TEAD4	1138	1082	816	734
TEC	283	281	355	366
TECPR1	957	872	1257	1203
TECPR2	1238	1221	1411	1313
TECR	9280	9071	11378	10546
TECRL	0	0	0	0
TECTA	36	32	46	38
TECTB	0	0	0	0
TEDDM1	3	1	0	5
TEF	890	786	666	700
TEFM	750	749	554	536
TEK	2	6	4	5
TEKT1	0	0	0	0
TEKT2	1	2	1	1
TEKT3	0	1	1	0
TEKT4	0	0	0	0
TEKT4P2	0	1	0	0
TEKT5	0	0	7	3
TELO2	2298	2355	1738	1638
TEN1	0	0	0	0
TEN1-CDK3	72	90	89	56
TENC1	203	240	307	281
TENM1	1	2	2	0
TENM2	1239	1187	172	201
TENM3	0	2	1	1
TENM4	16	25	10	6
TEP1	2399	2171	2831	2625
TEPP	1	2	0	0
TERC	1	0	2	2
TERF1	2819	2704	2111	2220
TERF2	1128	1049	943	874
TERF2IP	2931	2793	3280	3276
TERT	194	206	322	271
TES	5402	5407	3690	3545
TESC	2	1	15	9
TESK1	1271	1168	1405	1274
TESK2	564	566	394	390
TESPA1	0	1	0	0
TET1	628	635	300	262
TET2	2909	2740	2291	2209
TET3	3354	3018	2616	2479
TEX10	2153	2091	1319	1272
TEX101	1	0	1	2
TEX11	3	3	2	1
TEX12	5	6	4	2
TEX13A	0	0	0	0
TEX13B	1	0	0	0
TEX14	11	15	8	8
TEX15	0	0	0	0
TEX19	7	7	1	5
TEX2	3177	3043	3198	3062
TEX21P	4	1	2	2
TEX22	19	20	19	21
TEX26	0	0	0	0
TEX26-AS1	0	0	0	0
TEX261	7197	6965	7023	6491
TEX264	3489	3445	6297	5957
TEX28	0	0	0	0
TEX29	5	4	3	4
TEX30	1035	979	547	555
TEX33	0	0	0	0
TEX35	0	0	0	0
TEX36	2	2	4	5
TEX36-AS1	0	0	0	0
TEX37	1	3	1	0
TEX38	2	0	1	5
TEX40	46	30	19	16
TEX41	3	0	4	5
TEX43	1	1	0	0
TEX9	809	782	504	464
TF	0	1	2	3
TFAM	4863	4727	3044	3118
TFAMP1	0	2	4	1
TFAP2A	5405	5528	5738	5165
TFAP2A-AS1	51	66	74	66
TFAP2B	0	0	0	0
TFAP2C	5482	5607	5696	5698
TFAP2D	0	0	0	0
TFAP2E	8	6	8	7
TFAP4	573	575	250	247
TFB1M	376	384	320	311
TFB2M	1434	1403	1156	1190
TFCP2	2378	2405	1972	1900
TFCP2L1	804	757	565	533
TFDP1	14248	13784	7336	7237
TFDP2	2133	2087	2037	1961
TFDP3	0	0	0	0
TFE3	3415	3324	2640	2548
TFEB	937	934	1211	1178
TFEC	7	7	4	4
TFF1	5	5	241	212
TFF2	0	1	2	2
TFF3	0	0	0	0
TFG	9098	8773	8616	8699
TFIP11	2331	2317	1825	1784
TFPI	19	16	95	76
TFPI2	2754	2793	25488	25986
TFPT	715	717	886	892
TFR2	12	24	7	10
TFRC	66500	64579	56920	56209
TG	93	107	90	86
TGDS	735	784	565	535
TGFA	1715	1717	2535	2566
TGFA-IT1	0	0	0	0
TGFB1	413	382	274	236
TGFB1I1	305	339	225	229
TGFB2	2601	2761	5853	5853
TGFB3	111	131	53	46
TGFBI	30685	30019	29605	28012
TGFBR1	4413	4408	4255	4180
TGFBR2	2597	2508	3819	3546
TGFBR3	201	204	292	287
TGFBR3L	80	85	133	94
TGFBRAP1	3154	3084	2446	2500
TGIF1	3844	3728	5773	5299
TGIF2	2280	1999	1463	1418
TGIF2-C20orf24	5	5	3	3
TGIF2LX	0	0	0	0
TGIF2LY	0	0	0	0
TGM1	331	309	316	277
TGM2	51691	47213	154808	144853
TGM3	0	1	3	2
TGM4	12	18	0	1
TGM5	60	64	46	33
TGM6	0	0	0	0
TGM7	0	0	0	0
TGOLN2	13665	13196	24325	22918
TGS1	1011	922	542	564
TH	19	6	29	37
THADA	2485	2392	2173	2006
THAP1	478	445	343	318
THAP10	129	143	143	140
THAP11	892	822	669	679
THAP2	227	222	202	216
THAP3	224	236	222	186
THAP4	2478	2470	2114	2006
THAP5	1525	1511	1140	1203
THAP6	846	880	876	817
THAP7	1022	967	1013	975
THAP7-AS1	86	101	143	151
THAP8	135	124	119	152
THAP9	700	734	596	620
THAP9-AS1	2422	2444	2223	2278
THBD	368	385	297	243
THBS1	17150	18026	20055	20058
THBS2	0	0	0	0
THBS3	1331	1379	1935	1647
THBS4	22	18	16	16
THEG	0	0	0	0
THEG5	0	0	0	0
THEGL	0	0	0	0
THEM4	1647	1681	1535	1525
THEM5	7	9	3	2
THEM6	8302	8168	12247	11452
THEMIS	1	1	0	0
THEMIS2	4	3	6	6
THG1L	731	701	412	346
THNSL1	1054	978	826	809
THNSL2	1261	1145	1906	1721
THOC1	1784	1785	1184	1109
THOC2	4038	3887	3459	3118
THOC3	2501	2491	1231	1170
THOC5	1514	1499	1012	955
THOC6	1526	1461	754	721
THOC7	3444	3350	2522	2458
THOC7-AS1	0	0	0	0
THOP1	3190	3084	1941	1756
THPO	26	18	49	39
THRA	723	715	676	639
THRAP3	10118	9514	8281	7819
THRB	1283	1165	948	855
THRB-AS1	12	12	20	7
THRIL	1	0	0	0
THRSP	2	0	0	0
THSD1	564	569	111	92
THSD4	1202	1168	3565	3431
THSD7A	0	0	0	0
THSD7B	7	8	27	14
THTPA	534	544	596	603
THUMPD1	3046	2909	2324	2362
THUMPD2	958	884	532	556
THUMPD3	3758	3623	3207	3081
THUMPD3-AS1	627	661	578	511
THY1	1	0	4	2
THYN1	1519	1378	1024	989
TIA1	4897	4739	6070	5563
TIAF1	17	24	24	19
TIAL1	5484	5420	4240	4120
TIAM1	2	4	3	2
TIAM2	58	57	57	57
TICAM1	548	592	685	660
TICAM2	1	2	2	0
TICRR	3672	3743	962	937
TIE1	0	0	0	1
TIFA	941	845	549	541
TIFAB	0	0	0	0
TIGD1	283	332	233	171
TIGD2	1771	1818	2290	2099
TIGD3	83	61	74	93
TIGD4	55	40	28	31
TIGD5	990	951	898	824
TIGD6	377	373	361	356
TIGD7	247	211	166	157
TIGIT	0	1	0	1
TIMD4	0	0	0	0
TIMELESS	5044	5134	2266	2213
TIMM10	2382	2360	1629	1729
TIMM10B	2238	2195	2183	2189
TIMM13	2773	2639	2461	2473
TIMM17A	9879	9507	9884	10438
TIMM17B	1409	1334	1457	1462
TIMM21	2546	2550	1945	1858
TIMM22	1011	1006	807	782
TIMM23	2931	2756	1909	1867
TIMM23B	486	460	429	453
TIMM44	2028	2018	1581	1399
TIMM50	2384	2415	1934	1840
TIMM8A	795	730	530	532
TIMM8B	3571	3541	3711	3716
TIMM9	1693	1621	1197	1262
TIMMDC1	3673	3473	4820	4897
TIMP1	2650	2507	4126	4065
TIMP2	10081	10065	40929	38414
TIMP3	5681	5481	2275	2161
TIMP4	81	78	138	131
TINAG	0	0	0	0
TINAGL1	6973	7076	10030	9446
TINCR	894	843	1215	1205
TINF2	2078	2022	2232	2194
TIPARP	3033	2869	4640	4487
TIPARP-AS1	20	16	26	29
TIPIN	587	604	318	312
TIPRL	3959	3871	2649	2723
TIRAP	851	789	945	846
TISP43	0	0	0	0
TJAP1	1924	2002	1617	1407
TJP1	7476	7255	6714	6474
TJP2	9297	8922	9437	8671
TJP3	2666	2560	6181	5826
TK1	4837	4628	1730	1579
TK2	1930	1935	2760	2670
TKT	70078	65966	28186	27094
TKTL1	0	0	0	0
TKTL2	0	0	0	1
TLCD1	1771	1692	2005	1949
TLCD2	1345	1347	2079	1980
TLDC1	5552	5210	6444	6239
TLDC2	17	10	7	13
TLE1	435	394	286	266
TLE2	1529	1490	4260	4082
TLE3	8871	8461	6929	6317
TLE4	150	125	223	252
TLE6	82	81	286	244
TLK1	3847	3694	3871	3921
TLK2	2342	2236	2040	2019
TLL1	66	79	17	16
TLL2	31	38	11	12
TLN1	22271	19695	12535	12528
TLN2	903	820	779	723
TLR1	520	485	658	609
TLR10	3	2	1	2
TLR2	182	190	216	224
TLR3	2897	2703	3342	3078
TLR4	23	10	50	56
TLR5	291	283	597	545
TLR6	1058	1017	891	876
TLR7	0	0	0	0
TLR8	0	0	0	0
TLR8-AS1	3	1	5	8
TLR9	0	5	6	4
TLX1	0	0	0	0
TLX1NB	0	0	0	0
TLX2	17	21	22	16
TLX3	1	1	0	1
TM2D1	1116	985	1719	1851
TM2D2	1582	1587	3407	3196
TM2D3	2101	1980	2386	2228
TM4SF1	3679	3597	3828	3961
TM4SF1-AS1	3	6	1	2
TM4SF18	0	1	0	3
TM4SF19	8	6	4	0
TM4SF19-TCTEX1D2	3	3	1	2
TM4SF20	1	0	0	4
TM4SF4	0	0	1	0
TM4SF5	0	2	3	2
TM6SF1	1	1	2	1
TM6SF2	53	39	120	100
TM7SF2	2685	2771	4866	4565
TM7SF3	24083	23010	14895	14762
TM9SF1	5858	5898	9286	8787
TM9SF2	27474	26927	53913	51954
TM9SF3	24005	23435	30051	29376
TM9SF4	8042	7774	11514	10824
TMA16	1455	1298	780	726
TMA7	6514	6345	6227	5876
TMBIM1	12576	12161	13274	12526
TMBIM4	3262	3252	5606	5601
TMBIM6	55357	53632	79285	75409
TMC1	14	15	20	15
TMC2	0	0	0	0
TMC3	0	0	0	0
TMC4	6255	6434	18658	16881
TMC5	971	943	5731	5407
TMC6	3591	3538	8097	7263
TMC7	1330	1338	1931	1780
TMC8	71	80	65	67
TMCC1	1359	1327	1864	1774
TMCC1-AS1	30	27	19	12
TMCC2	104	122	111	79
TMCC3	385	360	224	211
TMCO1	7067	7116	8472	8224
TMCO2	0	0	1	1
TMCO3	5175	4842	6735	6436
TMCO4	743	693	719	743
TMCO5A	0	0	0	0
TMCO5B	0	0	0	0
TMCO6	631	594	528	450
TMED1	1280	1189	2345	2206
TMED10	25164	24715	45026	43631
TMED10P1	0	1	4	0
TMED11P	0	0	0	0
TMED2	29612	28850	31758	31520
TMED3	14980	14294	24355	23881
TMED4	5132	5041	9778	9124
TMED5	4839	4712	5311	5249
TMED6	6	5	1	5
TMED7	7679	7102	9818	9521
TMED7-TICAM2	22	23	34	46
TMED8	171	189	103	105
TMED9	10775	10578	16545	15675
TMEFF1	0	0	1	0
TMEFF2	0	0	0	0
TMEM100	3	0	1	1
TMEM101	1045	1048	986	950
TMEM102	815	760	772	752
TMEM104	1518	1575	1822	1810
TMEM105	30	26	36	37
TMEM106A	154	179	176	142
TMEM106B	6735	6127	7936	7598
TMEM106C	6325	6136	4534	4532
TMEM107	610	513	482	491
TMEM108	0	0	0	1
TMEM108-AS1	0	0	0	0
TMEM109	4741	4851	5284	4964
TMEM11	1208	1192	1229	1197
TMEM110	1198	1251	1257	1239
TMEM110-MUSTN1	1	3	1	0
TMEM114	0	0	0	0
TMEM115	3103	3068	4659	4189
TMEM116	624	596	1150	1158
TMEM117	608	564	573	566
TMEM119	0	0	0	0
TMEM120A	902	851	1012	1009
TMEM120B	1488	1492	1933	1788
TMEM121	13	14	12	13
TMEM123	20861	19943	19811	19704
TMEM125	986	945	1645	1533
TMEM126A	1718	1663	1534	1521
TMEM126B	3479	3288	3210	3185
TMEM127	7351	7133	13157	12862
TMEM128	1508	1425	1212	1203
TMEM129	3557	3443	3972	3813
TMEM130	1	1	4	2
TMEM131	4804	4717	4223	3982
TMEM132A	6375	6452	17452	16090
TMEM132B	21	16	132	115
TMEM132C	0	0	0	0
TMEM132D	0	0	0	0
TMEM132E	0	0	0	0
TMEM133	494	473	368	369
TMEM134	892	863	1348	1290
TMEM135	2777	2554	2176	2020
TMEM136	1517	1580	2272	2061
TMEM138	2679	2651	1488	1499
TMEM139	8737	8637	18520	17355
TMEM140	290	275	1154	1012
TMEM141	2662	2469	2792	2793
TMEM143	463	465	506	439
TMEM144	968	870	914	850
TMEM145	18	20	21	8
TMEM147	5557	5697	8528	8415
TMEM14A	3278	3064	2449	2425
TMEM14B	6233	6385	7062	7262
TMEM14C	9646	8952	9885	10245
TMEM14E	1	0	0	0
TMEM150A	319	290	467	387
TMEM150B	0	0	1	2
TMEM150C	28	49	79	85
TMEM151A	13	13	13	21
TMEM151B	0	0	0	0
TMEM154	1059	1023	994	925
TMEM155	17	14	11	17
TMEM156	114	147	199	229
TMEM158	52	64	53	57
TMEM159	694	669	844	843
TMEM160	322	368	521	499
TMEM161A	1249	1226	1347	1248
TMEM161B	1502	1471	1663	1510
TMEM161B-AS1	147	147	179	160
TMEM163	0	2	0	2
TMEM164	2600	2535	4189	3898
TMEM165	6259	6122	8684	8633
TMEM167A	6817	6267	7620	7652
TMEM167B	2251	2151	2453	2520
TMEM168	3461	3249	2548	2593
TMEM169	335	294	458	380
TMEM17	700	679	608	573
TMEM170A	415	327	279	257
TMEM170B	657	638	542	557
TMEM171	22	12	20	8
TMEM173	2530	2505	7237	6591
TMEM174	0	0	0	0
TMEM175	786	776	991	934
TMEM176A	824	919	2682	2517
TMEM176B	1686	1744	6557	6300
TMEM177	817	732	322	343
TMEM178A	10	8	47	19
TMEM178B	2677	2480	4077	4152
TMEM179	1	1	0	0
TMEM179B	2235	2224	4771	4363
TMEM18	1518	1575	1052	1121
TMEM180	395	398	316	283
TMEM181	2388	2199	2683	2553
TMEM182	306	323	312	356
TMEM183A	542	538	586	579
TMEM183B	0	0	0	0
TMEM184A	3252	3182	1479	1194
TMEM184B	4375	4411	6071	5691
TMEM184C	3999	3939	4740	4417
TMEM185A	1096	1135	1402	1256
TMEM185B	3245	3130	3429	3299
TMEM186	802	748	677	622
TMEM187	473	439	653	606
TMEM189	2285	2168	2483	2412
TMEM189-UBE2V1	3	0	0	2
TMEM19	3179	3089	2577	2586
TMEM190	15	24	40	22
TMEM191A	138	132	132	157
TMEM191B	90	73	87	86
TMEM191C	44	34	44	34
TMEM192	2571	2513	1991	1926
TMEM194A	2955	3142	1380	1267
TMEM194B	999	988	612	574
TMEM196	0	0	0	0
TMEM198	488	476	463	379
TMEM198B	697	741	916	767
TMEM199	1487	1461	1378	1405
TMEM2	3738	3734	8505	8530
TMEM200A	1	0	0	0
TMEM200B	3	7	11	14
TMEM200C	0	0	0	0
TMEM201	582	646	538	502
TMEM202	0	0	0	0
TMEM203	2085	2018	1980	2010
TMEM204	1	0	1	1
TMEM205	2899	2924	7389	6998
TMEM206	631	624	1122	1041
TMEM207	0	0	0	0
TMEM208	1704	1639	2690	2535
TMEM209	1995	1945	1548	1582
TMEM210	1	1	0	0
TMEM211	4	0	9	5
TMEM212	9	11	8	7
TMEM213	0	0	2	0
TMEM214	4275	4290	6623	6180
TMEM215	1	0	0	0
TMEM216	656	603	518	479
TMEM217	265	289	288	272
TMEM218	1484	1397	1389	1317
TMEM219	2219	2218	3705	3490
TMEM220	0	0	0	0
TMEM220-AS1	0	0	0	0
TMEM221	176	178	126	97
TMEM222	950	844	970	852
TMEM223	2262	2219	2835	2791
TMEM225	0	0	0	0
TMEM229A	0	0	0	0
TMEM229B	327	277	665	666
TMEM230	2646	2480	2891	2936
TMEM231	1293	1202	1005	936
TMEM232	7	11	19	19
TMEM233	0	0	0	0
TMEM234	391	410	774	717
TMEM235	0	0	0	0
TMEM236	4	0	6	2
TMEM237	2825	2808	1333	1263
TMEM238	345	420	544	521
TMEM239	6	3	3	2
TMEM240	7	6	9	8
TMEM241	312	265	346	303
TMEM242	401	385	432	413
TMEM243	965	939	924	813
TMEM244	0	0	0	0
TMEM245	4364	4163	5320	4950
TMEM246	1239	1192	1055	991
TMEM247	0	0	0	0
TMEM248	6263	6059	7844	7743
TMEM249	27	34	20	28
TMEM25	294	309	425	362
TMEM251	789	730	785	733
TMEM252	0	0	0	0
TMEM253	121	124	93	84
TMEM254	2296	2154	3884	3592
TMEM254-AS1	149	155	150	135
TMEM255A	93	67	19	30
TMEM255B	24	21	15	9
TMEM256	1114	1050	1053	1112
TMEM256-PLSCR3	2	2	3	2
TMEM257	0	0	0	0
TMEM258	2905	2891	3184	3127
TMEM259	8256	8834	10480	9847
TMEM26	0	0	0	0
TMEM260	1427	1325	1577	1516
TMEM261	2134	2144	2067	2083
TMEM262	0	0	0	0
TMEM263	3039	2735	2990	3038
TMEM27	1133	1118	557	595
TMEM30A	21890	20893	25375	24629
TMEM30B	5007	4747	6322	5967
TMEM30C	0	0	0	0
TMEM31	1	1	0	1
TMEM33	7590	7158	7666	7503
TMEM35	1	1	1	2
TMEM37	118	90	22	24
TMEM38A	1684	1579	3102	3048
TMEM38B	1913	1687	1116	1086
TMEM39A	515	514	656	619
TMEM39B	366	385	320	304
TMEM40	1428	1429	570	537
TMEM41A	1237	1251	1239	1240
TMEM41B	2992	3027	3143	3130
TMEM42	300	298	376	360
TMEM43	4709	4426	4436	4344
TMEM44	859	852	1072	1011
TMEM44-AS1	207	166	141	129
TMEM45A	768	755	2007	2002
TMEM45B	57	57	188	202
TMEM47	2	0	0	0
TMEM5	1029	975	1002	993
TMEM50A	2637	2452	3197	3067
TMEM50B	3046	2922	4238	4132
TMEM51	247	240	310	332
TMEM51-AS1	42	50	92	91
TMEM52	8	9	4	9
TMEM52B	771	760	368	364
TMEM53	393	421	762	710
TMEM54	2350	2210	2343	2227
TMEM55A	897	833	550	564
TMEM55B	1493	1452	1459	1352
TMEM56	2272	2126	1522	1553
TMEM56-RWDD3	57	75	57	41
TMEM57	1127	1092	1465	1390
TMEM59	15845	15721	30568	29445
TMEM59L	2	4	12	5
TMEM60	601	566	496	482
TMEM61	130	126	317	288
TMEM62	1646	1694	1503	1410
TMEM63A	2020	1970	4343	3740
TMEM63B	9372	9325	8318	7813
TMEM63C	103	91	65	80
TMEM64	1952	1801	1594	1605
TMEM65	2483	2262	2813	2804
TMEM66	8458	8150	15639	15629
TMEM67	791	810	584	503
TMEM68	841	868	498	554
TMEM69	2701	2578	2039	2052
TMEM70	2713	2561	2751	2891
TMEM71	788	714	731	683
TMEM72	0	0	0	0
TMEM72-AS1	1	0	1	0
TMEM74	1	0	0	0
TMEM74B	38	45	138	119
TMEM75	0	0	1	0
TMEM79	599	589	721	745
TMEM80	400	382	558	489
TMEM81	59	61	75	57
TMEM82	0	0	0	0
TMEM86A	435	470	805	812
TMEM86B	153	177	176	143
TMEM87A	7036	6956	7667	7548
TMEM87B	2888	2825	3806	3664
TMEM88	19	21	44	42
TMEM88B	0	0	0	0
TMEM89	1	8	5	3
TMEM8A	2873	2898	5507	5125
TMEM8B	630	630	1139	945
TMEM8C	0	0	0	0
TMEM9	8685	8617	13513	12839
TMEM91	19	20	26	22
TMEM92	57	53	89	75
TMEM95	0	0	0	0
TMEM97	2716	2626	1787	1839
TMEM98	1611	1644	2493	2322
TMEM99	726	781	809	815
TMEM9B	3470	3395	5077	5001
TMEM9B-AS1	114	80	146	122
TMF1	6031	5715	7252	6898
TMIE	217	203	232	181
TMIGD1	0	0	0	0
TMIGD2	2	1	0	0
TMLHE	1611	1614	1686	1582
TMLHE-AS1	0	0	0	0
TMOD1	22	29	37	22
TMOD2	202	201	203	169
TMOD3	10675	10095	13275	13433
TMOD4	46	54	78	53
TMPO	16357	15833	5760	5817
TMPO-AS1	888	874	378	429
TMPPE	129	115	158	147
TMPRSS11A	31	17	33	33
TMPRSS11B	10	11	16	21
TMPRSS11BNL	0	0	0	0
TMPRSS11D	44	43	118	109
TMPRSS11E	668	593	1149	1158
TMPRSS11F	1	1	0	1
TMPRSS11GP	0	0	0	0
TMPRSS12	0	0	0	0
TMPRSS13	5273	4729	8461	8022
TMPRSS15	0	0	0	0
TMPRSS2	46	40	166	153
TMPRSS3	1535	1435	2517	2399
TMPRSS4	1084	969	2131	2021
TMPRSS4-AS1	0	0	1	0
TMPRSS5	22	20	25	14
TMPRSS6	57	58	427	341
TMPRSS7	10	15	10	8
TMPRSS9	1	2	1	0
TMSB10	15477	14288	17043	16672
TMSB15A	1	1	1	1
TMSB15B	90	93	62	59
TMSB4X	14025	13976	46588	48432
TMSB4Y	0	0	0	0
TMTC1	3	2	3	3
TMTC2	1250	1225	2849	2547
TMTC3	5281	4832	3560	3430
TMTC4	1363	1378	1612	1521
TMUB1	1471	1577	1765	1685
TMUB2	1803	1789	1940	1747
TMX1	5706	5275	4700	4730
TMX2	11902	11272	13370	13117
TMX2-CTNND1	3	3	0	1
TMX3	6672	6333	5731	5683
TMX4	1819	1741	1907	1925
TNC	200	172	28	37
TNF	37	54	57	63
TNFAIP1	6477	6397	8396	8086
TNFAIP2	40691	41269	57935	50536
TNFAIP3	1245	1179	2763	2615
TNFAIP6	1	2	10	5
TNFAIP8	1701	1580	1806	1941
TNFAIP8L1	1008	1061	214	206
TNFAIP8L2	0	0	0	0
TNFAIP8L2-SCNM1	0	0	0	0
TNFAIP8L3	21	31	29	27
TNFRSF10A	562	537	304	300
TNFRSF10B	6850	6744	6060	5744
TNFRSF10C	988	919	836	768
TNFRSF10D	987	983	886	834
TNFRSF11A	613	603	700	612
TNFRSF11B	0	0	1	1
TNFRSF12A	2666	2958	4013	4003
TNFRSF13B	0	0	1	1
TNFRSF13C	1	9	2	0
TNFRSF14	486	508	614	486
TNFRSF17	0	0	0	0
TNFRSF18	0	0	0	1
TNFRSF19	12	26	20	29
TNFRSF1A	4634	4705	5649	5451
TNFRSF1B	2	0	6	9
TNFRSF21	243	235	1489	1386
TNFRSF25	115	127	64	71
TNFRSF4	0	0	1	2
TNFRSF6B	7	5	7	7
TNFRSF8	4	15	31	31
TNFRSF9	10	5	11	18
TNFSF10	3498	3275	5023	4617
TNFSF11	1	0	0	1
TNFSF12	272	261	317	300
TNFSF12-TNFSF13	5	1	1	0
TNFSF13	627	601	1644	1602
TNFSF13B	23	21	57	64
TNFSF14	6	8	94	102
TNFSF15	257	266	461	465
TNFSF18	0	0	0	0
TNFSF4	30	40	36	34
TNFSF8	0	0	0	0
TNFSF9	491	483	366	385
TNIK	29	31	19	17
TNIP1	6282	6135	7262	6861
TNIP2	1041	1051	991	899
TNIP3	22	29	34	28
TNK1	1095	1103	1405	1311
TNK2	1818	1884	1707	1562
TNKS	1417	1369	1253	1317
TNKS1BP1	29138	27071	24929	24106
TNKS2	4699	4619	4457	4163
TNKS2-AS1	4	4	1	3
TNMD	4	3	0	2
TNN	0	1	0	1
TNNC1	930	925	2086	2066
TNNC2	7	7	10	14
TNNI1	6	1	2	1
TNNI2	291	291	71	48
TNNI3	5	7	5	2
TNNI3K	0	0	0	0
TNNT1	435	314	175	137
TNNT2	22	29	38	37
TNNT3	89	76	2	10
TNP1	0	0	0	0
TNP2	0	0	0	0
TNPO1	13407	12836	11555	11521
TNPO2	6097	5953	4347	4144
TNPO3	5320	5196	4041	3879
TNR	0	0	0	0
TNRC18	8614	7996	8245	7974
TNRC18P1	0	0	3	2
TNRC6A	3884	3899	3600	3279
TNRC6B	2431	2133	1949	1901
TNRC6C	895	797	595	614
TNRC6C-AS1	598	563	1406	1452
TNS1	301	334	424	419
TNS3	18738	17432	25702	24958
TNS4	22730	21943	18303	16979
TNXA	0	0	0	0
TNXB	1162	1118	4144	4047
TOB1	14627	13817	15870	15207
TOB1-AS1	41	43	43	29
TOB2	3013	2943	3325	3181
TOB2P1	97	86	154	148
TOE1	1509	1488	969	986
TOLLIP	1756	1608	2118	2071
TOLLIP-AS1	12	11	9	7
TOM1	3360	3094	6390	6234
TOM1L1	3116	2943	2317	2269
TOM1L2	1601	1568	2124	2079
TOMM20	16811	16437	14716	14752
TOMM20L	9	5	10	12
TOMM22	3458	3217	2472	2459
TOMM34	5255	5047	3228	3159
TOMM40	4709	4746	3262	3217
TOMM40L	916	866	741	726
TOMM5	3676	3601	2764	2876
TOMM6	7135	6939	7557	6949
TOMM7	6288	6164	5425	5287
TOMM70A	8187	7935	6019	6230
TONSL	2945	3171	1710	1661
TOP1	9658	9024	9957	9761
TOP1MT	1632	1538	965	913
TOP1P1	4	12	5	9
TOP1P2	1	1	0	0
TOP2A	43585	41779	8846	8731
TOP2B	10004	9621	8129	8140
TOP3A	1613	1576	1621	1460
TOP3B	911	862	829	836
TOPAZ1	0	0	0	0
TOPBP1	5350	5447	3136	3027
TOPORS	2508	2366	2125	2078
TOPORS-AS1	101	87	119	147
TOR1A	3033	3049	3187	3118
TOR1AIP1	6085	6161	6494	6267
TOR1AIP2	4635	4597	5249	5102
TOR1B	1601	1516	2586	2480
TOR2A	412	421	377	338
TOR3A	2746	2704	2476	2401
TOR4A	2039	2117	3036	2835
TOX	3	1	3	3
TOX2	92	79	40	41
TOX3	0	0	0	0
TOX4	4416	4338	4083	4117
TP53	8128	8054	4160	3988
TP53AIP1	8	10	7	10
TP53BP1	2995	2786	2901	2703
TP53BP2	1969	1907	1673	1713
TP53I11	8014	7560	9810	9413
TP53I13	1689	1773	2842	2586
TP53I3	4343	4155	3337	3368
TP53INP1	5964	5931	6657	6276
TP53INP2	7499	6994	19895	18945
TP53RK	1495	1465	1321	1348
TP53TG1	1069	938	553	495
TP53TG3	0	0	0	0
TP53TG3B	0	0	0	0
TP53TG3C	0	0	0	0
TP53TG3D	1	1	2	2
TP53TG5	0	0	0	0
TP63	7533	7364	1596	1530
TP73	468	425	153	136
TP73-AS1	718	707	849	712
TPBG	4718	4540	8781	8230
TPBGL	0	0	0	0
TPCN1	2510	2416	9521	8892
TPCN2	2045	2160	2456	2303
TPD52	11999	11709	13590	14058
TPD52L1	7383	7156	5406	5265
TPD52L2	9564	9243	9459	9450
TPD52L3	0	0	0	0
TPGS1	191	261	248	242
TPGS2	6250	6104	5555	5484
TPH1	8	14	10	14
TPH2	0	0	0	0
TPI1	34297	32730	28923	28487
TPI1P2	53	44	26	30
TPI1P3	1	2	2	1
TPK1	75	77	137	111
TPM1	8128	8680	10882	11457
TPM2	1668	1955	2526	2028
TPM3	21182	20882	17487	17367
TPM3P9	446	447	310	291
TPM4	23947	24012	23832	25245
TPMT	3085	2819	2687	2772
TPO	0	0	0	0
TPP1	4650	4685	7668	7057
TPP2	5646	5633	4289	3976
TPPP	247	219	330	333
TPPP2	0	0	0	0
TPPP3	51	41	34	44
TPR	19864	19074	16002	15024
TPRA1	2647	2648	5659	5293
TPRG1	48	47	37	51
TPRG1-AS2	1	0	1	0
TPRG1L	1683	1542	1970	1940
TPRKB	1507	1493	1049	1094
TPRN	859	908	1128	1056
TPRX1	0	0	0	0
TPRXL	2	5	1	4
TPSAB1	0	0	0	0
TPSB2	0	0	0	0
TPSD1	0	0	0	0
TPSG1	0	0	0	0
TPST1	200	199	177	140
TPST2	4001	3895	2358	2202
TPT1	173444	162443	154288	160111
TPT1-AS1	162	183	286	214
TPTE	0	0	1	0
TPTE2	1	0	1	0
TPTE2P1	70	85	67	45
TPTE2P3	17	13	5	9
TPTE2P5	48	45	69	93
TPTE2P6	41	44	26	34
TPTEP1	0	0	1	0
TPX2	22901	22671	4994	5014
TRA2A	4590	4401	3347	3091
TRA2B	10422	10063	6030	6154
TRABD	2511	2664	2248	2012
TRABD2A	5	13	23	11
TRABD2B	12	9	7	3
TRADD	567	577	918	796
TRAF1	573	487	1528	1317
TRAF2	1354	1336	1675	1581
TRAF3	2206	2097	2227	2235
TRAF3IP1	1852	1793	1744	1702
TRAF3IP2	2839	2605	1976	1882
TRAF3IP2-AS1	216	175	93	82
TRAF3IP3	1	1	1	4
TRAF4	7959	7965	7592	7054
TRAF5	320	287	400	390
TRAF6	2101	2124	1942	1939
TRAF7	6120	5806	4416	4413
TRAFD1	3345	3266	2957	2908
TRAIP	686	685	257	222
TRAK1	4422	4233	4393	4066
TRAK2	4966	4731	5985	6078
TRAM1	62109	61555	79437	78503
TRAM1L1	61	63	43	41
TRAM2	4134	4002	4181	3752
TRAM2-AS1	413	471	339	336
TRANK1	2292	1970	2503	2343
TRAP1	7929	7685	5275	5138
TRAPPC1	2480	2340	2337	2215
TRAPPC10	3921	3910	3972	4035
TRAPPC11	3723	3614	3179	3101
TRAPPC12	1299	1355	1462	1431
TRAPPC13	2010	1909	1783	1897
TRAPPC2	1030	1102	1163	1123
TRAPPC2L	2493	2527	1725	1709
TRAPPC2P1	797	736	655	726
TRAPPC3	3300	3245	3361	3479
TRAPPC3L	0	0	1	0
TRAPPC4	3196	3147	3635	3578
TRAPPC5	1058	1072	1210	1219
TRAPPC6A	594	576	701	710
TRAPPC6B	2779	2588	2529	2648
TRAPPC8	4171	3939	3986	3834
TRAPPC9	3056	2952	3195	3165
TRAT1	0	0	0	0
TRDMT1	230	254	117	125
TRDN	1	0	0	1
TREH	42	48	2	5
TREM1	10	11	23	30
TREM2	42	50	9	5
TREML1	15	16	8	3
TREML2	2	1	1	3
TREML3P	5	4	1	0
TREML4	0	0	0	0
TREML5P	0	0	0	0
TRERF1	2416	2205	1825	1668
TRERNA1	0	0	0	0
TREX1	652	696	622	541
TREX2	90	82	44	50
TRG-AS1	0	3	1	0
TRH	0	0	0	0
TRHDE	8	7	2	7
TRHDE-AS1	17	13	5	5
TRHR	0	0	0	0
TRIAP1	3740	3610	2248	2233
TRIB1	956	926	1572	1402
TRIB2	319	310	1093	1048
TRIB3	1851	1859	1155	1100
TRIL	1	2	0	1
TRIM10	0	0	2	2
TRIM11	1634	1701	1701	1631
TRIM13	2174	2276	2292	2196
TRIM14	2745	2562	2911	2771
TRIM15	1	2	1	2
TRIM16	15257	15060	16631	16106
TRIM16L	5725	5536	2645	2545
TRIM17	252	252	344	340
TRIM2	3736	3596	4832	4724
TRIM21	1290	1197	1172	1046
TRIM22	9554	9133	7161	6711
TRIM23	1013	882	916	882
TRIM24	1600	1506	1246	1278
TRIM25	10382	9692	8126	7824
TRIM26	6616	6434	5913	5584
TRIM27	5520	5330	5014	4902
TRIM28	24322	24038	17819	17006
TRIM29	58248	55541	25979	24858
TRIM3	412	372	395	371
TRIM31	147	173	1690	1483
TRIM32	1291	1199	893	887
TRIM33	3337	3234	2634	2504
TRIM34	63	61	75	86
TRIM35	655	637	489	388
TRIM36	65	71	58	50
TRIM37	2572	2522	1947	1888
TRIM38	5078	4920	5836	5492
TRIM39	1078	1087	1087	1142
TRIM39-RPP21	0	0	0	1
TRIM4	2155	2009	2184	2164
TRIM40	1	1	3	5
TRIM41	2181	2172	2103	2010
TRIM42	2	0	0	0
TRIM43	0	0	0	0
TRIM43B	0	0	0	0
TRIM44	11502	11229	9564	9149
TRIM45	522	530	730	643
TRIM46	136	99	76	64
TRIM47	894	876	742	719
TRIM48	0	0	0	0
TRIM49	0	0	0	0
TRIM49B	0	0	0	0
TRIM49C	0	0	0	0
TRIM49D1	0	0	0	0
TRIM49D2P	0	0	0	0
TRIM5	3225	3095	2810	2708
TRIM50	0	1	3	0
TRIM51	0	0	0	0
TRIM51HP	0	0	0	0
TRIM52	521	536	591	479
TRIM52-AS1	153	132	107	130
TRIM53AP	0	0	0	0
TRIM54	3	9	3	3
TRIM55	1968	1775	635	658
TRIM56	1773	1783	1706	1524
TRIM58	6	8	6	6
TRIM59	1166	1137	596	540
TRIM6	2097	1966	1268	1273
TRIM6-TRIM34	0	1	2	0
TRIM60	0	0	0	0
TRIM61	4	2	2	2
TRIM62	795	778	1457	1312
TRIM63	0	0	0	0
TRIM64	0	0	0	0
TRIM64B	0	0	0	0
TRIM64C	0	0	0	0
TRIM65	1655	1543	1221	1103
TRIM66	666	635	452	404
TRIM67	1	2	1	0
TRIM68	975	924	1151	1109
TRIM69	67	51	53	52
TRIM7	742	782	356	330
TRIM71	0	0	1	0
TRIM72	1	0	2	1
TRIM73	0	0	0	0
TRIM74	0	0	0	0
TRIM77	0	0	0	0
TRIM8	3720	3759	5217	5049
TRIM9	4	8	8	4
TRIML1	0	0	0	1
TRIML2	204	208	38	30
TRIO	7298	7054	5781	5658
TRIOBP	3780	3813	3036	2802
TRIP10	4199	4462	4511	4154
TRIP11	4442	4068	4862	4798
TRIP12	13138	12163	12911	12766
TRIP13	4628	4605	1826	1735
TRIP4	1395	1367	1467	1433
TRIP6	6098	5828	4197	4061
TRIQK	544	482	379	446
TRIT1	1272	1178	1057	969
TRMT1	2120	1896	1471	1384
TRMT10A	946	860	677	641
TRMT10B	295	308	216	165
TRMT10C	2987	2881	2478	2532
TRMT11	1392	1382	923	875
TRMT112	4918	4813	2589	2466
TRMT12	1443	1344	1267	1239
TRMT13	813	776	505	517
TRMT1L	3447	3285	2889	2992
TRMT2A	1322	1204	1060	979
TRMT2B	2046	2045	2004	1951
TRMT44	549	519	566	602
TRMT5	1836	1812	1069	1084
TRMT6	738	706	460	436
TRMT61A	1094	1078	768	747
TRMT61B	907	853	688	708
TRMU	1485	1552	1488	1405
TRNAU1AP	645	568	481	477
TRNP1	303	320	202	185
TRNT1	1553	1457	1368	1342
TRO	0	0	0	0
TROAP	3398	3684	673	589
TROVE2	1606	1545	1264	1248
TRPA1	0	1	0	1
TRPC1	160	142	123	111
TRPC2	0	1	0	0
TRPC3	0	0	0	3
TRPC4	49	54	60	60
TRPC4AP	6764	6450	8235	7965
TRPC5	0	0	0	0
TRPC5OS	2	1	1	0
TRPC6	1	2	0	1
TRPC7	0	0	0	2
TRPM1	0	1	0	0
TRPM2	7	11	4	14
TRPM2-AS	0	0	0	0
TRPM3	0	2	2	2
TRPM4	2629	2721	5459	4996
TRPM5	1	0	1	1
TRPM6	62	55	32	38
TRPM7	5586	5325	3999	3907
TRPM8	0	0	3	2
TRPS1	1622	1637	1521	1554
TRPT1	1306	1274	1587	1533
TRPV1	381	372	813	709
TRPV2	3	7	2	3
TRPV3	29	33	81	63
TRPV4	1042	1053	834	734
TRPV5	0	8	1	3
TRPV6	5937	5614	3348	3055
TRRAP	4976	4229	3451	3719
TRUB1	3171	2929	1973	1894
TRUB2	2546	2313	2237	2151
TRY2P	0	0	0	0
TSACC	24	32	22	22
TSC1	2098	2112	1943	1781
TSC2	2718	2841	2899	2606
TSC22D1	7194	6971	8264	8072
TSC22D1-AS1	44	40	30	26
TSC22D2	837	895	1336	1242
TSC22D3	3311	3163	4912	4721
TSC22D4	1916	1860	2233	2143
TSEN15	3542	3470	2491	2603
TSEN2	748	706	514	514
TSEN34	5113	4988	3222	3328
TSEN54	1155	1204	926	912
TSFM	2837	2820	2623	2791
TSG1	0	0	0	0
TSG101	4414	4301	5478	5424
TSGA10	152	141	286	243
TSGA10IP	0	1	0	1
TSGA13	0	0	0	0
TSHB	0	0	0	0
TSHR	0	0	0	1
TSHZ1	1614	1520	1460	1333
TSHZ2	10	6	57	45
TSHZ3	1	1	1	0
TSIX	17	12	7	3
TSKS	0	0	0	2
TSKU	4336	4215	2917	2788
TSLP	39	45	27	23
TSN	6319	6013	4633	4854
TSNARE1	1034	995	909	882
TSNAX	2666	2444	2636	2736
TSNAX-DISC1	2	0	2	0
TSNAXIP1	26	19	31	29
TSPAN1	17429	16991	19591	18793
TSPAN10	203	226	512	483
TSPAN11	5	6	1	6
TSPAN12	188	160	352	314
TSPAN13	5626	5321	6219	6207
TSPAN14	4777	4657	6973	6902
TSPAN15	981	937	1192	1200
TSPAN16	0	0	0	0
TSPAN17	2661	2473	3193	3029
TSPAN18	262	215	124	110
TSPAN19	0	0	0	0
TSPAN2	42	43	158	163
TSPAN3	17515	17279	39901	39521
TSPAN31	1754	1579	2559	2562
TSPAN32	0	0	0	1
TSPAN33	296	303	259	279
TSPAN4	2625	2602	4644	4338
TSPAN5	27	37	23	22
TSPAN6	3584	3395	4555	4615
TSPAN7	23	19	5	5
TSPAN8	9	20	40	44
TSPAN9	682	631	800	779
TSPEAR	9	9	2	0
TSPEAR-AS1	0	0	0	0
TSPO	3494	3485	3299	3269
TSPO2	0	0	0	2
TSPY1	0	0	0	0
TSPY10	0	0	0	0
TSPY2	0	0	0	0
TSPY26P	3	1	3	1
TSPY3	0	0	0	0
TSPY4	0	0	0	0
TSPY8	0	0	0	0
TSPYL1	15470	14516	13634	13803
TSPYL2	475	513	449	438
TSPYL4	1547	1580	1230	1148
TSPYL5	33	38	48	43
TSPYL6	0	0	0	0
TSR1	5547	5428	3762	3553
TSR2	1756	1652	1487	1452
TSR3	1369	1394	1282	1295
TSSC1	1487	1462	1173	1128
TSSC4	1444	1471	1286	1356
TSSK1B	1	2	0	0
TSSK2	0	0	1	0
TSSK3	6	4	4	3
TSSK4	0	1	0	0
TSSK6	78	95	89	90
TST	2533	2400	2670	2482
TSTA3	5923	5931	6984	6854
TSTD1	819	783	1035	1051
TSTD2	1683	1600	1635	1522
TSTD3	228	168	178	166
TTBK1	7	1	2	0
TTBK2	917	789	482	432
TTC1	3061	2814	2911	2947
TTC12	1308	1308	1014	1034
TTC13	1146	1276	1565	1512
TTC14	3335	3289	3740	3457
TTC16	1	0	1	0
TTC17	5123	4690	5677	5106
TTC18	49	49	59	38
TTC19	5115	5243	7234	7285
TTC21A	168	172	213	211
TTC21B	825	835	649	652
TTC21B-AS1	0	0	7	1
TTC22	619	584	829	742
TTC23	1780	1754	1295	1231
TTC23L	25	20	27	26
TTC24	0	1	0	0
TTC25	11	7	4	8
TTC26	560	557	317	311
TTC27	1663	1618	1182	1085
TTC28	3	5	1	4
TTC28-AS1	346	341	354	336
TTC29	0	0	1	0
TTC3	7186	6903	6838	6402
TTC30A	488	471	766	693
TTC30B	606	556	693	593
TTC31	1496	1575	1268	1181
TTC32	234	228	213	202
TTC33	2464	2353	2066	2077
TTC34	3	1	1	0
TTC36	9	8	23	21
TTC37	6543	6171	4357	4383
TTC38	1321	1205	975	910
TTC39A	159	145	185	199
TTC39B	698	597	471	448
TTC39C	1189	1165	1727	1800
TTC3P1	77	85	175	143
TTC4	188	173	146	164
TTC40	9	6	18	19
TTC5	568	484	411	380
TTC7A	4154	3867	5243	4963
TTC7B	485	477	392	394
TTC8	1384	1375	1375	1377
TTC9	1428	1431	2677	2654
TTC9B	0	0	0	0
TTC9C	1327	1316	1050	1003
TTF1	1135	1061	891	838
TTF2	4164	4048	1282	1273
TTI1	2915	2806	2237	2022
TTI2	401	353	318	260
TTK	8410	7981	1815	1877
TTL	4682	4489	3278	3222
TTLL1	229	242	275	250
TTLL10	1	1	1	6
TTLL11	162	143	108	111
TTLL12	4618	4489	2585	2488
TTLL13	14	24	17	14
TTLL2	0	0	0	0
TTLL3	154	172	336	263
TTLL4	1329	1275	1090	985
TTLL5	2406	2279	1931	1911
TTLL6	7	6	17	19
TTLL7	50	53	51	34
TTLL9	1	1	2	1
TTN	2	5	7	10
TTN-AS1	322	344	300	267
TTPA	60	46	46	49
TTPAL	2561	2474	2045	1883
TTR	0	0	0	0
TTTY1	0	0	0	0
TTTY10	0	0	0	0
TTTY11	0	0	0	0
TTTY12	0	0	0	0
TTTY13	0	0	0	0
TTTY14	0	0	0	0
TTTY15	0	0	0	0
TTTY16	0	0	0	0
TTTY17B	0	0	0	0
TTTY17C	0	0	0	0
TTTY18	0	0	0	0
TTTY19	0	0	0	0
TTTY1B	0	0	0	0
TTTY2	0	0	0	0
TTTY20	0	0	0	0
TTTY21	0	0	0	0
TTTY21B	0	0	0	0
TTTY22	0	0	0	0
TTTY23	0	0	0	0
TTTY23B	0	0	0	0
TTTY2B	0	0	0	0
TTTY3	0	0	0	0
TTTY3B	0	0	0	0
TTTY4	0	0	0	0
TTTY4B	0	0	0	0
TTTY4C	0	0	0	0
TTTY5	0	0	0	0
TTTY6	0	0	0	0
TTTY6B	0	0	0	0
TTTY7	0	0	0	0
TTTY7B	0	0	0	0
TTTY8	0	0	0	0
TTTY8B	0	0	0	0
TTTY9A	0	0	0	0
TTTY9B	0	0	0	0
TTYH1	44	40	145	152
TTYH2	51	56	32	25
TTYH3	5703	5669	6251	5833
TUB	520	532	451	446
TUBA1A	82	94	155	175
TUBA1B	59312	56652	20919	20884
TUBA1C	22998	21844	11206	11040
TUBA3C	0	0	0	0
TUBA3D	0	0	0	1
TUBA3E	0	0	0	0
TUBA3FP	44	56	48	45
TUBA4A	16415	16793	14292	14066
TUBA4B	6	9	1	1
TUBA8	27	30	29	34
TUBAL3	10	13	7	8
TUBB	99591	98165	51333	50736
TUBB1	1	1	2	1
TUBB2A	222	210	146	134
TUBB2B	5	6	5	1
TUBB3	1350	1349	4682	4425
TUBB4A	17	15	10	9
TUBB4B	27078	26405	15774	15597
TUBB6	4215	4204	1734	1724
TUBB8	9	15	12	8
TUBBP5	406	382	203	201
TUBD1	563	564	445	444
TUBE1	1238	1202	712	736
TUBG1	3874	3819	2859	2820
TUBG2	1107	1184	1449	1353
TUBGCP2	3163	3092	3361	3181
TUBGCP3	3849	3882	2486	2410
TUBGCP4	2673	2653	1564	1598
TUBGCP5	2237	2143	1707	1706
TUBGCP6	2854	2819	3153	2685
TUFM	15033	14353	15840	15273
TUFT1	1335	1378	2341	2426
TUG1	20314	20551	18754	17356
TULP1	1	2	0	0
TULP2	0	0	1	1
TULP3	1431	1386	901	952
TULP4	1020	891	1182	1211
TUNAR	0	0	0	0
TUSC1	0	0	0	0
TUSC2	1546	1429	1543	1477
TUSC3	3098	3097	3304	3314
TUSC5	0	0	0	0
TUSC7	0	0	0	0
TUSC8	0	0	0	0
TUT1	1491	1367	1001	924
TVP23A	0	1	0	0
TVP23B	2820	2731	3324	3406
TVP23C	122	132	101	107
TVP23C-CDRT4	8	16	18	6
TWF1	9292	8813	8806	8904
TWF2	1973	1833	2016	2027
TWIST1	0	0	0	0
TWIST2	117	114	96	115
TWISTNB	3864	3630	2450	2422
TWSG1	3857	3633	5151	5085
TXK	30	26	69	84
TXLNA	6155	5977	4718	4616
TXLNB	6	7	7	10
TXLNG	2985	2896	1922	1766
TXLNGY	0	0	0	0
TXN	23337	23282	13698	13981
TXN2	4303	3989	3782	3711
TXNDC11	4044	3978	7024	6836
TXNDC12	4454	4412	5277	5234
TXNDC15	2159	2130	3286	3249
TXNDC16	1012	1062	883	841
TXNDC17	2701	2499	2816	2922
TXNDC2	2	2	0	0
TXNDC5	444	417	493	487
TXNDC8	0	0	0	0
TXNDC9	3665	3390	2956	3033
TXNIP	7498	7222	15286	14763
TXNL1	4614	4345	4349	4438
TXNL4A	2786	2859	2582	2564
TXNL4B	784	803	471	491
TXNRD1	14127	14177	20284	20070
TXNRD2	2125	2069	2738	2645
TXNRD3	1209	1091	847	868
TXNRD3NB	4	2	1	5
TYK2	4285	4192	3839	3481
TYMP	300	296	759	706
TYMS	8349	8332	2888	2997
TYMSOS	141	148	38	39
TYR	0	0	0	1
TYRO3	738	754	469	527
TYRO3P	2	1	0	2
TYROBP	0	0	0	0
TYRP1	4	3	5	6
TYSND1	3241	3444	2129	1883
TYW1	1656	1592	1531	1460
TYW1B	415	437	443	399
TYW3	1901	1809	1327	1253
TYW5	843	873	814	748
U2AF1	4543	4279	2869	2822
U2AF1L4	194	255	249	235
U2AF2	9060	8797	7670	7259
U2SURP	10498	9835	6140	6193
UACA	1148	1079	827	782
UAP1	2179	2118	2386	2366
UAP1L1	172	182	95	123
UBA1	24110	22880	21054	19775
UBA2	8714	8627	5474	5567
UBA3	5154	4888	4973	4904
UBA5	3551	3544	3892	3937
UBA52	14703	14046	10898	10440
UBA6	5848	5588	5004	5010
UBA6-AS1	526	483	559	529
UBA7	1407	1338	2371	2109
UBAC1	4308	4049	3139	3097
UBAC2	6546	6356	7236	6898
UBAC2-AS1	113	77	82	58
UBALD1	498	534	561	495
UBALD2	902	952	505	463
UBAP1	3425	3273	3387	3396
UBAP1L	30	23	16	20
UBAP2	3448	3154	2978	2794
UBAP2L	9009	8957	7230	6804
UBASH3A	0	0	1	0
UBASH3B	1683	1774	1013	919
UBB	24851	23406	28404	27714
UBC	92102	79307	88721	86942
UBD	737	696	7120	7090
UBE2A	4736	4567	4796	4876
UBE2B	3305	3218	3433	3581
UBE2C	6395	6254	1555	1594
UBE2D1	1507	1331	1544	1530
UBE2D2	4469	4293	3745	3609
UBE2D3	16460	15807	14846	14919
UBE2D4	1049	1037	1252	1195
UBE2DNL	0	0	0	0
UBE2E1	4142	3946	3884	4017
UBE2E2	441	410	534	542
UBE2E3	2126	2004	1289	1327
UBE2E4P	0	0	0	0
UBE2F	2041	1862	2268	2156
UBE2F-SCLY	1	0	0	1
UBE2G1	3798	3566	3429	3412
UBE2G2	4376	4746	4735	4306
UBE2H	5255	4859	9142	8760
UBE2I	5178	4987	4502	4300
UBE2J1	7867	7500	8115	8064
UBE2J2	1014	1001	906	966
UBE2K	6647	6472	4959	4948
UBE2L3	8024	7786	7414	7341
UBE2L6	1599	1458	2493	2353
UBE2M	4010	4156	3714	3412
UBE2MP1	0	0	0	0
UBE2N	4739	4634	3591	3454
UBE2NL	0	0	0	0
UBE2O	2096	2091	1473	1399
UBE2Q1	4507	4525	4571	4465
UBE2Q2	4980	4643	4329	4372
UBE2Q2L	15	16	4	7
UBE2Q2P1	195	207	337	239
UBE2Q2P2	36	31	20	21
UBE2QL1	0	0	0	0
UBE2R2	4464	4259	4809	4812
UBE2S	5908	5999	2194	2130
UBE2T	3147	3112	1370	1306
UBE2U	0	0	0	0
UBE2V1	779	826	866	893
UBE2V2	1974	1993	1759	1845
UBE2W	2434	2340	3139	3135
UBE2Z	6504	6309	6576	6310
UBE3A	5468	5378	4786	4839
UBE3B	3046	2973	2935	2932
UBE3C	7917	7667	8971	8995
UBE3D	242	255	163	162
UBE4A	6379	6414	6704	6349
UBE4B	2242	2289	1989	1981
UBFD1	4613	4525	4297	4091
UBIAD1	970	917	762	754
UBL3	4762	4629	6982	6807
UBL4A	3301	3101	2407	2229
UBL4B	2	1	0	0
UBL5	4105	3884	4439	4416
UBL7	3405	3166	2907	2769
UBL7-AS1	232	245	124	142
UBLCP1	3080	2842	2780	2942
UBN1	4749	4338	3951	3795
UBN2	1555	1408	1390	1363
UBOX5	246	294	263	216
UBOX5-AS1	0	0	0	0
UBP1	7287	6995	5703	5758
UBQLN1	9384	9031	8305	8546
UBQLN2	2297	2232	2618	2524
UBQLN3	0	0	0	0
UBQLN4	3669	3643	3180	2910
UBQLNL	25	15	21	19
UBR1	3019	2821	2829	2826
UBR2	6479	6192	6996	6415
UBR3	4455	4224	4220	4146
UBR4	6850	5622	5729	5741
UBR5	7488	7099	5820	5386
UBR7	3588	3626	2378	2299
UBTD1	771	827	900	831
UBTD2	1998	1940	1957	1984
UBTF	6049	5773	4555	4304
UBTFL1	0	0	0	0
UBXN1	4170	4093	3600	3578
UBXN10	0	0	0	3
UBXN10-AS1	0	0	0	0
UBXN11	406	400	282	258
UBXN2A	1267	1247	890	939
UBXN2B	1111	1075	1049	1035
UBXN4	14178	13736	15735	15362
UBXN6	3181	2960	3979	3888
UBXN7	1784	1787	1358	1346
UBXN8	445	440	472	378
UCA1	13968	13407	14596	13729
UCHL1	7675	7578	2229	2239
UCHL1-AS1	0	0	0	0
UCHL3	3534	3412	2435	2397
UCHL5	5812	5400	4094	4128
UCK1	1148	1165	1050	1092
UCK2	3136	3152	1879	1833
UCKL1	2537	2569	2536	2255
UCKL1-AS1	3	6	8	6
UCMA	0	0	0	0
UCN	24	24	21	18
UCN2	501	638	380	326
UCN3	0	0	0	0
UCP1	7	7	3	3
UCP2	41	50	85	77
UCP3	97	90	113	130
UEVLD	1670	1668	1803	1921
UFC1	3167	2963	3052	2736
UFD1L	3539	3359	2881	2971
UFL1	6339	6038	5835	5758
UFM1	6233	5790	5163	5133
UFSP1	76	86	102	85
UFSP2	1411	1356	1164	1268
UG0898H09	0	0	0	0
UGCG	859	805	898	910
UGDH	1455	1314	1035	994
UGDH-AS1	3144	3003	3288	3243
UGGT1	9006	8611	10835	10620
UGGT2	2763	2730	3283	3162
UGP2	7336	7281	8593	8370
UGT1A1	1	2	0	1
UGT1A10	0	0	0	0
UGT1A3	0	2	0	0
UGT1A4	0	0	0	0
UGT1A5	0	0	0	0
UGT1A6	130	123	49	46
UGT1A7	7	5	4	5
UGT1A8	0	0	0	0
UGT1A9	0	0	0	0
UGT2A1	0	0	1	0
UGT2A2	0	0	0	0
UGT2A3	0	0	0	0
UGT2B10	0	0	0	0
UGT2B11	0	0	0	0
UGT2B15	1	3	0	5
UGT2B17	0	2	0	0
UGT2B28	0	0	0	0
UGT2B4	0	0	0	0
UGT2B7	1	1	0	0
UGT3A1	0	1	0	1
UGT3A2	6	8	5	9
UGT8	18	18	32	15
UHMK1	8904	8268	9198	9051
UHRF1	3817	3820	1897	2011
UHRF1BP1	6008	5656	5482	5480
UHRF1BP1L	2054	1978	1852	1866
UHRF2	2470	2390	2141	1918
UIMC1	1611	1595	979	962
ULBP1	284	331	235	204
ULBP2	2013	1876	4658	4380
ULBP3	207	174	190	189
ULK1	3161	3263	4942	4577
ULK2	2008	2002	2160	2137
ULK3	3568	3591	2750	2494
ULK4	361	338	430	409
ULK4P1	0	0	0	0
ULK4P2	0	0	0	0
ULK4P3	1	0	0	0
UMOD	0	0	0	0
UMODL1	1	1	1	1
UMPS	2759	2722	1917	1911
UNC119	1418	1232	1501	1549
UNC119B	5890	5689	3830	3668
UNC13A	6	13	21	14
UNC13B	2036	1858	2654	2471
UNC13C	1	1	0	0
UNC13D	7103	6912	8014	7638
UNC45A	6325	5813	5556	5442
UNC45B	0	0	1	1
UNC50	2711	2671	3203	3116
UNC5A	14	7	17	15
UNC5B	3562	3029	1288	1165
UNC5B-AS1	65	59	11	17
UNC5C	220	204	616	569
UNC5CL	120	107	194	133
UNC5D	1	2	1	1
UNC79	18	17	18	17
UNC80	0	1	1	1
UNC93A	0	0	0	0
UNC93B1	5078	5284	9008	8488
UNCX	0	0	0	0
UNG	4135	4306	2873	2766
UNK	1657	1611	1376	1263
UNKL	2025	2074	1869	1668
UNQ6494	0	0	0	0
UOX	1	5	2	3
UPB1	0	0	0	0
UPF1	7341	7098	7079	6882
UPF2	2982	2924	2308	2362
UPF3A	4761	4820	3888	3815
UPF3B	1396	1307	1059	1005
UPK1A	1	0	0	1
UPK1A-AS1	0	0	0	1
UPK1B	24	22	50	38
UPK2	3200	3442	15864	14987
UPK3A	1	1	15	18
UPK3B	11310	12203	15356	15536
UPK3BL	194	183	239	76
UPP1	936	869	1107	1154
UPP2	0	0	0	1
UPRT	655	580	634	647
UQCC1	3338	3150	4130	4003
UQCC2	3005	2841	2030	1950
UQCR10	3467	3351	4775	4718
UQCR11	4675	4425	6271	6297
UQCRB	19389	18311	24666	25579
UQCRBP1	0	0	0	0
UQCRC1	19876	18922	21136	21068
UQCRC2	18500	17325	22085	22191
UQCRFS1	11653	11034	13392	13649
UQCRH	13100	12648	15503	15653
UQCRHL	1	0	2	0
UQCRQ	7857	7453	9379	9720
URAD	0	0	0	0
URAHP	3	2	0	1
URB1	14029	13404	18837	17786
URB2	1175	1224	770	745
URGCP	4068	3933	4332	4014
URGCP-MRPS24	6	5	7	9
URI1	4310	4159	3627	3616
URM1	2070	2106	2056	1910
UROC1	3	5	7	5
UROD	1862	1698	1426	1347
UROS	2679	2651	3140	3152
USB1	2784	2624	2613	2408
USE1	454	414	345	377
USF1	1750	1686	2110	1875
USF2	4797	4802	6046	5681
USH1C	0	1	1	1
USH1G	6	9	6	4
USH2A	0	0	0	0
USHBP1	1	0	1	0
USMG5	5223	4922	5911	5995
USO1	7610	7235	8083	8078
USP1	8904	8880	4652	4791
USP10	8334	8048	5722	5719
USP11	2381	2166	2096	2027
USP12	2033	1917	2255	2189
USP12-AS1	0	0	0	0
USP12-AS2	0	3	4	6
USP13	2003	1767	1211	1275
USP14	7080	6815	5342	5215
USP15	3637	3396	3045	3076
USP16	4081	3884	3177	3110
USP17L10	0	0	0	0
USP17L11	0	0	0	0
USP17L12	0	0	0	0
USP17L13	0	0	0	0
USP17L15	0	0	0	0
USP17L17	0	0	0	0
USP17L18	0	0	0	0
USP17L19	0	0	0	0
USP17L1P	0	0	0	0
USP17L2	0	0	0	0
USP17L20	0	0	0	0
USP17L21	0	0	0	0
USP17L22	0	0	0	0
USP17L24	0	0	0	0
USP17L25	0	0	0	0
USP17L26	0	0	0	0
USP17L27	0	0	0	0
USP17L28	0	0	0	0
USP17L29	0	0	0	0
USP17L3	0	0	0	0
USP17L30	0	0	0	0
USP17L4	0	0	0	0
USP17L5	0	0	0	0
USP17L6P	0	0	0	0
USP17L7	0	0	0	0
USP17L8	0	0	0	0
USP17L9P	0	0	0	0
USP18	355	312	284	259
USP19	4625	4412	4557	4193
USP2	2000	1946	1976	1967
USP2-AS1	64	61	36	35
USP20	1253	1183	1458	1464
USP21	1546	1542	1180	1096
USP22	14202	13986	13014	12381
USP24	7034	6503	5726	5531
USP25	3532	3337	3581	3456
USP26	1	1	3	2
USP27X	122	134	97	102
USP27X-AS1	18	21	20	20
USP28	5070	4732	3273	3203
USP29	1	0	0	0
USP3	1748	1791	1846	1852
USP3-AS1	18	8	23	19
USP30	605	620	514	451
USP30-AS1	29	30	65	56
USP31	1344	1394	669	598
USP32	2741	2771	2299	2403
USP32P1	419	448	519	504
USP32P2	579	584	820	676
USP33	5275	5051	5609	5639
USP34	7615	7088	7447	7398
USP35	1147	1103	1348	1241
USP36	2485	2591	2380	2171
USP37	1384	1311	1034	1102
USP38	3168	2887	3098	3090
USP39	4330	3977	2847	2797
USP4	2748	2707	2298	2164
USP40	4095	3689	3459	3288
USP42	1308	1375	1272	1137
USP43	2974	2930	5679	5304
USP44	0	0	0	0
USP45	1556	1565	1479	1459
USP46	1624	1475	1074	1048
USP47	5778	5747	5685	5708
USP48	2575	2500	1877	1928
USP49	563	553	583	526
USP5	6968	6625	5436	5370
USP50	5	1	1	0
USP51	78	62	41	48
USP53	2935	2698	3315	3005
USP54	1271	1202	1398	1248
USP6	43	30	28	44
USP6NL	1964	1933	2386	2377
USP7	8175	8047	7072	6877
USP8	5613	5530	5924	5917
USP9X	19761	18290	19430	19267
USP9Y	0	0	0	0
USPL1	1843	1714	1222	1105
UST	1463	1320	1097	1133
UTF1	0	0	0	0
UTP11L	1866	1864	1363	1382
UTP14A	1914	1741	1077	1119
UTP14C	2970	2734	2738	2779
UTP15	1724	1645	1207	1259
UTP18	2360	2262	1712	1660
UTP20	2474	2321	1652	1636
UTP23	2389	2286	1574	1618
UTP3	3334	3358	2460	2341
UTP6	2991	2713	1992	1961
UTRN	7138	6506	5853	5755
UTS2	0	0	0	0
UTS2B	4	1	1	4
UTS2R	0	0	0	0
UTY	0	0	0	1
UVRAG	1782	1675	1673	1648
UVSSA	997	1015	1098	933
UXS1	2985	2882	3385	3137
UXT	1904	1730	1539	1367
UXT-AS1	12	12	15	12
VAC14	2437	2469	1956	1848
VAC14-AS1	0	0	0	1
VAMP1	276	265	333	250
VAMP2	1524	1651	2453	2298
VAMP3	2496	2381	2505	2426
VAMP4	1051	955	955	955
VAMP5	25	28	57	43
VAMP7	0	0	0	0
VAMP8	6483	6082	8037	7864
VANGL1	5452	5398	4506	4316
VANGL2	2186	2082	880	760
VAPA	8921	8636	10760	10636
VAPB	6578	6467	5894	5904
VARS	11196	10927	7115	6998
VARS2	3444	3407	2814	2700
VASH1	449	428	638	612
VASH2	10	5	6	3
VASN	52	74	245	236
VASP	4645	4566	5381	5220
VAT1	2142	2000	2767	2768
VAT1L	1	0	0	0
VAV1	54	39	25	26
VAV2	10425	10292	16064	15687
VAV3	3713	3213	977	916
VAV3-AS1	0	0	0	0
VAX1	4	8	10	9
VAX2	94	85	124	107
VBP1	2644	2431	1751	1775
VCAM1	0	0	0	2
VCAN	0	0	0	0
VCL	9765	9294	10631	10320
VCP	26580	25588	23818	23863
VCPIP1	2716	2457	2549	2706
VCPKMT	355	373	322	266
VCX	0	1	0	0
VCX2	0	0	0	1
VCX3A	0	0	0	0
VCX3B	0	0	0	0
VCY	0	0	0	0
VCY1B	0	0	0	0
VDAC1	21381	20873	17242	17687
VDAC2	16729	15994	16080	16590
VDAC3	5528	5273	4569	4426
VDR	2329	2239	2025	2043
VEGFA	7372	7496	15145	13234
VEGFB	2584	2537	2972	2768
VEGFC	73	58	61	84
VENTX	0	1	1	0
VENTXP1	0	0	0	0
VENTXP7	0	0	0	0
VEPH1	745	733	1024	945
VEZF1	2765	2770	2737	2663
VEZT	4469	4381	4550	4431
VGF	2	4	5	3
VGLL1	1755	1779	3173	3231
VGLL2	0	1	0	0
VGLL3	1484	1315	1176	1175
VGLL4	3551	3470	3517	3410
VHL	3332	3179	2564	2538
VHLL	0	1	0	0
VIL1	122	143	250	222
VILL	348	255	330	287
VIM	7	5	4	0
VIM-AS1	4	3	0	1
VIMP	4070	4037	6970	6773
VIP	0	0	1	0
VIPAS39	1563	1422	1491	1419
VIPR1	1220	1202	868	770
VIPR2	1162	1193	1580	1490
VIT	18	13	0	3
VKORC1	1951	1977	2098	1962
VKORC1L1	4510	4403	3999	3932
VLDLR	807	798	2071	2028
VLDLR-AS1	21	22	35	16
VMA21	2239	2211	1999	1943
VMAC	185	181	330	248
VMO1	22	25	26	24
VMP1	3652	3680	6167	5948
VN1R1	80	67	94	101
VN1R10P	0	0	0	0
VN1R2	0	0	0	0
VN1R4	0	0	0	0
VN1R5	0	0	0	0
VNN1	98	65	380	315
VNN2	0	0	10	8
VNN3	0	0	3	2
VOPP1	6890	6601	5702	5393
VPRBP	2555	2571	1979	2020
VPREB1	0	0	0	0
VPREB3	4	1	5	4
VPS11	4497	4328	4915	4653
VPS13A	6164	6029	5661	5256
VPS13A-AS1	1	0	0	0
VPS13B	3907	3555	3224	3237
VPS13C	4595	4158	4878	4808
VPS13D	3893	3310	3453	3520
VPS16	703	652	584	529
VPS18	3720	3423	7762	7294
VPS25	3394	3240	3241	3233
VPS26A	5899	5556	5122	5030
VPS26B	4433	4158	3698	3470
VPS28	3331	3160	4049	3711
VPS29	4670	4462	4337	4180
VPS33A	1510	1434	1383	1355
VPS33B	1537	1386	1300	1331
VPS35	12608	12204	8997	8813
VPS36	7357	6975	5606	5597
VPS37A	1101	957	1169	1118
VPS37B	3409	3176	4385	4301
VPS37C	2030	2039	2472	2289
VPS37D	88	84	76	86
VPS39	4023	3930	4649	4445
VPS41	4393	4215	4174	4083
VPS45	2926	2861	2819	2750
VPS4A	4736	4668	4107	4266
VPS4B	5637	5551	5122	4966
VPS51	4415	4214	3281	3131
VPS52	5283	5085	4763	4506
VPS53	1921	1822	1892	1964
VPS54	2369	2291	2084	2019
VPS72	1765	1742	1583	1554
VPS8	2290	2175	2463	2251
VPS9D1	1871	1901	3547	3109
VPS9D1-AS1	266	263	57	70
VRK1	1748	1685	816	840
VRK2	1949	1923	1519	1612
VRK3	1086	1059	1127	1007
VRTN	2	1	7	4
VSIG1	16	18	6	8
VSIG10	1837	1752	2613	2435
VSIG10L	145	109	665	585
VSIG2	3	2	38	42
VSIG4	0	0	0	0
VSIG8	0	2	0	3
VSNL1	156	113	39	23
VSTM1	0	1	0	0
VSTM2A	0	0	0	1
VSTM2B	0	0	0	0
VSTM2L	18	10	114	126
VSTM4	2	1	3	2
VSTM5	12	12	31	20
VSX1	0	0	0	0
VSX2	0	0	0	0
VTA1	6898	6411	5356	5201
VTCN1	1356	1426	11537	10995
VTI1A	1595	1510	1376	1322
VTI1B	3121	2942	3371	3381
VTN	1448	1535	7813	7572
VTRNA1-1	0	1	1	0
VTRNA1-2	9	12	10	14
VTRNA1-3	4	3	0	5
VTRNA2-1	0	0	0	0
VWA1	2947	2926	5735	5401
VWA2	183	158	69	76
VWA3A	4	1	2	1
VWA3B	5	5	11	5
VWA5A	209	202	689	631
VWA5B1	7	8	7	15
VWA5B2	8	7	31	18
VWA7	912	885	1269	1119
VWA8	7362	6868	6301	6170
VWA8-AS1	7	4	5	1
VWA9	3229	3050	2418	2344
VWC2	0	0	0	0
VWC2L	0	0	0	0
VWC2L-IT1	0	0	0	0
VWCE	203	273	202	172
VWDE	328	352	237	200
VWF	267	242	62	71
WAC	8132	7851	7705	7465
WAC-AS1	7802	7592	6005	5949
WAPAL	5646	5431	4420	4282
WARS	10677	10601	7498	7649
WARS2	1148	1170	1006	993
WAS	8	14	14	13
WASF1	2633	2630	1614	1616
WASF2	5013	4783	3592	3436
WASF3	1153	1110	1067	1019
WASH1	238	225	263	213
WASH2P	524	545	608	561
WASH3P	434	463	498	421
WASH5P	868	953	1156	910
WASH7P	669	675	701	623
WASL	3599	3638	4516	4371
WBP1	301	307	466	461
WBP11	6342	6012	4532	4434
WBP11P1	0	1	0	0
WBP1L	2408	2212	2977	2741
WBP2	3577	3420	3567	3408
WBP2NL	2	3	9	4
WBP4	2810	2778	2072	2006
WBP5	4091	4004	3282	3270
WBSCR16	3261	3207	3374	3353
WBSCR17	0	0	0	1
WBSCR22	3780	3808	4583	4494
WBSCR27	169	130	91	74
WBSCR28	6	9	3	0
WDFY1	4499	4058	3327	3305
WDFY2	1739	1700	887	847
WDFY3	4128	3671	4470	4288
WDFY3-AS2	74	60	72	75
WDFY4	8	3	2	1
WDHD1	2126	2052	926	870
WDPCP	233	237	198	197
WDR1	18403	17813	18287	18394
WDR11	4574	4210	4817	4764
WDR11-AS1	1	4	0	1
WDR12	2937	2675	1654	1586
WDR13	2372	2274	2614	2720
WDR16	5	7	12	12
WDR17	0	0	0	2
WDR18	1675	1741	1311	1247
WDR19	827	842	556	500
WDR20	1511	1490	1431	1416
WDR24	668	656	749	692
WDR25	365	367	299	304
WDR26	7695	7436	9190	8836
WDR27	471	438	396	358
WDR3	3568	3281	2053	2063
WDR31	198	209	240	266
WDR33	3811	3748	3114	2950
WDR34	4758	4676	3628	3463
WDR35	1207	1128	761	753
WDR36	3059	2718	2108	2023
WDR37	2204	2113	2627	2592
WDR38	2	6	1	1
WDR4	802	799	427	445
WDR41	5381	5174	3221	3132
WDR43	3913	3979	2127	2034
WDR44	1429	1318	1418	1354
WDR45	1205	1231	1731	1687
WDR45B	4217	4166	4393	4470
WDR46	4038	3916	3116	3129
WDR47	828	756	591	637
WDR48	2336	2290	1917	1963
WDR49	0	0	0	0
WDR5	3441	3305	2177	2083
WDR52	1119	1132	2175	2046
WDR52-AS1	0	1	0	0
WDR53	524	495	474	387
WDR54	402	356	276	295
WDR55	1923	2024	2150	2038
WDR59	1935	1779	1548	1424
WDR5B	472	440	376	384
WDR6	7917	7644	7797	7187
WDR60	1288	1343	1991	1981
WDR61	4397	4286	4013	4102
WDR62	1259	1386	429	411
WDR63	284	267	89	68
WDR64	2	2	9	8
WDR65	129	108	139	158
WDR66	1300	1229	191	215
WDR7	1517	1425	1256	1178
WDR70	2523	2434	1807	1815
WDR72	735	625	365	360
WDR73	2286	2205	2110	1930
WDR74	2046	2053	1259	1266
WDR75	3080	2871	2050	1900
WDR76	1592	1655	992	880
WDR77	5491	5134	2804	2864
WDR78	30	24	69	56
WDR81	2082	1855	1369	1273
WDR82	9633	9145	7155	7058
WDR83	398	351	336	320
WDR83OS	2915	2732	3190	3072
WDR86	4	8	4	8
WDR86-AS1	0	0	0	0
WDR87	1	1	0	1
WDR88	4	1	3	0
WDR89	1257	1112	886	862
WDR90	1780	1977	1366	1226
WDR91	1338	1367	1294	1163
WDR92	1100	1041	895	852
WDR93	4	10	22	8
WDR96	19	17	27	21
WDSUB1	643	659	512	500
WDTC1	1533	1427	1623	1442
WDYHV1	1367	1327	1104	1157
WEE1	2338	2302	1044	985
WEE2	2	0	3	6
WEE2-AS1	10	22	46	30
WFDC1	2	3	9	8
WFDC10A	0	0	0	0
WFDC10B	0	0	0	0
WFDC11	0	0	0	0
WFDC12	0	0	1	0
WFDC13	0	0	0	0
WFDC2	173	166	168	146
WFDC3	6	3	13	15
WFDC5	0	0	1	0
WFDC6	0	0	0	0
WFDC8	0	1	0	0
WFDC9	0	0	0	0
WFIKKN1	11	12	7	11
WFIKKN2	0	0	0	0
WFS1	2548	2621	6137	5547
WHAMM	1461	1550	1406	1375
WHAMMP1	420	456	374	348
WHAMMP2	270	278	241	223
WHAMMP3	296	314	250	205
WHSC1	10191	9949	4438	4173
WHSC1L1	2326	2270	2072	2065
WI2-2373I1.2	0	0	1	2
WIBG	1613	1563	1160	1109
WIF1	0	0	0	1
WIPF1	4355	4205	4608	4543
WIPF2	3675	3554	3199	3050
WIPF3	2	1	3	2
WIPI1	972	890	1915	1905
WIPI2	3666	3592	4716	4534
WISP1	4	4	2	4
WISP2	4263	4270	6620	6128
WISP3	0	0	0	0
WIZ	2044	2100	1911	1744
WLS	3901	3855	1509	1536
WNK1	10564	9458	9750	9820
WNK2	401	351	307	291
WNK3	0	1	0	0
WNK4	108	125	127	97
WNT1	0	0	1	0
WNT10A	4977	4848	4001	3633
WNT10B	99	125	155	138
WNT11	35	27	58	55
WNT16	0	0	0	0
WNT2	0	0	0	0
WNT2B	19	15	44	42
WNT3	434	451	506	502
WNT3A	4	2	6	6
WNT4	515	506	216	214
WNT5A	24	25	20	20
WNT5B	97	101	35	32
WNT6	6	8	13	10
WNT7A	86	89	45	27
WNT7B	5626	5712	11989	11618
WNT8A	0	0	0	0
WNT8B	3	5	0	0
WNT9A	169	152	159	133
WNT9B	0	0	0	0
WRAP53	1193	1117	614	561
WRAP73	695	762	487	477
WRB	1151	1197	1108	1182
WRN	1081	1003	729	701
WRNIP1	4370	4153	3583	3477
WSB1	3007	2807	2976	2818
WSB2	4338	4160	4522	4481
WSCD1	1	0	0	0
WSCD2	4	0	0	1
WT1	3	4	0	0
WT1-AS	0	0	0	0
WTAP	2389	2420	2126	2081
WTAPP1	5	5	1	0
WTH3DI	1	1	0	2
WTIP	512	554	714	658
WWC1	8623	8514	12793	12633
WWC2	2610	2628	3336	3301
WWC2-AS2	28	26	23	20
WWC3	2855	2817	3370	3223
WWOX	1123	1186	755	740
WWP1	6971	6531	8052	8129
WWP2	3284	3140	3087	2999
WWTR1	2346	2226	1963	2128
WWTR1-AS1	64	74	130	129
XAB2	2062	2027	1559	1524
XAF1	1	1	11	5
XAGE1B	0	0	0	0
XAGE1E	0	0	0	0
XAGE2	0	0	1	0
XAGE2B	0	0	0	0
XAGE3	0	0	0	0
XAGE5	0	0	0	0
XBP1	10261	10086	31628	30814
XCL1	55	65	69	61
XCL2	4	11	16	11
XCR1	1	1	0	0
XDH	1511	1488	482	449
XG	2653	2745	2373	2301
XGY2	0	0	0	0
XIAP	2724	2578	2181	2183
XIRP1	0	0	0	0
XIRP2	2	2	1	2
XIRP2-AS1	0	0	0	0
XIST	1140	1297	4817	4394
XK	189	190	108	100
XKR3	0	0	0	0
XKR4	0	0	0	0
XKR5	0	0	0	0
XKR6	125	109	88	89
XKR7	0	0	1	1
XKR8	298	304	445	405
XKR9	10	14	18	6
XKRX	30	30	19	21
XKRY	0	0	0	0
XKRY2	0	0	0	0
XPA	894	871	951	969
XPC	4817	4576	3235	2951
XPNPEP1	3245	3123	3066	3141
XPNPEP2	0	0	0	0
XPNPEP3	1894	1831	2047	2009
XPO1	17964	17175	11454	11188
XPO4	3915	3738	2894	2841
XPO5	7049	6922	4596	4359
XPO6	6245	6086	5569	5495
XPO7	3714	3566	2590	2551
XPOT	12646	12433	6641	6782
XPR1	19557	19075	12971	12604
XRCC1	1806	1737	1279	1164
XRCC2	790	826	343	352
XRCC3	851	905	515	444
XRCC4	767	781	417	393
XRCC5	32246	31197	21680	22170
XRCC6	34861	33276	21063	21187
XRCC6BP1	422	482	210	257
XRCC6P5	0	0	0	0
XRN1	3680	3416	3432	3234
XRN2	4815	4441	4378	4178
XRRA1	1435	1387	1349	1121
XXYLT1	1623	1521	1672	1678
XXYLT1-AS1	0	0	0	0
XXYLT1-AS2	0	0	0	0
XYLB	273	277	157	138
XYLT1	1	2	8	7
XYLT2	1374	1291	1809	1755
YAE1D1	761	760	634	644
YAF2	888	963	718	723
YAP1	15498	14653	12792	12782
YARS	9868	9370	5169	5294
YARS2	1589	1587	1453	1459
YBEY	461	495	310	312
YBX1	22816	21492	15167	15320
YBX2	36	32	80	75
YBX3	12209	11824	7678	7515
YBX3P1	0	0	0	0
YDJC	1290	1387	1091	1044
YEATS2	2617	2608	2281	2170
YEATS4	1863	1875	1022	1057
YES1	6417	6317	5341	5198
YIF1A	3524	3403	4526	4439
YIF1B	1695	1687	1559	1456
YIPF1	1843	1719	1914	1791
YIPF2	1991	1989	3200	3125
YIPF3	7726	7722	14953	14225
YIPF4	2225	2068	2379	2461
YIPF5	3264	3080	3848	3803
YIPF6	3469	3419	4679	4589
YIPF7	0	0	1	1
YJEFN3	183	239	334	260
YKT6	7726	7583	7781	7798
YLPM1	4724	4536	4038	4050
YME1L1	12227	11939	11350	11440
YOD1	2339	2251	1496	1405
YPEL1	41	31	71	75
YPEL2	492	441	903	807
YPEL3	877	941	1878	1585
YPEL4	15	13	35	21
YPEL5	3304	3055	6324	6274
YRDC	1331	1283	1140	1172
YTHDC1	5368	5081	4453	4243
YTHDC2	4168	4230	3181	3135
YTHDF1	4743	4705	4761	4801
YTHDF2	4341	4011	3619	3525
YTHDF3	3817	3652	3773	3699
YTHDF3-AS1	20	16	14	8
YWHAB	32855	31695	34754	34416
YWHAE	31424	29882	22112	21543
YWHAEP1	0	0	0	1
YWHAEP7	22	21	37	31
YWHAG	21250	20011	16005	16105
YWHAH	6454	6305	4847	4595
YWHAQ	27764	26424	18695	19089
YWHAZ	78017	74240	67729	68300
YY1	4984	4819	3444	3488
YY1AP1	3260	2863	2656	2496
YY1P2	0	0	0	0
YY2	240	219	170	148
ZACN	3	0	4	2
ZADH2	3543	3455	2816	2749
ZAK	3265	3238	1874	1859
ZAN	0	0	1	1
ZAP70	0	4	4	0
ZAR1	0	0	0	0
ZAR1L	2	2	3	2
ZASP	0	0	0	0
ZBBX	0	0	0	0
ZBED1	0	0	0	0
ZBED2	165	170	565	518
ZBED3	277	315	240	243
ZBED3-AS1	19	31	27	26
ZBED4	2522	2272	1949	1833
ZBED5	4136	4118	3032	2928
ZBED5-AS1	576	559	737	719
ZBED6	1628	1705	1723	1475
ZBED6CL	451	447	309	332
ZBED8	332	336	264	260
ZBED9	659	697	764	703
ZBP1	3	1	2	2
ZBTB1	2818	2758	3059	2998
ZBTB10	309	294	217	171
ZBTB11	2152	2121	1800	1665
ZBTB11-AS1	231	223	271	264
ZBTB12	488	439	343	334
ZBTB14	1517	1466	1484	1457
ZBTB16	0	0	0	0
ZBTB17	701	670	594	583
ZBTB18	748	674	719	625
ZBTB2	1857	1777	1337	1216
ZBTB20	23	20	11	16
ZBTB20-AS1	1	0	0	0
ZBTB21	1358	1289	1048	1077
ZBTB22	1249	1189	1303	1208
ZBTB24	2205	2076	1903	1753
ZBTB25	403	368	320	302
ZBTB26	288	272	203	150
ZBTB3	342	295	313	282
ZBTB32	2	0	0	0
ZBTB33	3776	3659	3209	2996
ZBTB34	812	765	710	740
ZBTB37	183	149	115	106
ZBTB38	8080	7755	14397	14074
ZBTB39	913	931	643	639
ZBTB4	6038	5938	8268	8354
ZBTB40	1281	1235	1313	1212
ZBTB41	4865	4431	4314	4054
ZBTB42	633	539	938	905
ZBTB43	1283	1289	1224	1139
ZBTB44	5060	4803	4220	3985
ZBTB45	876	971	808	803
ZBTB46	44	44	80	83
ZBTB47	1116	1016	1186	1058
ZBTB48	332	357	308	267
ZBTB49	222	193	215	166
ZBTB5	2273	2217	1734	1605
ZBTB6	1656	1546	1361	1368
ZBTB7A	2251	2245	2410	2310
ZBTB7B	2889	3055	3379	3240
ZBTB7C	49	41	16	16
ZBTB8A	1067	941	792	829
ZBTB8B	2	3	0	3
ZBTB8OS	809	731	829	834
ZBTB9	1532	1636	1358	1378
ZC2HC1A	913	813	771	707
ZC2HC1B	3	2	1	7
ZC2HC1C	168	145	192	156
ZC3H10	391	411	354	379
ZC3H11A	8034	7911	7403	6941
ZC3H12A	2372	2415	2816	2585
ZC3H12B	2	2	14	19
ZC3H12C	1642	1471	1927	1932
ZC3H12D	5	3	8	8
ZC3H13	5984	5752	4234	3899
ZC3H14	4954	4764	4635	4489
ZC3H15	6165	6042	5148	5061
ZC3H18	3852	3810	3277	2937
ZC3H3	1724	1755	1924	1767
ZC3H4	2706	2734	2203	2074
ZC3H6	508	462	545	499
ZC3H7A	3956	3972	3203	3226
ZC3H7B	7025	6589	6394	6206
ZC3H8	830	774	415	447
ZC3HAV1	5878	5312	6257	6188
ZC3HAV1L	0	0	0	2
ZC3HC1	967	856	583	582
ZC4H2	157	115	130	128
ZCCHC10	1182	1083	870	909
ZCCHC11	4030	4007	2771	2719
ZCCHC12	1	0	0	0
ZCCHC13	0	0	0	0
ZCCHC14	4138	3869	3573	3323
ZCCHC16	0	0	0	0
ZCCHC17	2472	2366	2310	2160
ZCCHC18	1	3	1	0
ZCCHC2	2134	2152	1977	1917
ZCCHC24	256	277	212	217
ZCCHC3	696	680	551	540
ZCCHC4	560	535	403	410
ZCCHC5	0	0	0	0
ZCCHC6	2836	2773	3770	3499
ZCCHC7	1244	1134	912	953
ZCCHC8	2719	2612	1891	1845
ZCCHC9	1015	932	774	791
ZCRB1	2484	2329	2068	2111
ZCWPW1	153	156	207	176
ZCWPW2	22	28	46	39
ZDBF2	1712	1654	1506	1420
ZDHHC1	781	794	1195	1011
ZDHHC11	495	588	1190	913
ZDHHC12	2906	2993	3213	3119
ZDHHC13	2191	2176	1974	1840
ZDHHC14	50	52	87	96
ZDHHC15	3	5	4	6
ZDHHC16	2843	2856	3076	2921
ZDHHC17	2044	2096	1878	1843
ZDHHC18	600	655	540	532
ZDHHC19	0	0	0	1
ZDHHC2	952	912	1034	1001
ZDHHC20	9259	8859	8384	8301
ZDHHC21	2232	2228	2147	2052
ZDHHC22	0	0	0	1
ZDHHC23	1965	1947	2443	2279
ZDHHC24	1434	1403	2332	2268
ZDHHC3	6892	6748	7209	6761
ZDHHC4	3934	3810	4375	4360
ZDHHC5	19237	18670	21346	20168
ZDHHC6	3029	3067	2269	2181
ZDHHC7	8650	8363	8522	8172
ZDHHC8	1492	1495	1527	1264
ZDHHC8P1	14	18	12	15
ZDHHC9	3693	3601	5695	5412
ZEB1	16	24	45	44
ZEB1-AS1	157	133	80	70
ZEB2	1	3	1	0
ZEB2-AS1	0	0	0	0
ZER1	2134	1963	2538	2518
ZFAND1	2912	2838	2186	2176
ZFAND2A	439	438	387	402
ZFAND2B	753	847	704	662
ZFAND3	4290	4232	5671	5332
ZFAND4	285	255	236	245
ZFAND5	10315	10229	15490	14919
ZFAND6	6218	5912	8263	8101
ZFAS1	6098	5961	4736	4761
ZFAT	850	727	566	581
ZFAT-AS1	0	0	0	0
ZFC3H1	4246	3986	3751	3503
ZFHX2	101	95	187	147
ZFHX3	1907	1554	2064	2066
ZFHX4	15	26	7	12
ZFHX4-AS1	0	0	0	0
ZFP1	577	560	390	387
ZFP14	220	225	311	278
ZFP2	9	10	14	22
ZFP28	104	97	140	99
ZFP3	965	935	1172	1076
ZFP30	852	846	759	688
ZFP36	1166	1195	1817	1663
ZFP36L1	6384	6398	5037	4666
ZFP36L2	4271	4222	3506	3292
ZFP37	187	181	136	127
ZFP41	1320	1250	1472	1375
ZFP42	1	2	1	0
ZFP57	5	12	32	20
ZFP62	2168	2141	1995	1879
ZFP64	1737	1716	1339	1277
ZFP69	448	395	332	309
ZFP69B	242	205	129	126
ZFP82	0	0	0	0
ZFP90	1209	1086	858	784
ZFP91	11224	11116	9294	9307
ZFP91-CNTF	4	11	5	8
ZFP92	91	85	62	60
ZFPL1	1515	1399	1500	1456
ZFPM1	395	466	376	377
ZFPM2	0	0	1	2
ZFR	10563	10350	7671	7560
ZFR2	0	0	1	0
ZFX	3716	3581	3679	3519
ZFX-AS1	1	2	0	1
ZFY	0	0	1	0
ZFYVE1	1198	1155	1506	1476
ZFYVE16	5135	4688	3540	3377
ZFYVE19	1382	1335	1405	1314
ZFYVE20	2408	2376	2171	2025
ZFYVE21	1526	1535	1955	1883
ZFYVE26	1625	1554	1489	1408
ZFYVE27	2150	2094	2787	2543
ZFYVE28	43	45	120	93
ZFYVE9	2755	2505	2304	2025
ZG16	30	34	78	60
ZG16B	7	6	162	169
ZGLP1	87	92	117	98
ZGPAT	1407	1398	1710	1465
ZGRF1	842	932	431	413
ZHX1	5731	5487	3286	3231
ZHX1-C8orf76	62	66	46	43
ZHX2	3079	2931	4828	4665
ZHX3	2245	2046	1794	1685
ZIC1	0	0	0	0
ZIC2	242	256	234	185
ZIC3	0	0	0	0
ZIC4	0	0	0	0
ZIC5	0	0	0	0
ZIK1	722	715	638	598
ZIM2	0	0	0	0
ZIM3	0	0	0	0
ZKSCAN1	5653	5210	7067	6743
ZKSCAN2	879	818	861	885
ZKSCAN3	825	811	672	652
ZKSCAN4	678	574	673	633
ZKSCAN5	1375	1303	1031	1018
ZKSCAN7	182	168	193	194
ZKSCAN8	3998	3976	3611	3243
ZMAT1	14	22	79	61
ZMAT2	5334	5081	4586	4384
ZMAT3	6438	5892	5177	5026
ZMAT4	8	9	48	44
ZMAT5	535	527	674	656
ZMIZ1	5747	4850	2691	2750
ZMIZ1-AS1	136	118	16	11
ZMIZ2	8929	8949	11407	10152
ZMPSTE24	8311	7932	10447	9995
ZMYM1	2783	2682	1453	1398
ZMYM2	3420	3241	3516	3371
ZMYM3	2331	2249	1844	1789
ZMYM4	6155	5973	6361	6334
ZMYM5	797	802	782	790
ZMYM6	1698	1621	2004	1936
ZMYM6NB	845	788	1592	1568
ZMYND10	16	20	18	19
ZMYND11	7780	7462	7165	6671
ZMYND12	6	7	9	13
ZMYND15	193	212	316	279
ZMYND19	1301	1507	1169	1105
ZMYND8	2674	2671	1936	1820
ZNF10	493	442	496	470
ZNF100	306	283	189	185
ZNF101	299	252	227	203
ZNF106	6978	6511	5403	5371
ZNF107	800	783	599	626
ZNF112	495	504	434	431
ZNF114	1274	1193	491	415
ZNF117	626	558	1053	915
ZNF12	3355	3251	3204	3151
ZNF121	585	584	435	386
ZNF124	327	332	303	252
ZNF131	3688	3659	2526	2590
ZNF132	114	88	136	120
ZNF133	424	454	386	369
ZNF134	1592	1500	1380	1418
ZNF135	0	0	0	0
ZNF136	443	369	511	516
ZNF137P	165	165	236	228
ZNF138	420	404	442	453
ZNF14	398	348	395	342
ZNF140	877	902	902	869
ZNF141	316	331	236	227
ZNF142	1588	1482	1083	980
ZNF143	930	889	889	931
ZNF146	7319	7141	5175	5185
ZNF148	3670	3471	3528	3476
ZNF154	0	4	4	5
ZNF155	593	607	643	584
ZNF157	2	1	3	1
ZNF16	746	708	556	574
ZNF160	1910	1876	1879	1738
ZNF165	924	921	594	590
ZNF169	209	184	186	167
ZNF17	513	565	440	425
ZNF174	656	603	541	525
ZNF175	443	442	389	376
ZNF177	0	0	0	2
ZNF18	469	497	433	434
ZNF180	879	870	673	706
ZNF181	840	800	722	699
ZNF182	688	643	619	569
ZNF184	847	858	681	701
ZNF185	4369	4027	4888	4912
ZNF189	1385	1222	1288	1250
ZNF19	181	191	175	178
ZNF192P1	350	319	310	268
ZNF195	1337	1340	1070	996
ZNF197	1464	1385	1348	1250
ZNF2	273	236	257	278
ZNF20	6	10	6	9
ZNF200	867	804	742	776
ZNF202	1154	1164	707	688
ZNF204P	1652	1598	1508	1395
ZNF205	616	571	459	444
ZNF205-AS1	6	7	11	6
ZNF207	11759	11504	8897	8919
ZNF208	0	1	0	0
ZNF211	1268	1276	1314	1217
ZNF212	550	551	486	450
ZNF213	870	829	858	824
ZNF213-AS1	158	149	164	135
ZNF214	115	101	140	146
ZNF215	558	401	271	260
ZNF217	3189	3017	4564	4474
ZNF219	4215	4340	3126	2851
ZNF22	2215	2130	1335	1388
ZNF221	118	112	106	95
ZNF222	159	157	273	285
ZNF223	324	289	419	349
ZNF224	1229	1196	1507	1337
ZNF225	348	319	341	288
ZNF226	919	958	1066	1034
ZNF227	827	832	534	549
ZNF229	684	711	753	691
ZNF23	657	645	624	577
ZNF230	334	321	339	353
ZNF232	391	362	285	291
ZNF233	73	83	51	63
ZNF234	623	635	606	492
ZNF235	262	282	197	223
ZNF236	1274	1254	1076	1017
ZNF239	85	77	74	90
ZNF24	6725	6562	5926	5739
ZNF248	988	941	873	843
ZNF25	227	223	174	205
ZNF250	549	499	625	584
ZNF251	1527	1546	1928	1764
ZNF252P	2978	2789	3248	3184
ZNF252P-AS1	38	43	40	28
ZNF253	333	328	385	387
ZNF254	734	714	779	760
ZNF256	599	565	521	477
ZNF257	0	0	0	0
ZNF26	472	449	351	379
ZNF260	1518	1483	2050	1973
ZNF263	1723	1788	1611	1462
ZNF264	1668	1530	1688	1611
ZNF266	1537	1494	1387	1403
ZNF267	911	899	704	681
ZNF268	1143	1124	1087	1161
ZNF271	1425	1366	1334	1343
ZNF273	190	170	162	134
ZNF274	1916	1827	1774	1699
ZNF275	1066	1017	1023	955
ZNF276	1926	1948	2252	1929
ZNF277	1259	1216	1060	1077
ZNF28	2473	2353	2258	2266
ZNF280A	0	0	0	0
ZNF280B	0	2	0	0
ZNF280C	278	268	142	157
ZNF280D	1530	1434	1414	1367
ZNF281	2560	2442	2211	2177
ZNF282	1746	1696	1549	1467
ZNF283	437	464	397	422
ZNF284	181	177	129	111
ZNF285	370	349	297	313
ZNF286A	1019	1015	760	744
ZNF286B	101	122	99	80
ZNF287	347	362	343	336
ZNF292	3319	3103	3346	3269
ZNF295-AS1	0	0	0	0
ZNF296	156	165	150	120
ZNF3	1397	1361	1559	1589
ZNF30	300	342	251	238
ZNF300	642	688	467	380
ZNF300P1	0	0	0	0
ZNF302	1778	1768	1936	1845
ZNF304	1761	1664	1538	1368
ZNF311	348	287	303	244
ZNF316	1802	1967	2040	1840
ZNF317	2431	2246	1986	1946
ZNF318	5172	5068	2970	2898
ZNF319	1143	1083	1012	956
ZNF32	494	460	547	555
ZNF32-AS1	0	0	0	0
ZNF32-AS2	0	4	1	0
ZNF32-AS3	0	1	0	0
ZNF320	1161	1075	1884	1551
ZNF321P	21	18	22	24
ZNF322	4045	3831	3136	3060
ZNF324	714	668	541	553
ZNF324B	367	327	282	236
ZNF326	2476	2562	2588	2446
ZNF329	661	648	743	706
ZNF330	1466	1411	993	1048
ZNF331	1712	1804	1446	1394
ZNF333	242	186	207	185
ZNF334	486	438	510	474
ZNF335	2049	2054	1800	1532
ZNF337	808	788	526	445
ZNF33A	3476	3587	3203	3133
ZNF33B	2589	2480	2360	2282
ZNF33BP1	0	0	1	1
ZNF34	238	249	235	204
ZNF341	485	466	545	465
ZNF343	457	446	342	318
ZNF345	260	256	273	274
ZNF346	834	789	692	651
ZNF347	3	2	3	1
ZNF35	732	769	642	678
ZNF350	890	759	1040	989
ZNF354A	1093	1135	820	830
ZNF354B	488	448	347	357
ZNF354C	3	1	1	2
ZNF358	899	838	1007	962
ZNF362	3996	4070	4234	3684
ZNF365	31	34	42	41
ZNF366	2	0	0	2
ZNF367	1032	1067	576	646
ZNF37A	2493	2276	1874	1834
ZNF37BP	936	920	739	651
ZNF382	7	4	10	13
ZNF383	345	294	331	282
ZNF384	3118	3265	2744	2488
ZNF385A	4345	4182	1711	1626
ZNF385B	508	455	504	524
ZNF385C	39	30	25	24
ZNF385D	0	0	0	0
ZNF391	277	290	174	164
ZNF394	842	782	806	772
ZNF395	1272	1190	894	906
ZNF396	83	78	113	102
ZNF397	955	957	998	925
ZNF398	1445	1402	1125	1118
ZNF404	0	0	0	0
ZNF407	889	902	868	810
ZNF408	850	856	759	690
ZNF41	852	824	877	838
ZNF410	2795	2621	2282	2373
ZNF414	269	305	295	269
ZNF415	0	0	0	1
ZNF416	521	473	521	474
ZNF417	934	865	843	810
ZNF418	67	78	80	83
ZNF419	901	897	940	953
ZNF420	395	434	394	399
ZNF423	13	10	5	1
ZNF425	192	155	122	159
ZNF426	455	484	466	445
ZNF428	383	428	660	640
ZNF429	85	89	112	92
ZNF43	0	1	0	1
ZNF430	601	595	451	421
ZNF431	1207	1225	1404	1357
ZNF432	517	470	420	496
ZNF433	414	389	391	403
ZNF436	951	860	763	670
ZNF438	274	274	349	289
ZNF439	26	17	40	33
ZNF44	582	543	512	442
ZNF440	1372	1306	719	769
ZNF441	614	534	420	376
ZNF442	50	64	55	41
ZNF443	279	269	272	282
ZNF444	1016	1120	1248	1162
ZNF445	2023	1811	1382	1355
ZNF446	752	708	726	666
ZNF449	524	553	444	370
ZNF45	1239	1137	1058	1081
ZNF451	3930	3654	3104	3253
ZNF454	0	0	0	0
ZNF460	157	114	127	125
ZNF461	205	226	256	224
ZNF462	237	173	26	25
ZNF467	90	85	167	128
ZNF468	2690	2488	2310	2138
ZNF469	3090	2981	1104	1023
ZNF470	282	282	264	235
ZNF471	0	1	0	0
ZNF473	1090	996	668	651
ZNF474	2	1	0	1
ZNF479	0	0	0	0
ZNF48	775	724	704	609
ZNF480	3406	3235	3126	3144
ZNF483	21	37	23	17
ZNF484	342	319	209	234
ZNF485	154	172	101	101
ZNF486	32	38	17	34
ZNF487	127	134	126	116
ZNF488	3218	3318	817	679
ZNF490	237	225	325	321
ZNF491	40	47	37	44
ZNF492	0	0	1	0
ZNF493	302	368	581	524
ZNF496	829	754	522	555
ZNF497	225	217	261	199
ZNF500	606	546	620	554
ZNF501	322	302	272	255
ZNF502	452	414	379	356
ZNF503	875	890	1100	1053
ZNF503-AS1	24	13	23	31
ZNF503-AS2	75	47	99	101
ZNF506	451	432	529	578
ZNF507	754	692	588	530
ZNF510	874	767	716	729
ZNF511	841	840	586	610
ZNF512	1515	1537	1283	1196
ZNF512B	3453	3454	3462	3246
ZNF513	699	689	794	776
ZNF514	845	791	866	759
ZNF516	1309	1325	1272	1227
ZNF517	213	231	294	259
ZNF518A	2976	2779	2120	1956
ZNF518B	575	541	543	561
ZNF519	242	251	124	116
ZNF521	0	1	0	0
ZNF524	706	674	740	631
ZNF525	1865	1729	1378	1319
ZNF526	814	800	758	709
ZNF527	305	255	298	312
ZNF528	92	90	225	234
ZNF529	599	567	547	537
ZNF530	584	574	401	443
ZNF532	3078	3257	2443	2323
ZNF534	0	0	0	0
ZNF536	0	0	0	0
ZNF540	43	43	35	43
ZNF541	0	0	0	1
ZNF542P	6	3	1	4
ZNF543	511	482	418	418
ZNF544	2966	2895	2730	2533
ZNF546	237	226	192	175
ZNF547	254	264	281	245
ZNF548	1524	1470	1347	1327
ZNF549	986	1039	929	899
ZNF550	2202	2167	2218	2044
ZNF551	1366	1332	895	849
ZNF552	2384	2258	2930	2743
ZNF554	376	374	430	424
ZNF555	329	305	376	403
ZNF556	238	243	153	134
ZNF557	433	453	360	330
ZNF558	1213	1203	1051	1028
ZNF559	746	789	715	709
ZNF559-ZNF177	2	0	3	0
ZNF560	0	0	0	0
ZNF561	3857	3589	2246	2292
ZNF562	1855	1786	1627	1505
ZNF563	203	203	129	151
ZNF564	688	612	816	748
ZNF565	221	238	269	266
ZNF566	322	297	202	237
ZNF567	425	459	388	359
ZNF568	83	68	108	89
ZNF569	96	111	120	126
ZNF57	448	410	360	339
ZNF570	83	69	78	93
ZNF571	126	117	150	145
ZNF571-AS1	0	0	0	0
ZNF572	157	148	112	72
ZNF573	128	106	80	78
ZNF574	921	1034	873	777
ZNF575	69	55	59	64
ZNF576	539	460	468	476
ZNF577	495	513	725	627
ZNF578	35	35	35	46
ZNF579	400	465	468	391
ZNF580	707	760	862	804
ZNF581	1199	1108	886	810
ZNF582	0	0	0	1
ZNF582-AS1	0	0	0	0
ZNF583	0	0	0	0
ZNF584	1020	1036	835	791
ZNF585A	412	394	461	450
ZNF585B	541	478	558	561
ZNF586	760	708	452	459
ZNF587	1912	1868	2186	1994
ZNF587B	1102	1046	771	699
ZNF589	645	540	418	418
ZNF592	3495	3424	3518	3352
ZNF593	398	401	281	323
ZNF594	447	436	341	327
ZNF595	499	498	366	392
ZNF596	85	68	74	84
ZNF597	254	230	239	177
ZNF598	2128	2302	1917	1783
ZNF599	101	98	83	96
ZNF600	1312	1257	1164	1108
ZNF605	1035	1115	1302	1199
ZNF606	542	507	740	805
ZNF607	465	428	498	466
ZNF608	3	2	6	2
ZNF609	3923	3775	3675	3464
ZNF610	0	1	0	1
ZNF611	824	705	795	770
ZNF613	666	650	736	695
ZNF614	1591	1554	1028	951
ZNF615	641	614	657	589
ZNF616	696	631	647	616
ZNF618	2930	2657	1825	1744
ZNF619	607	607	493	473
ZNF620	239	252	210	202
ZNF621	3091	2953	3106	2758
ZNF622	3269	3199	3242	3156
ZNF623	2655	2399	2318	2180
ZNF624	332	309	234	238
ZNF625	35	29	45	45
ZNF625-ZNF20	9	13	14	12
ZNF626	292	236	332	289
ZNF627	705	692	880	920
ZNF628	356	407	365	372
ZNF629	3776	3596	4021	3872
ZNF630	186	215	233	222
ZNF630-AS1	0	0	0	0
ZNF638	6036	5843	6187	5977
ZNF639	2212	2161	1757	1772
ZNF641	1624	1689	1383	1305
ZNF644	3692	3596	3077	2994
ZNF645	0	0	0	0
ZNF646	1169	1171	1149	1072
ZNF648	0	1	1	4
ZNF649	633	630	574	567
ZNF652	1783	1579	2021	2085
ZNF653	191	219	201	168
ZNF654	1233	1165	842	834
ZNF655	4758	4355	3216	3174
ZNF658	279	287	190	162
ZNF658B	5	3	5	3
ZNF660	6	7	10	5
ZNF662	1	0	1	3
ZNF663P	0	0	0	0
ZNF664	21208	20272	23122	23280
ZNF664-FAM101A	1	0	1	2
ZNF665	1	2	1	6
ZNF667	0	0	0	0
ZNF667-AS1	0	0	0	0
ZNF668	317	385	382	363
ZNF669	363	331	332	305
ZNF670	419	417	314	303
ZNF670-ZNF695	1	1	1	0
ZNF671	410	401	299	295
ZNF672	2120	2044	2297	2247
ZNF674	198	189	149	150
ZNF674-AS1	144	109	93	98
ZNF675	1130	1095	1334	1325
ZNF676	0	0	0	0
ZNF677	1	0	0	0
ZNF678	586	631	468	466
ZNF679	0	1	0	0
ZNF680	942	987	875	803
ZNF681	421	404	357	362
ZNF682	4	4	6	10
ZNF683	0	0	0	0
ZNF684	255	260	306	297
ZNF687	2180	2140	2184	2070
ZNF688	345	324	374	360
ZNF689	1018	1067	780	740
ZNF69	132	112	199	160
ZNF691	410	441	382	319
ZNF692	1347	1373	1119	899
ZNF695	114	111	36	37
ZNF696	563	612	527	523
ZNF697	310	304	314	302
ZNF699	93	101	90	75
ZNF7	1636	1504	1429	1376
ZNF70	154	172	156	179
ZNF700	796	719	595	596
ZNF701	1159	1081	1133	1048
ZNF702P	1	2	2	4
ZNF703	262	238	284	265
ZNF704	226	196	117	118
ZNF705A	0	0	0	0
ZNF705B	0	0	0	0
ZNF705D	0	1	0	0
ZNF705E	7	14	4	5
ZNF705G	0	0	0	0
ZNF706	3187	2941	3004	2840
ZNF707	1120	1173	1303	1161
ZNF708	446	434	540	513
ZNF709	120	135	130	139
ZNF71	532	492	450	447
ZNF710	1068	1083	1155	1046
ZNF711	0	0	0	0
ZNF713	155	120	177	161
ZNF714	941	918	573	533
ZNF716	0	1	0	2
ZNF717	223	189	203	201
ZNF718	275	221	231	219
ZNF720	561	574	665	633
ZNF721	1281	1263	1030	1020
ZNF724P	38	27	14	12
ZNF726	0	0	1	0
ZNF727P	0	1	0	0
ZNF728	0	0	0	0
ZNF729	0	0	0	0
ZNF730	0	0	0	0
ZNF732	0	0	0	1
ZNF733P	0	0	0	0
ZNF735P	0	0	0	0
ZNF736	291	274	257	204
ZNF737	208	187	331	345
ZNF738	441	388	533	453
ZNF74	718	673	595	570
ZNF740	2501	2501	1775	1709
ZNF746	1077	1007	907	856
ZNF747	565	556	642	607
ZNF749	561	563	415	412
ZNF750	74	64	7	3
ZNF75A	1194	1122	1120	1052
ZNF75D	1013	974	998	942
ZNF76	2324	2279	1852	1672
ZNF761	1917	1838	1444	1485
ZNF763	197	157	220	197
ZNF764	344	342	281	308
ZNF765	1517	1430	1144	1133
ZNF766	1355	1311	1356	1390
ZNF767P	842	907	685	581
ZNF768	2650	2561	2468	2414
ZNF77	265	261	194	197
ZNF770	6859	6486	4798	4937
ZNF771	94	102	127	121
ZNF772	1344	1336	1254	1238
ZNF773	567	572	535	539
ZNF774	172	169	168	157
ZNF775	92	100	121	124
ZNF776	2103	2092	2305	2176
ZNF777	1231	1244	1001	1030
ZNF778	450	362	479	476
ZNF780A	1611	1568	1414	1308
ZNF780B	1164	1107	1199	1146
ZNF781	0	0	3	1
ZNF782	348	317	291	272
ZNF783	596	562	540	516
ZNF784	426	404	453	459
ZNF785	253	239	316	249
ZNF786	483	447	447	444
ZNF787	1542	1528	1334	1354
ZNF788	0	0	0	2
ZNF789	256	292	176	189
ZNF79	363	304	229	225
ZNF790	365	355	397	406
ZNF790-AS1	1	4	4	8
ZNF791	1034	1043	1010	923
ZNF792	303	304	415	386
ZNF793	26	23	47	49
ZNF799	228	226	212	201
ZNF8	463	441	499	474
ZNF80	0	0	0	0
ZNF800	1400	1368	989	897
ZNF804A	0	0	0	0
ZNF804B	0	0	0	0
ZNF805	583	566	594	603
ZNF808	501	508	659	622
ZNF81	483	471	337	334
ZNF812	7	2	2	0
ZNF813	279	275	220	244
ZNF814	652	574	487	425
ZNF815P	105	93	87	100
ZNF816	583	591	620	565
ZNF816-ZNF321P	0	0	1	1
ZNF818P	0	0	0	0
ZNF821	143	140	214	190
ZNF823	396	422	386	365
ZNF826P	0	0	0	0
ZNF827	1474	1381	1648	1411
ZNF829	81	76	87	81
ZNF83	2194	2169	3172	2866
ZNF830	739	704	604	570
ZNF831	0	1	0	0
ZNF833P	50	35	28	33
ZNF835	0	1	1	1
ZNF836	572	595	671	710
ZNF837	120	129	169	154
ZNF839	754	763	681	597
ZNF84	1552	1421	1884	1796
ZNF841	1139	1227	1489	1350
ZNF843	7	7	7	5
ZNF844	3	5	5	13
ZNF845	1512	1547	1205	1171
ZNF846	176	168	203	182
ZNF847P	0	0	0	0
ZNF85	208	215	134	133
ZNF850	179	189	109	102
ZNF852	250	219	271	210
ZNF853	148	152	182	144
ZNF860	232	235	176	154
ZNF862	1313	1307	2220	1892
ZNF865	821	900	885	874
ZNF876P	6	7	9	13
ZNF878	38	34	32	30
ZNF879	58	88	82	76
ZNF880	0	0	0	0
ZNF883	0	1	0	0
ZNF890P	6	7	3	8
ZNF891	176	150	106	110
ZNF90	0	0	0	1
ZNF91	1500	1431	1846	1775
ZNF92	649	602	490	522
ZNF93	31	25	39	36
ZNF98	0	0	0	0
ZNF99	0	0	0	0
ZNFX1	5062	4613	9878	9306
ZNHIT1	1390	1389	1911	1906
ZNHIT2	513	573	601	556
ZNHIT3	1444	1446	1245	1199
ZNHIT6	1869	1788	1191	1149
ZNRD1	1328	1306	863	904
ZNRD1-AS1	85	98	81	75
ZNRF1	1335	1343	1561	1540
ZNRF2	1922	1763	1786	1778
ZNRF2P1	73	90	87	79
ZNRF2P2	9	19	11	12
ZNRF3	1221	1166	1378	1298
ZNRF3-AS1	0	0	2	3
ZNRF4	0	0	0	0
ZP1	1	2	1	0
ZP2	0	1	0	0
ZP3	901	787	205	212
ZP4	1	0	0	2
ZPBP	0	0	0	0
ZPBP2	0	0	0	0
ZPLD1	9	4	19	22
ZPR1	2827	2723	2051	2018
ZRANB1	2961	2902	2536	2656
ZRANB2	5609	5588	4604	4274
ZRANB2-AS1	0	0	0	0
ZRANB2-AS2	8	8	9	7
ZRANB3	499	464	244	232
ZRSR2	690	789	663	681
ZSCAN1	0	0	0	0
ZSCAN10	0	1	2	0
ZSCAN12	2815	2658	1965	1893
ZSCAN12P1	475	452	310	306
ZSCAN16	653	651	849	788
ZSCAN16-AS1	107	128	79	99
ZSCAN18	0	0	0	0
ZSCAN2	364	358	579	601
ZSCAN20	531	487	404	400
ZSCAN21	444	484	443	434
ZSCAN22	303	311	207	207
ZSCAN23	182	166	144	126
ZSCAN25	1000	936	828	816
ZSCAN26	1274	1213	1113	1075
ZSCAN29	2554	2577	2451	2371
ZSCAN30	555	508	519	504
ZSCAN31	977	801	751	787
ZSCAN32	1101	1064	1003	961
ZSCAN4	33	22	30	19
ZSCAN5A	372	341	329	337
ZSCAN5B	1	3	1	5
ZSCAN9	912	842	896	853
ZSWIM1	945	890	810	765
ZSWIM2	0	0	0	0
ZSWIM3	234	194	187	192
ZSWIM4	356	375	948	847
ZSWIM5	64	39	37	38
ZSWIM6	1774	1705	1597	1523
ZSWIM7	547	563	669	691
ZSWIM8	2447	2375	3612	3238
ZSWIM8-AS1	55	48	66	57
ZUFSP	1364	1411	1032	1000
ZW10	3852	3778	2480	2384
ZWILCH	2763	2652	1247	1345
ZWINT	6230	6328	2409	2414
ZXDA	338	350	503	509
ZXDB	1234	1127	1547	1516
ZXDC	2409	2232	1961	1975
ZYG11A	1	5	1	0
ZYG11B	2950	2782	2526	2534
ZYX	10916	10451	10951	10296
ZZEF1	4378	3939	4180	4080
ZZZ3	2814	2739	2014	1957
