blind_id,question,answer,evidence_sources,evidence_graph_relations,is_accurate,is_traceable,score_1_to_5,reviewer_comment,reviewer_signature
B01,三条实验笔记分别由谁创建？,根据提供的资料，无法确认三条实验笔记分别由谁创建。知识图谱中显示所有实验笔记（如质粒测序结果分析、ELISA检测实验、克隆形成实验等）均由系统管理员创建 [G1-G10]，但用户问题中未明确指定是哪三条实验笔记，且项目资料中未提供其他创建者信息。因此，无法回答具体是哪三条笔记及其创建者。,"[{""chunk_id"": 3, ""file_id"": 33, ""filename"": ""qPCR_protocol.txt"", ""dify_document_id"": null, ""snippet"": ""SYBR Green 法 qPCR 实验流程：1. cDNA 稀释 10 倍；2. 配置 20μL 体系；3. 三步法扩增；4. 融解曲线分析。"", ""vector_score"": 0.43677, ""lexical_score"": 0.0, ""retrieval_score"": 0.349416}, {""chunk_id"": 6, ""file_id"": 36, ""filename"": ""plasmid_extraction_protocol.txt"", ""dify_document_id"": null, ""snippet"": ""质粒提取流程：1. 过夜培养菌液；2. 碱裂解法提取；3. 柱纯化；4. 浓度和纯度检测。"", ""vector_score"": 0.399298, ""lexical_score"": 0.0, ""retrieval_score"": 0.319439}, {""chunk_id"": 4, ""file_id"": 34, ""filename"": ""cell_culture_standard.txt"", ""dify_document_id"": null, ""snippet"": ""细胞培养标准操作流程：1. 培养基预热；2. 细胞复苏；3. 传代比例 1:3-1:4；4. 定期支原体检测。"", ""vector_score"": 0.385565, ""lexical_score"": 0.0, ""retrieval_score"": 0.308452}, {""chunk_id"": 7, ""file_id"": 37, ""filename"": ""flow_cytometry_protocol.txt"", ""dify_document_id"": null, ""snippet"": ""流式细胞术检测流程：1. 细胞收集；2. 染色 30min；3. 上机检测；4. 数据分析。"", ""vector_score"": 0.355412, ""lexical_score"": 0.0, ""retrieval_score"": 0.28433}, {""chunk_id"": 2, ""file_id"": 7, ""filename"": ""cell_assay_reference_demo.txt"", ""dify_document_id"": null, ""snippet"": ""CCK-8 检测步骤、读数要求和细胞活力统计说明。"", ""vector_score"": 0.337612, ""lexical_score"": 0.0, ""retrieval_score"": 0.27009}, {""chunk_id"": 5, ""file_id"": 35, ""filename"": ""western_blot_protocol.txt"", ""dify_document_id"": null, ""snippet"": ""Western Blot 标准流程：1. 蛋白提取与定量；2. SDS-PAGE 电泳；3. 转膜条件 100V 60min；4. 封闭 5% BSA；5. 一抗 4℃ 过夜。"", ""vector_score"": 0.333167, ""lexical_score"": 0.0, ""retrieval_score"": 0.266533}]","[{""relation_id"": 2152, ""relation_type"": ""created_by"", ""relation_label"": ""创建者"", ""source_entity_id"": 1576, ""source_label"": ""质粒测序结果分析"", ""source_entity_type"": ""note"", ""source_entity_type_label"": ""实验笔记"", ""target_entity_id"": 1411, ""target_label"": ""系统管理员"", ""target_entity_type"": ""user"", ""target_entity_type_label"": ""人员"", ""confidence"": 1.0, ""retrieval_score"": 3.2}, {""relation_id"": 2134, ""relation_type"": ""created_by"", ""relation_label"": ""创建者"", ""source_entity_id"": 1563, ""source_label"": ""ELISA 检测实验"", ""source_entity_type"": ""note"", ""source_entity_type_label"": ""实验笔记"", ""target_entity_id"": 1411, ""target_label"": ""系统管理员"", ""target_entity_type"": ""user"", ""target_entity_type_label"": ""人员"", ""confidence"": 1.0, ""retrieval_score"": 3.2}, {""relation_id"": 2117, ""relation_type"": ""created_by"", ""relation_label"": ""创建者"", ""source_entity_id"": 1556, ""source_label"": ""克隆形成实验"", ""source_entity_type"": ""note"", ""source_entity_type_label"": ""实验笔记"", ""target_entity_id"": 1411, ""target_label"": ""系统管理员"", ""target_entity_type"": ""user"", ""target_entity_type_label"": ""人员"", ""confidence"": 1.0, ""retrieval_score"": 3.2}, {""relation_id"": 2100, ""relation_type"": ""created_by"", ""relation_label"": ""创建者"", ""source_entity_id"": 1545, ""source_label"": ""免疫荧光染色实验"", ""source_entity_type"": ""note"", ""source_entity_type_label"": ""实验笔记"", ""target_entity_id"": 1411, ""target_label"": ""系统管理员"", ""target_entity_type"": ""user"", ""target_entity_type_label"": ""人员"", ""confidence"": 1.0, ""retrieval_score"": 3.2}, {""relation_id"": 2081, ""relation_type"": ""created_by"", ""relation_label"": ""创建者"", ""source_entity_id"": 1533, ""source_label"": ""RNA 提取与逆转录"", ""source_entity_type"": ""note"", ""source_entity_type_label"": ""实验笔记"", ""target_entity_id"": 1411, ""target_label"": ""系统管理员"", ""target_entity_type"": ""user"", ""target_entity_type_label"": ""人员"", ""confidence"": 1.0, ""retrieval_score"": 3.2}, {""relation_id"": 2067, ""relation_type"": ""created_by"", ""relation_label"": ""创建者"", ""source_entity_id"": 1524, ""source_label"": ""细胞凋亡检测实验"", ""source_entity_type"": ""note"", ""source_entity_type_label"": ""实验笔记"", ""target_entity_id"": 1411, ""target_label"": ""系统管理员"", ""target_entity_type"": ""user"", ""target_entity_type_label"": ""人员"", ""confidence"": 1.0, ""retrieval_score"": 3.2}, {""relation_id"": 2049, ""relation_type"": ""created_by"", ""relation_label"": ""创建者"", ""source_entity_id"": 1510, ""source_label"": ""SDS-PAGE 凝胶配制与电泳"", ""source_entity_type"": ""note"", ""source_entity_type_label"": ""实验笔记"", ""target_entity_id"": 1411, ""target_label"": ""系统管理员"", ""target_entity_type"": ""user"", ""target_entity_type_label"": ""人员"", ""confidence"": 1.0, ""retrieval_score"": 3.2}, {""relation_id"": 2034, ""relation_type"": ""created_by"", ""relation_label"": ""创建者"", ""source_entity_id"": 1499, ""source_label"": ""蛋白浓度标准曲线测定"", ""source_entity_type"": ""note"", ""source_entity_type_label"": ""实验笔记"", ""target_entity_id"": 1411, ""target_label"": ""系统管理员"", ""target_entity_type"": ""user"", ""target_entity_type_label"": ""人员"", ""confidence"": 1.0, ""retrieval_score"": 3.2}, {""relation_id"": 2019, ""relation_type"": ""created_by"", ""relation_label"": ""创建者"", ""source_entity_id"": 1491, ""source_label"": ""细胞转染效率优化"", ""source_entity_type"": ""note"", ""source_entity_type_label"": ""实验笔记"", ""target_entity_id"": 1411, ""target_label"": ""系统管理员"", ""target_entity_type"": ""user"", ""target_entity_type_label"": ""人员"", ""confidence"": 1.0, ""retrieval_score"": 3.2}, {""relation_id"": 1998, ""relation_type"": ""created_by"", ""relation_label"": ""创建者"", ""source_entity_id"": 1473, ""source_label"": ""质粒提取与酶切鉴定"", ""source_entity_type"": ""note"", ""source_entity_type_label"": ""实验笔记"", ""target_entity_id"": 1411, ""target_label"": ""系统管理员"", ""target_entity_type"": ""user"", ""target_entity_type_label"": ""人员"", ""confidence"": 1.0, ""retrieval_score"": 3.2}]",,,,,
B02,项目资料库中哪些资料已经同步到知识库？,根据提供的项目资料检索结果，无法确认哪些资料已经同步到知识库。检索结果中仅列出了资料文件及其内容摘要（如[S1]至[S6]），但未提供任何关于资料是否已同步到知识库的信息。因此，无法回答该问题。,"[{""chunk_id"": 2, ""file_id"": 7, ""filename"": ""cell_assay_reference_demo.txt"", ""dify_document_id"": null, ""snippet"": ""CCK-8 检测步骤、读数要求和细胞活力统计说明。"", ""vector_score"": 0.445417, ""lexical_score"": 0.0, ""retrieval_score"": 0.356333}, {""chunk_id"": 6, ""file_id"": 36, ""filename"": ""plasmid_extraction_protocol.txt"", ""dify_document_id"": null, ""snippet"": ""质粒提取流程：1. 过夜培养菌液；2. 碱裂解法提取；3. 柱纯化；4. 浓度和纯度检测。"", ""vector_score"": 0.423867, ""lexical_score"": 0.0, ""retrieval_score"": 0.339094}, {""chunk_id"": 3, ""file_id"": 33, ""filename"": ""qPCR_protocol.txt"", ""dify_document_id"": null, ""snippet"": ""SYBR Green 法 qPCR 实验流程：1. cDNA 稀释 10 倍；2. 配置 20μL 体系；3. 三步法扩增；4. 融解曲线分析。"", ""vector_score"": 0.409571, ""lexical_score"": 0.0, ""retrieval_score"": 0.327657}, {""chunk_id"": 7, ""file_id"": 37, ""filename"": ""flow_cytometry_protocol.txt"", ""dify_document_id"": null, ""snippet"": ""流式细胞术检测流程：1. 细胞收集；2. 染色 30min；3. 上机检测；4. 数据分析。"", ""vector_score"": 0.400445, ""lexical_score"": 0.0, ""retrieval_score"": 0.320356}, {""chunk_id"": 4, ""file_id"": 34, ""filename"": ""cell_culture_standard.txt"", ""dify_document_id"": null, ""snippet"": ""细胞培养标准操作流程：1. 培养基预热；2. 细胞复苏；3. 传代比例 1:3-1:4；4. 定期支原体检测。"", ""vector_score"": 0.394803, ""lexical_score"": 0.0, ""retrieval_score"": 0.315842}, {""chunk_id"": 1, ""file_id"": 6, ""filename"": ""PCR_protocol_demo.txt"", ""dify_document_id"": null, ""snippet"": ""PCR 体系配置、循环条件和退火温度优化说明。"", ""vector_score"": 0.393068, ""lexical_score"": 0.0, ""retrieval_score"": 0.314455}]",[],,,,,
B03,Western Blot 蛋白表达验证使用了哪些试剂？,根据提供的资料，Western Blot 蛋白表达验证使用的试剂包括：一抗 [G2]、二抗 [G1]、BCA 试剂盒 [G3] 和 RIPA 裂解液 [G4]。此外，标准流程中还提到使用 5% BSA 进行封闭 [S1]，但该信息未在图谱中直接关联。,"[{""chunk_id"": 5, ""file_id"": 35, ""filename"": ""western_blot_protocol.txt"", ""dify_document_id"": null, ""snippet"": ""Western Blot 标准流程：1. 蛋白提取与定量；2. SDS-PAGE 电泳；3. 转膜条件 100V 60min；4. 封闭 5% BSA；5. 一抗 4℃ 过夜。"", ""vector_score"": 0.599229, ""lexical_score"": 0.666667, ""retrieval_score"": 0.612716}, {""chunk_id"": 2, ""file_id"": 7, ""filename"": ""cell_assay_reference_demo.txt"", ""dify_document_id"": null, ""snippet"": ""CCK-8 检测步骤、读数要求和细胞活力统计说明。"", ""vector_score"": 0.527278, ""lexical_score"": 0.0, ""retrieval_score"": 0.421822}, {""chunk_id"": 3, ""file_id"": 33, ""filename"": ""qPCR_protocol.txt"", ""dify_document_id"": null, ""snippet"": ""SYBR Green 法 qPCR 实验流程：1. cDNA 稀释 10 倍；2. 配置 20μL 体系；3. 三步法扩增；4. 融解曲线分析。"", ""vector_score"": 0.517179, ""lexical_score"": 0.0, ""retrieval_score"": 0.413743}, {""chunk_id"": 6, ""file_id"": 36, ""filename"": ""plasmid_extraction_protocol.txt"", ""dify_document_id"": null, ""snippet"": ""质粒提取流程：1. 过夜培养菌液；2. 碱裂解法提取；3. 柱纯化；4. 浓度和纯度检测。"", ""vector_score"": 0.455583, ""lexical_score"": 0.0, ""retrieval_score"": 0.364467}, {""chunk_id"": 4, ""file_id"": 34, ""filename"": ""cell_culture_standard.txt"", ""dify_document_id"": null, ""snippet"": ""细胞培养标准操作流程：1. 培养基预热；2. 细胞复苏；3. 传代比例 1:3-1:4；4. 定期支原体检测。"", ""vector_score"": 0.420693, ""lexical_score"": 0.0, ""retrieval_score"": 0.336555}, {""chunk_id"": 1, ""file_id"": 6, ""filename"": ""PCR_protocol_demo.txt"", ""dify_document_id"": null, ""snippet"": ""PCR 体系配置、循环条件和退火温度优化说明。"", ""vector_score"": 0.409198, ""lexical_score"": 0.0, ""retrieval_score"": 0.327358}]","[{""relation_id"": 1956, ""relation_type"": ""uses_reagent"", ""relation_label"": ""使用试剂"", ""source_entity_id"": 1433, ""source_label"": ""Western Blot 蛋白表达验证"", ""source_entity_type"": ""note"", ""source_entity_type_label"": ""实验笔记"", ""target_entity_id"": 1438, ""target_label"": ""二抗"", ""target_entity_type"": ""reagent"", ""target_entity_type_label"": ""试剂"", ""confidence"": 0.7, ""retrieval_score"": 6.5}, {""relation_id"": 1955, ""relation_type"": ""uses_reagent"", ""relation_label"": ""使用试剂"", ""source_entity_id"": 1433, ""source_label"": ""Western Blot 蛋白表达验证"", ""source_entity_type"": ""note"", ""source_entity_type_label"": ""实验笔记"", ""target_entity_id"": 1437, ""target_label"": ""一抗"", ""target_entity_type"": ""reagent"", ""target_entity_type_label"": ""试剂"", ""confidence"": 0.7, ""retrieval_score"": 6.5}, {""relation_id"": 1954, ""relation_type"": ""uses_reagent"", ""relation_label"": ""使用试剂"", ""source_entity_id"": 1433, ""source_label"": ""Western Blot 蛋白表达验证"", ""source_entity_type"": ""note"", ""source_entity_type_label"": ""实验笔记"", ""target_entity_id"": 1436, ""target_label"": ""BCA 试剂盒"", ""target_entity_type"": ""reagent"", ""target_entity_type_label"": ""试剂"", ""confidence"": 0.7, ""retrieval_score"": 6.5}, {""relation_id"": 1953, ""relation_type"": ""uses_reagent"", ""relation_label"": ""使用试剂"", ""source_entity_id"": 1433, ""source_label"": ""Western Blot 蛋白表达验证"", ""source_entity_type"": ""note"", ""source_entity_type_label"": ""实验笔记"", ""target_entity_id"": 1435, ""target_label"": ""RIPA 裂解液"", ""target_entity_type"": ""reagent"", ""target_entity_type_label"": ""试剂"", ""confidence"": 0.7, ""retrieval_score"": 6.5}, {""relation_id"": 1952, ""relation_type"": ""has_experiment_type"", ""relation_label"": ""实验类型"", ""source_entity_id"": 1433, ""source_label"": ""Western Blot 蛋白表达验证"", ""source_entity_type"": ""note"", ""source_entity_type_label"": ""实验笔记"", ""target_entity_id"": 1434, ""target_label"": ""Western Blot"", ""target_entity_type"": ""experiment_type"", ""target_entity_type_label"": ""实验类型"", ""confidence"": 1.0, ""retrieval_score"": 6.2}, {""relation_id"": 2156, ""relation_type"": ""uses_reagent"", ""relation_label"": ""使用试剂"", ""source_entity_id"": 1576, ""source_label"": ""质粒测序结果分析"", ""source_entity_type"": ""note"", ""source_entity_type_label"": ""实验笔记"", ""target_entity_id"": 1579, ""target_label"": ""BigDye"", ""target_entity_type"": ""reagent"", ""target_entity_type_label"": ""试剂"", ""confidence"": 0.7, ""retrieval_score"": 3.5}, {""relation_id"": 2155, ""relation_type"": ""uses_reagent"", ""relation_label"": ""使用试剂"", ""source_entity_id"": 1576, ""source_label"": ""质粒测序结果分析"", ""source_entity_type"": ""note"", ""source_entity_type_label"": ""实验笔记"", ""target_entity_id"": 1578, ""target_label"": ""BigDye Terminator"", ""target_entity_type"": ""reagent"", ""target_entity_type_label"": ""试剂"", ""confidence"": 0.7, ""retrieval_score"": 3.5}, {""relation_id"": 2154, ""relation_type"": ""uses_reagent"", ""relation_label"": ""使用试剂"", ""source_entity_id"": 1576, ""source_label"": ""质粒测序结果分析"", ""source_entity_type"": ""note"", ""source_entity_type_label"": ""实验笔记"", ""target_entity_id"": 1577, ""target_label"": ""测序引物"", ""target_entity_type"": ""reagent"", ""target_entity_type_label"": ""试剂"", ""confidence"": 0.7, ""retrieval_score"": 3.5}, {""relation_id"": 2140, ""relation_type"": ""uses_reagent"", ""relation_label"": ""使用试剂"", ""source_entity_id"": 1563, ""source_label"": ""ELISA 检测实验"", ""source_entity_type"": ""note"", ""source_entity_type_label"": ""实验笔记"", ""target_entity_id"": 1568, ""target_label"": ""TMB"", ""target_entity_type"": ""reagent"", ""target_entity_type_label"": ""试剂"", ""confidence"": 0.7, ""retrieval_score"": 3.5}, {""relation_id"": 2139, ""relation_type"": ""uses_reagent"", ""relation_label"": ""使用试剂"", ""source_entity_id"": 1563, ""source_label"": ""ELISA 检测实验"", ""source_entity_type"": ""note"", ""source_entity_type_label"": ""实验笔记"", ""target_entity_id"": 1567, ""target_label"": ""TMB 底物"", ""target_entity_type"": ""reagent"", ""target_entity_type_label"": ""试剂"", ""confidence"": 0.7, ""retrieval_score"": 3.5}]",,,,,
B04,项目资料库中哪些资料已经同步到知识库？,根据提供的项目资料检索结果，无法确认哪些资料已经同步到知识库。检索结果仅显示了资料文件名称、相关度和部分内容摘要，但未包含任何关于资料是否已同步到知识库的信息。因此，无法回答此问题。,"[{""chunk_id"": 2, ""file_id"": 7, ""filename"": ""cell_assay_reference_demo.txt"", ""dify_document_id"": null, ""snippet"": ""CCK-8 检测步骤、读数要求和细胞活力统计说明。"", ""vector_score"": 0.445417, ""lexical_score"": 0.0, ""retrieval_score"": 0.356333}, {""chunk_id"": 6, ""file_id"": 36, ""filename"": ""plasmid_extraction_protocol.txt"", ""dify_document_id"": null, ""snippet"": ""质粒提取流程：1. 过夜培养菌液；2. 碱裂解法提取；3. 柱纯化；4. 浓度和纯度检测。"", ""vector_score"": 0.423867, ""lexical_score"": 0.0, ""retrieval_score"": 0.339094}, {""chunk_id"": 3, ""file_id"": 33, ""filename"": ""qPCR_protocol.txt"", ""dify_document_id"": null, ""snippet"": ""SYBR Green 法 qPCR 实验流程：1. cDNA 稀释 10 倍；2. 配置 20μL 体系；3. 三步法扩增；4. 融解曲线分析。"", ""vector_score"": 0.409571, ""lexical_score"": 0.0, ""retrieval_score"": 0.327657}, {""chunk_id"": 7, ""file_id"": 37, ""filename"": ""flow_cytometry_protocol.txt"", ""dify_document_id"": null, ""snippet"": ""流式细胞术检测流程：1. 细胞收集；2. 染色 30min；3. 上机检测；4. 数据分析。"", ""vector_score"": 0.400445, ""lexical_score"": 0.0, ""retrieval_score"": 0.320356}, {""chunk_id"": 4, ""file_id"": 34, ""filename"": ""cell_culture_standard.txt"", ""dify_document_id"": null, ""snippet"": ""细胞培养标准操作流程：1. 培养基预热；2. 细胞复苏；3. 传代比例 1:3-1:4；4. 定期支原体检测。"", ""vector_score"": 0.394803, ""lexical_score"": 0.0, ""retrieval_score"": 0.315842}, {""chunk_id"": 1, ""file_id"": 6, ""filename"": ""PCR_protocol_demo.txt"", ""dify_document_id"": null, ""snippet"": ""PCR 体系配置、循环条件和退火温度优化说明。"", ""vector_score"": 0.393068, ""lexical_score"": 0.0, ""retrieval_score"": 0.314455}]",[],,,,,
B05,CCK-8 检测步骤和读数要求主要来自哪份资料？,根据项目资料，CCK-8 检测步骤、读数要求和细胞活力统计说明主要来自 [S1] 文件=cell_assay_reference_demo.txt; 块=2。,"[{""chunk_id"": 2, ""file_id"": 7, ""filename"": ""cell_assay_reference_demo.txt"", ""dify_document_id"": null, ""snippet"": ""CCK-8 检测步骤、读数要求和细胞活力统计说明。"", ""vector_score"": 0.838155, ""lexical_score"": 0.5, ""retrieval_score"": 0.770524}, {""chunk_id"": 7, ""file_id"": 37, ""filename"": ""flow_cytometry_protocol.txt"", ""dify_document_id"": null, ""snippet"": ""流式细胞术检测流程：1. 细胞收集；2. 染色 30min；3. 上机检测；4. 数据分析。"", ""vector_score"": 0.527349, ""lexical_score"": 0.0, ""retrieval_score"": 0.421879}, {""chunk_id"": 5, ""file_id"": 35, ""filename"": ""western_blot_protocol.txt"", ""dify_document_id"": null, ""snippet"": ""Western Blot 标准流程：1. 蛋白提取与定量；2. SDS-PAGE 电泳；3. 转膜条件 100V 60min；4. 封闭 5% BSA；5. 一抗 4℃ 过夜。"", ""vector_score"": 0.524781, ""lexical_score"": 0.0, ""retrieval_score"": 0.419825}, {""chunk_id"": 4, ""file_id"": 34, ""filename"": ""cell_culture_standard.txt"", ""dify_document_id"": null, ""snippet"": ""细胞培养标准操作流程：1. 培养基预热；2. 细胞复苏；3. 传代比例 1:3-1:4；4. 定期支原体检测。"", ""vector_score"": 0.51123, ""lexical_score"": 0.0, ""retrieval_score"": 0.408984}, {""chunk_id"": 6, ""file_id"": 36, ""filename"": ""plasmid_extraction_protocol.txt"", ""dify_document_id"": null, ""snippet"": ""质粒提取流程：1. 过夜培养菌液；2. 碱裂解法提取；3. 柱纯化；4. 浓度和纯度检测。"", ""vector_score"": 0.487409, ""lexical_score"": 0.0, ""retrieval_score"": 0.389927}, {""chunk_id"": 1, ""file_id"": 6, ""filename"": ""PCR_protocol_demo.txt"", ""dify_document_id"": null, ""snippet"": ""PCR 体系配置、循环条件和退火温度优化说明。"", ""vector_score"": 0.483538, ""lexical_score"": 0.0, ""retrieval_score"": 0.386831}]",[],,,,,
B06,处理组细胞活力下降约 18% 这一结论来自哪条实验笔记？,根据提供的项目资料，无法确认“处理组细胞活力下降约 18%”这一结论来自哪条实验笔记。资料中仅包含CCK-8检测步骤和细胞活力统计说明 [S1]，但未提供具体的实验数据或结论。,"[{""chunk_id"": 2, ""file_id"": 7, ""filename"": ""cell_assay_reference_demo.txt"", ""dify_document_id"": null, ""snippet"": ""CCK-8 检测步骤、读数要求和细胞活力统计说明。"", ""vector_score"": 0.549567, ""lexical_score"": 0.0, ""retrieval_score"": 0.439654}, {""chunk_id"": 3, ""file_id"": 33, ""filename"": ""qPCR_protocol.txt"", ""dify_document_id"": null, ""snippet"": ""SYBR Green 法 qPCR 实验流程：1. cDNA 稀释 10 倍；2. 配置 20μL 体系；3. 三步法扩增；4. 融解曲线分析。"", ""vector_score"": 0.483132, ""lexical_score"": 0.0, ""retrieval_score"": 0.386505}, {""chunk_id"": 4, ""file_id"": 34, ""filename"": ""cell_culture_standard.txt"", ""dify_document_id"": null, ""snippet"": ""细胞培养标准操作流程：1. 培养基预热；2. 细胞复苏；3. 传代比例 1:3-1:4；4. 定期支原体检测。"", ""vector_score"": 0.48262, ""lexical_score"": 0.0, ""retrieval_score"": 0.386096}, {""chunk_id"": 6, ""file_id"": 36, ""filename"": ""plasmid_extraction_protocol.txt"", ""dify_document_id"": null, ""snippet"": ""质粒提取流程：1. 过夜培养菌液；2. 碱裂解法提取；3. 柱纯化；4. 浓度和纯度检测。"", ""vector_score"": 0.433057, ""lexical_score"": 0.0, ""retrieval_score"": 0.346446}, {""chunk_id"": 5, ""file_id"": 35, ""filename"": ""western_blot_protocol.txt"", ""dify_document_id"": null, ""snippet"": ""Western Blot 标准流程：1. 蛋白提取与定量；2. SDS-PAGE 电泳；3. 转膜条件 100V 60min；4. 封闭 5% BSA；5. 一抗 4℃ 过夜。"", ""vector_score"": 0.429712, ""lexical_score"": 0.0, ""retrieval_score"": 0.343769}, {""chunk_id"": 7, ""file_id"": 37, ""filename"": ""flow_cytometry_protocol.txt"", ""dify_document_id"": null, ""snippet"": ""流式细胞术检测流程：1. 细胞收集；2. 染色 30min；3. 上机检测；4. 数据分析。"", ""vector_score"": 0.413066, ""lexical_score"": 0.0, ""retrieval_score"": 0.330453}]",[],,,,,
B07,项目中涉及的主要试剂可以按实验类型如何归纳？,根据提供的资料，无法确认项目中涉及的主要试剂及其按实验类型的归纳。现有资料仅包含实验流程描述（如qPCR、CCK-8、质粒提取、细胞培养、流式细胞术、Western Blot等）[S1-S6]，以及实验笔记与实验类型的分类关系[G1-G10]，但未列出任何具体试剂名称或试剂清单。因此，无法回答此问题。,"[{""chunk_id"": 3, ""file_id"": 33, ""filename"": ""qPCR_protocol.txt"", ""dify_document_id"": null, ""snippet"": ""SYBR Green 法 qPCR 实验流程：1. cDNA 稀释 10 倍；2. 配置 20μL 体系；3. 三步法扩增；4. 融解曲线分析。"", ""vector_score"": 0.495375, ""lexical_score"": 0.0, ""retrieval_score"": 0.3963}, {""chunk_id"": 2, ""file_id"": 7, ""filename"": ""cell_assay_reference_demo.txt"", ""dify_document_id"": null, ""snippet"": ""CCK-8 检测步骤、读数要求和细胞活力统计说明。"", ""vector_score"": 0.490196, ""lexical_score"": 0.0, ""retrieval_score"": 0.392157}, {""chunk_id"": 6, ""file_id"": 36, ""filename"": ""plasmid_extraction_protocol.txt"", ""dify_document_id"": null, ""snippet"": ""质粒提取流程：1. 过夜培养菌液；2. 碱裂解法提取；3. 柱纯化；4. 浓度和纯度检测。"", ""vector_score"": 0.481867, ""lexical_score"": 0.0, ""retrieval_score"": 0.385494}, {""chunk_id"": 4, ""file_id"": 34, ""filename"": ""cell_culture_standard.txt"", ""dify_document_id"": null, ""snippet"": ""细胞培养标准操作流程：1. 培养基预热；2. 细胞复苏；3. 传代比例 1:3-1:4；4. 定期支原体检测。"", ""vector_score"": 0.463587, ""lexical_score"": 0.0, ""retrieval_score"": 0.370869}, {""chunk_id"": 7, ""file_id"": 37, ""filename"": ""flow_cytometry_protocol.txt"", ""dify_document_id"": null, ""snippet"": ""流式细胞术检测流程：1. 细胞收集；2. 染色 30min；3. 上机检测；4. 数据分析。"", ""vector_score"": 0.455994, ""lexical_score"": 0.0, ""retrieval_score"": 0.364796}, {""chunk_id"": 5, ""file_id"": 35, ""filename"": ""western_blot_protocol.txt"", ""dify_document_id"": null, ""snippet"": ""Western Blot 标准流程：1. 蛋白提取与定量；2. SDS-PAGE 电泳；3. 转膜条件 100V 60min；4. 封闭 5% BSA；5. 一抗 4℃ 过夜。"", ""vector_score"": 0.429991, ""lexical_score"": 0.0, ""retrieval_score"": 0.343993}]","[{""relation_id"": 2153, ""relation_type"": ""has_experiment_type"", ""relation_label"": ""实验类型"", ""source_entity_id"": 1576, ""source_label"": ""质粒测序结果分析"", ""source_entity_type"": ""note"", ""source_entity_type_label"": ""实验笔记"", ""target_entity_id"": 1474, ""target_label"": ""质粒构建/转染"", ""target_entity_type"": ""experiment_type"", ""target_entity_type_label"": ""实验类型"", ""confidence"": 1.0, ""retrieval_score"": 5.2}, {""relation_id"": 2135, ""relation_type"": ""has_experiment_type"", ""relation_label"": ""实验类型"", ""source_entity_id"": 1563, ""source_label"": ""ELISA 检测实验"", ""source_entity_type"": ""note"", ""source_entity_type_label"": ""实验笔记"", ""target_entity_id"": 1434, ""target_label"": ""Western Blot"", ""target_entity_type"": ""experiment_type"", ""target_entity_type_label"": ""实验类型"", ""confidence"": 1.0, ""retrieval_score"": 5.2}, {""relation_id"": 2118, ""relation_type"": ""has_experiment_type"", ""relation_label"": ""实验类型"", ""source_entity_id"": 1556, ""source_label"": ""克隆形成实验"", ""source_entity_type"": ""note"", ""source_entity_type_label"": ""实验笔记"", ""target_entity_id"": 1423, ""target_label"": ""细胞培养"", ""target_entity_type"": ""experiment_type"", ""target_entity_type_label"": ""实验类型"", ""confidence"": 1.0, ""retrieval_score"": 5.2}, {""relation_id"": 2101, ""relation_type"": ""has_experiment_type"", ""relation_label"": ""实验类型"", ""source_entity_id"": 1545, ""source_label"": ""免疫荧光染色实验"", ""source_entity_type"": ""note"", ""source_entity_type_label"": ""实验笔记"", ""target_entity_id"": 1423, ""target_label"": ""细胞培养"", ""target_entity_type"": ""experiment_type"", ""target_entity_type_label"": ""实验类型"", ""confidence"": 1.0, ""retrieval_score"": 5.2}, {""relation_id"": 2082, ""relation_type"": ""has_experiment_type"", ""relation_label"": ""实验类型"", ""source_entity_id"": 1533, ""source_label"": ""RNA 提取与逆转录"", ""source_entity_type"": ""note"", ""source_entity_type_label"": ""实验笔记"", ""target_entity_id"": 1412, ""target_label"": ""PCR"", ""target_entity_type"": ""experiment_type"", ""target_entity_type_label"": ""实验类型"", ""confidence"": 1.0, ""retrieval_score"": 5.2}, {""relation_id"": 2068, ""relation_type"": ""has_experiment_type"", ""relation_label"": ""实验类型"", ""source_entity_id"": 1524, ""source_label"": ""细胞凋亡检测实验"", ""source_entity_type"": ""note"", ""source_entity_type_label"": ""实验笔记"", ""target_entity_id"": 1423, ""target_label"": ""细胞培养"", ""target_entity_type"": ""experiment_type"", ""target_entity_type_label"": ""实验类型"", ""confidence"": 1.0, ""retrieval_score"": 5.2}, {""relation_id"": 2050, ""relation_type"": ""has_experiment_type"", ""relation_label"": ""实验类型"", ""source_entity_id"": 1510, ""source_label"": ""SDS-PAGE 凝胶配制与电泳"", ""source_entity_type"": ""note"", ""source_entity_type_label"": ""实验笔记"", ""target_entity_id"": 1434, ""target_label"": ""Western Blot"", ""target_entity_type"": ""experiment_type"", ""target_entity_type_label"": ""实验类型"", ""confidence"": 1.0, ""retrieval_score"": 5.2}, {""relation_id"": 2035, ""relation_type"": ""has_experiment_type"", ""relation_label"": ""实验类型"", ""source_entity_id"": 1499, ""source_label"": ""蛋白浓度标准曲线测定"", ""source_entity_type"": ""note"", ""source_entity_type_label"": ""实验笔记"", ""target_entity_id"": 1434, ""target_label"": ""Western Blot"", ""target_entity_type"": ""experiment_type"", ""target_entity_type_label"": ""实验类型"", ""confidence"": 1.0, ""retrieval_score"": 5.2}, {""relation_id"": 2020, ""relation_type"": ""has_experiment_type"", ""relation_label"": ""实验类型"", ""source_entity_id"": 1491, ""source_label"": ""细胞转染效率优化"", ""source_entity_type"": ""note"", ""source_entity_type_label"": ""实验笔记"", ""target_entity_id"": 1474, ""target_label"": ""质粒构建/转染"", ""target_entity_type"": ""experiment_type"", ""target_entity_type_label"": ""实验类型"", ""confidence"": 1.0, ""retrieval_score"": 5.2}, {""relation_id"": 1999, ""relation_type"": ""has_experiment_type"", ""relation_label"": ""实验类型"", ""source_entity_id"": 1473, ""source_label"": ""质粒提取与酶切鉴定"", ""source_entity_type"": ""note"", ""source_entity_type_label"": ""实验笔记"", ""target_entity_id"": 1474, ""target_label"": ""质粒构建/转染"", ""target_entity_type"": ""experiment_type"", ""target_entity_type_label"": ""实验类型"", ""confidence"": 1.0, ""retrieval_score"": 5.2}]",,,,,
B08,项目中涉及的主要仪器可以按实验类型如何归纳？,"根据提供的项目资料，可以按实验类型归纳出以下主要仪器：

1. **细胞活力检测实验**：涉及CCK-8检测，需要使用酶标仪（用于读取吸光度）[S1]。
2. **细胞培养实验**：涉及细胞复苏、传代等操作，需要使用生物安全柜、CO₂培养箱、显微镜等细胞培养常规设备[S2]。
3. **流式细胞术实验**：涉及细胞收集、染色和上机检测，需要使用流式细胞仪[S3]。
4. **qPCR实验**：涉及SYBR Green法扩增和融解曲线分析，需要使用实时荧光定量PCR仪[S4]。
5. **质粒提取实验**：涉及菌液培养、碱裂解和柱纯化，需要使用离心机、分光光度计（用于浓度和纯度检测）等[S5]。
6. **Western Blot实验**：涉及蛋白提取、电泳、转膜和抗体孵育，需要使用电泳仪、转膜仪、化学发光成像仪等[S6]。

**注意**：以上仪器归纳完全基于提供的资料内容，未提及的仪器（如超净工作台、摇床等）无法确认是否属于项目范围。","[{""chunk_id"": 2, ""file_id"": 7, ""filename"": ""cell_assay_reference_demo.txt"", ""dify_document_id"": null, ""snippet"": ""CCK-8 检测步骤、读数要求和细胞活力统计说明。"", ""vector_score"": 0.470677, ""lexical_score"": 0.0, ""retrieval_score"": 0.376542}, {""chunk_id"": 4, ""file_id"": 34, ""filename"": ""cell_culture_standard.txt"", ""dify_document_id"": null, ""snippet"": ""细胞培养标准操作流程：1. 培养基预热；2. 细胞复苏；3. 传代比例 1:3-1:4；4. 定期支原体检测。"", ""vector_score"": 0.464728, ""lexical_score"": 0.0, ""retrieval_score"": 0.371782}, {""chunk_id"": 7, ""file_id"": 37, ""filename"": ""flow_cytometry_protocol.txt"", ""dify_document_id"": null, ""snippet"": ""流式细胞术检测流程：1. 细胞收集；2. 染色 30min；3. 上机检测；4. 数据分析。"", ""vector_score"": 0.464672, ""lexical_score"": 0.0, ""retrieval_score"": 0.371737}, {""chunk_id"": 3, ""file_id"": 33, ""filename"": ""qPCR_protocol.txt"", ""dify_document_id"": null, ""snippet"": ""SYBR Green 法 qPCR 实验流程：1. cDNA 稀释 10 倍；2. 配置 20μL 体系；3. 三步法扩增；4. 融解曲线分析。"", ""vector_score"": 0.455207, ""lexical_score"": 0.0, ""retrieval_score"": 0.364166}, {""chunk_id"": 6, ""file_id"": 36, ""filename"": ""plasmid_extraction_protocol.txt"", ""dify_document_id"": null, ""snippet"": ""质粒提取流程：1. 过夜培养菌液；2. 碱裂解法提取；3. 柱纯化；4. 浓度和纯度检测。"", ""vector_score"": 0.451667, ""lexical_score"": 0.0, ""retrieval_score"": 0.361334}, {""chunk_id"": 5, ""file_id"": 35, ""filename"": ""western_blot_protocol.txt"", ""dify_document_id"": null, ""snippet"": ""Western Blot 标准流程：1. 蛋白提取与定量；2. SDS-PAGE 电泳；3. 转膜条件 100V 60min；4. 封闭 5% BSA；5. 一抗 4℃ 过夜。"", ""vector_score"": 0.404476, ""lexical_score"": 0.0, ""retrieval_score"": 0.323581}]",[],,,,,
B09,项目中涉及的主要仪器可以按实验类型如何归纳？,根据提供的项目资料和知识图谱，无法确认项目中涉及的主要仪器及其按实验类型的归纳。资料中仅描述了实验步骤（如CCK-8检测、流式细胞术、qPCR、质粒提取、Western Blot等），但未提及具体使用的仪器名称（如离心机、PCR仪、流式细胞仪等）。知识图谱中仅包含实验笔记与实验类型的关联关系，也未涉及仪器信息。因此，无法回答此问题。,"[{""chunk_id"": 2, ""file_id"": 7, ""filename"": ""cell_assay_reference_demo.txt"", ""dify_document_id"": null, ""snippet"": ""CCK-8 检测步骤、读数要求和细胞活力统计说明。"", ""vector_score"": 0.470677, ""lexical_score"": 0.0, ""retrieval_score"": 0.376542}, {""chunk_id"": 4, ""file_id"": 34, ""filename"": ""cell_culture_standard.txt"", ""dify_document_id"": null, ""snippet"": ""细胞培养标准操作流程：1. 培养基预热；2. 细胞复苏；3. 传代比例 1:3-1:4；4. 定期支原体检测。"", ""vector_score"": 0.464728, ""lexical_score"": 0.0, ""retrieval_score"": 0.371782}, {""chunk_id"": 7, ""file_id"": 37, ""filename"": ""flow_cytometry_protocol.txt"", ""dify_document_id"": null, ""snippet"": ""流式细胞术检测流程：1. 细胞收集；2. 染色 30min；3. 上机检测；4. 数据分析。"", ""vector_score"": 0.464672, ""lexical_score"": 0.0, ""retrieval_score"": 0.371737}, {""chunk_id"": 3, ""file_id"": 33, ""filename"": ""qPCR_protocol.txt"", ""dify_document_id"": null, ""snippet"": ""SYBR Green 法 qPCR 实验流程：1. cDNA 稀释 10 倍；2. 配置 20μL 体系；3. 三步法扩增；4. 融解曲线分析。"", ""vector_score"": 0.455207, ""lexical_score"": 0.0, ""retrieval_score"": 0.364166}, {""chunk_id"": 6, ""file_id"": 36, ""filename"": ""plasmid_extraction_protocol.txt"", ""dify_document_id"": null, ""snippet"": ""质粒提取流程：1. 过夜培养菌液；2. 碱裂解法提取；3. 柱纯化；4. 浓度和纯度检测。"", ""vector_score"": 0.451667, ""lexical_score"": 0.0, ""retrieval_score"": 0.361334}, {""chunk_id"": 5, ""file_id"": 35, ""filename"": ""western_blot_protocol.txt"", ""dify_document_id"": null, ""snippet"": ""Western Blot 标准流程：1. 蛋白提取与定量；2. SDS-PAGE 电泳；3. 转膜条件 100V 60min；4. 封闭 5% BSA；5. 一抗 4℃ 过夜。"", ""vector_score"": 0.404476, ""lexical_score"": 0.0, ""retrieval_score"": 0.323581}]","[{""relation_id"": 2153, ""relation_type"": ""has_experiment_type"", ""relation_label"": ""实验类型"", ""source_entity_id"": 1576, ""source_label"": ""质粒测序结果分析"", ""source_entity_type"": ""note"", ""source_entity_type_label"": ""实验笔记"", ""target_entity_id"": 1474, ""target_label"": ""质粒构建/转染"", ""target_entity_type"": ""experiment_type"", ""target_entity_type_label"": ""实验类型"", ""confidence"": 1.0, ""retrieval_score"": 5.2}, {""relation_id"": 2135, ""relation_type"": ""has_experiment_type"", ""relation_label"": ""实验类型"", ""source_entity_id"": 1563, ""source_label"": ""ELISA 检测实验"", ""source_entity_type"": ""note"", ""source_entity_type_label"": ""实验笔记"", ""target_entity_id"": 1434, ""target_label"": ""Western Blot"", ""target_entity_type"": ""experiment_type"", ""target_entity_type_label"": ""实验类型"", ""confidence"": 1.0, ""retrieval_score"": 5.2}, {""relation_id"": 2118, ""relation_type"": ""has_experiment_type"", ""relation_label"": ""实验类型"", ""source_entity_id"": 1556, ""source_label"": ""克隆形成实验"", ""source_entity_type"": ""note"", ""source_entity_type_label"": ""实验笔记"", ""target_entity_id"": 1423, ""target_label"": ""细胞培养"", ""target_entity_type"": ""experiment_type"", ""target_entity_type_label"": ""实验类型"", ""confidence"": 1.0, ""retrieval_score"": 5.2}, {""relation_id"": 2101, ""relation_type"": ""has_experiment_type"", ""relation_label"": ""实验类型"", ""source_entity_id"": 1545, ""source_label"": ""免疫荧光染色实验"", ""source_entity_type"": ""note"", ""source_entity_type_label"": ""实验笔记"", ""target_entity_id"": 1423, ""target_label"": ""细胞培养"", ""target_entity_type"": ""experiment_type"", ""target_entity_type_label"": ""实验类型"", ""confidence"": 1.0, ""retrieval_score"": 5.2}, {""relation_id"": 2082, ""relation_type"": ""has_experiment_type"", ""relation_label"": ""实验类型"", ""source_entity_id"": 1533, ""source_label"": ""RNA 提取与逆转录"", ""source_entity_type"": ""note"", ""source_entity_type_label"": ""实验笔记"", ""target_entity_id"": 1412, ""target_label"": ""PCR"", ""target_entity_type"": ""experiment_type"", ""target_entity_type_label"": ""实验类型"", ""confidence"": 1.0, ""retrieval_score"": 5.2}, {""relation_id"": 2068, ""relation_type"": ""has_experiment_type"", ""relation_label"": ""实验类型"", ""source_entity_id"": 1524, ""source_label"": ""细胞凋亡检测实验"", ""source_entity_type"": ""note"", ""source_entity_type_label"": ""实验笔记"", ""target_entity_id"": 1423, ""target_label"": ""细胞培养"", ""target_entity_type"": ""experiment_type"", ""target_entity_type_label"": ""实验类型"", ""confidence"": 1.0, ""retrieval_score"": 5.2}, {""relation_id"": 2050, ""relation_type"": ""has_experiment_type"", ""relation_label"": ""实验类型"", ""source_entity_id"": 1510, ""source_label"": ""SDS-PAGE 凝胶配制与电泳"", ""source_entity_type"": ""note"", ""source_entity_type_label"": ""实验笔记"", ""target_entity_id"": 1434, ""target_label"": ""Western Blot"", ""target_entity_type"": ""experiment_type"", ""target_entity_type_label"": ""实验类型"", ""confidence"": 1.0, ""retrieval_score"": 5.2}, {""relation_id"": 2035, ""relation_type"": ""has_experiment_type"", ""relation_label"": ""实验类型"", ""source_entity_id"": 1499, ""source_label"": ""蛋白浓度标准曲线测定"", ""source_entity_type"": ""note"", ""source_entity_type_label"": ""实验笔记"", ""target_entity_id"": 1434, ""target_label"": ""Western Blot"", ""target_entity_type"": ""experiment_type"", ""target_entity_type_label"": ""实验类型"", ""confidence"": 1.0, ""retrieval_score"": 5.2}, {""relation_id"": 2020, ""relation_type"": ""has_experiment_type"", ""relation_label"": ""实验类型"", ""source_entity_id"": 1491, ""source_label"": ""细胞转染效率优化"", ""source_entity_type"": ""note"", ""source_entity_type_label"": ""实验笔记"", ""target_entity_id"": 1474, ""target_label"": ""质粒构建/转染"", ""target_entity_type"": ""experiment_type"", ""target_entity_type_label"": ""实验类型"", ""confidence"": 1.0, ""retrieval_score"": 5.2}, {""relation_id"": 1999, ""relation_type"": ""has_experiment_type"", ""relation_label"": ""实验类型"", ""source_entity_id"": 1473, ""source_label"": ""质粒提取与酶切鉴定"", ""source_entity_type"": ""note"", ""source_entity_type_label"": ""实验笔记"", ""target_entity_id"": 1474, ""target_label"": ""质粒构建/转染"", ""target_entity_type"": ""experiment_type"", ""target_entity_type_label"": ""实验类型"", ""confidence"": 1.0, ""retrieval_score"": 5.2}]",,,,,
B10,细胞活力检测实验使用了哪些试剂和仪器？,"根据提供的资料，细胞活力检测实验使用的试剂和仪器如下：

**试剂**：
- DMEM 培养基 [G3]
- PBS [G4]
- CCK-8 [G5]

**仪器**：
- CO2 培养箱 [G1]
- 酶标仪 [G2]

以上信息均来源于实验知识图谱，未在项目资料中找到其他相关描述。","[{""chunk_id"": 2, ""file_id"": 7, ""filename"": ""cell_assay_reference_demo.txt"", ""dify_document_id"": null, ""snippet"": ""CCK-8 检测步骤、读数要求和细胞活力统计说明。"", ""vector_score"": 0.620052, ""lexical_score"": 0.0, ""retrieval_score"": 0.496041}, {""chunk_id"": 7, ""file_id"": 37, ""filename"": ""flow_cytometry_protocol.txt"", ""dify_document_id"": null, ""snippet"": ""流式细胞术检测流程：1. 细胞收集；2. 染色 30min；3. 上机检测；4. 数据分析。"", ""vector_score"": 0.548976, ""lexical_score"": 0.0, ""retrieval_score"": 0.439181}, {""chunk_id"": 4, ""file_id"": 34, ""filename"": ""cell_culture_standard.txt"", ""dify_document_id"": null, ""snippet"": ""细胞培养标准操作流程：1. 培养基预热；2. 细胞复苏；3. 传代比例 1:3-1:4；4. 定期支原体检测。"", ""vector_score"": 0.502231, ""lexical_score"": 0.0, ""retrieval_score"": 0.401785}, {""chunk_id"": 6, ""file_id"": 36, ""filename"": ""plasmid_extraction_protocol.txt"", ""dify_document_id"": null, ""snippet"": ""质粒提取流程：1. 过夜培养菌液；2. 碱裂解法提取；3. 柱纯化；4. 浓度和纯度检测。"", ""vector_score"": 0.485583, ""lexical_score"": 0.0, ""retrieval_score"": 0.388466}, {""chunk_id"": 3, ""file_id"": 33, ""filename"": ""qPCR_protocol.txt"", ""dify_document_id"": null, ""snippet"": ""SYBR Green 法 qPCR 实验流程：1. cDNA 稀释 10 倍；2. 配置 20μL 体系；3. 三步法扩增；4. 融解曲线分析。"", ""vector_score"": 0.43798, ""lexical_score"": 0.0, ""retrieval_score"": 0.350384}, {""chunk_id"": 5, ""file_id"": 35, ""filename"": ""western_blot_protocol.txt"", ""dify_document_id"": null, ""snippet"": ""Western Blot 标准流程：1. 蛋白提取与定量；2. SDS-PAGE 电泳；3. 转膜条件 100V 60min；4. 封闭 5% BSA；5. 一抗 4℃ 过夜。"", ""vector_score"": 0.423116, ""lexical_score"": 0.0, ""retrieval_score"": 0.338493}]","[{""relation_id"": 1945, ""relation_type"": ""uses_instrument"", ""relation_label"": ""使用仪器"", ""source_entity_id"": 1422, ""source_label"": ""细胞活力检测实验"", ""source_entity_type"": ""note"", ""source_entity_type_label"": ""实验笔记"", ""target_entity_id"": 1428, ""target_label"": ""CO2 培养箱"", ""target_entity_type"": ""instrument"", ""target_entity_type_label"": ""仪器"", ""confidence"": 0.7, ""retrieval_score"": 5.5}, {""relation_id"": 1944, ""relation_type"": ""uses_instrument"", ""relation_label"": ""使用仪器"", ""source_entity_id"": 1422, ""source_label"": ""细胞活力检测实验"", ""source_entity_type"": ""note"", ""source_entity_type_label"": ""实验笔记"", ""target_entity_id"": 1427, ""target_label"": ""酶标仪"", ""target_entity_type"": ""instrument"", ""target_entity_type_label"": ""仪器"", ""confidence"": 0.7, ""retrieval_score"": 5.5}, {""relation_id"": 1943, ""relation_type"": ""uses_reagent"", ""relation_label"": ""使用试剂"", ""source_entity_id"": 1422, ""source_label"": ""细胞活力检测实验"", ""source_entity_type"": ""note"", ""source_entity_type_label"": ""实验笔记"", ""target_entity_id"": 1426, ""target_label"": ""DMEM 培养基"", ""target_entity_type"": ""reagent"", ""target_entity_type_label"": ""试剂"", ""confidence"": 0.7, ""retrieval_score"": 5.5}, {""relation_id"": 1942, ""relation_type"": ""uses_reagent"", ""relation_label"": ""使用试剂"", ""source_entity_id"": 1422, ""source_label"": ""细胞活力检测实验"", ""source_entity_type"": ""note"", ""source_entity_type_label"": ""实验笔记"", ""target_entity_id"": 1425, ""target_label"": ""PBS"", ""target_entity_type"": ""reagent"", ""target_entity_type_label"": ""试剂"", ""confidence"": 0.7, ""retrieval_score"": 5.5}, {""relation_id"": 1941, ""relation_type"": ""uses_reagent"", ""relation_label"": ""使用试剂"", ""source_entity_id"": 1422, ""source_label"": ""细胞活力检测实验"", ""source_entity_type"": ""note"", ""source_entity_type_label"": ""实验笔记"", ""target_entity_id"": 1424, ""target_label"": ""CCK-8"", ""target_entity_type"": ""reagent"", ""target_entity_type_label"": ""试剂"", ""confidence"": 0.7, ""retrieval_score"": 5.5}, {""relation_id"": 2158, ""relation_type"": ""uses_instrument"", ""relation_label"": ""使用仪器"", ""source_entity_id"": 1576, ""source_label"": ""质粒测序结果分析"", ""source_entity_type"": ""note"", ""source_entity_type_label"": ""实验笔记"", ""target_entity_id"": 1581, ""target_label"": ""序列分析软件"", ""target_entity_type"": ""instrument"", ""target_entity_type_label"": ""仪器"", ""confidence"": 0.7, ""retrieval_score"": 3.5}, {""relation_id"": 2157, ""relation_type"": ""uses_instrument"", ""relation_label"": ""使用仪器"", ""source_entity_id"": 1576, ""source_label"": ""质粒测序结果分析"", ""source_entity_type"": ""note"", ""source_entity_type_label"": ""实验笔记"", ""target_entity_id"": 1580, ""target_label"": ""测序仪"", ""target_entity_type"": ""instrument"", ""target_entity_type_label"": ""仪器"", ""confidence"": 0.7, ""retrieval_score"": 3.5}, {""relation_id"": 2156, ""relation_type"": ""uses_reagent"", ""relation_label"": ""使用试剂"", ""source_entity_id"": 1576, ""source_label"": ""质粒测序结果分析"", ""source_entity_type"": ""note"", ""source_entity_type_label"": ""实验笔记"", ""target_entity_id"": 1579, ""target_label"": ""BigDye"", ""target_entity_type"": ""reagent"", ""target_entity_type_label"": ""试剂"", ""confidence"": 0.7, ""retrieval_score"": 3.5}, {""relation_id"": 2155, ""relation_type"": ""uses_reagent"", ""relation_label"": ""使用试剂"", ""source_entity_id"": 1576, ""source_label"": ""质粒测序结果分析"", ""source_entity_type"": ""note"", ""source_entity_type_label"": ""实验笔记"", ""target_entity_id"": 1578, ""target_label"": ""BigDye Terminator"", ""target_entity_type"": ""reagent"", ""target_entity_type_label"": ""试剂"", ""confidence"": 0.7, ""retrieval_score"": 3.5}, {""relation_id"": 2154, ""relation_type"": ""uses_reagent"", ""relation_label"": ""使用试剂"", ""source_entity_id"": 1576, ""source_label"": ""质粒测序结果分析"", ""source_entity_type"": ""note"", ""source_entity_type_label"": ""实验笔记"", ""target_entity_id"": 1577, ""target_label"": ""测序引物"", ""target_entity_type"": ""reagent"", ""target_entity_type_label"": ""试剂"", ""confidence"": 0.7, ""retrieval_score"": 3.5}]",,,,,
B11,PCR 条件优化实验使用了哪些样本？,"根据实验知识图谱，PCR 条件优化实验使用了以下样本：
- 样本 B [G2]
- 样本 A [G3]","[{""chunk_id"": 1, ""file_id"": 6, ""filename"": ""PCR_protocol_demo.txt"", ""dify_document_id"": null, ""snippet"": ""PCR 体系配置、循环条件和退火温度优化说明。"", ""vector_score"": 0.581445, ""lexical_score"": 0.5, ""retrieval_score"": 0.565156}, {""chunk_id"": 3, ""file_id"": 33, ""filename"": ""qPCR_protocol.txt"", ""dify_document_id"": null, ""snippet"": ""SYBR Green 法 qPCR 实验流程：1. cDNA 稀释 10 倍；2. 配置 20μL 体系；3. 三步法扩增；4. 融解曲线分析。"", ""vector_score"": 0.563252, ""lexical_score"": 0.0, ""retrieval_score"": 0.450601}, {""chunk_id"": 2, ""file_id"": 7, ""filename"": ""cell_assay_reference_demo.txt"", ""dify_document_id"": null, ""snippet"": ""CCK-8 检测步骤、读数要求和细胞活力统计说明。"", ""vector_score"": 0.531, ""lexical_score"": 0.0, ""retrieval_score"": 0.4248}, {""chunk_id"": 6, ""file_id"": 36, ""filename"": ""plasmid_extraction_protocol.txt"", ""dify_document_id"": null, ""snippet"": ""质粒提取流程：1. 过夜培养菌液；2. 碱裂解法提取；3. 柱纯化；4. 浓度和纯度检测。"", ""vector_score"": 0.488523, ""lexical_score"": 0.0, ""retrieval_score"": 0.390819}, {""chunk_id"": 5, ""file_id"": 35, ""filename"": ""western_blot_protocol.txt"", ""dify_document_id"": null, ""snippet"": ""Western Blot 标准流程：1. 蛋白提取与定量；2. SDS-PAGE 电泳；3. 转膜条件 100V 60min；4. 封闭 5% BSA；5. 一抗 4℃ 过夜。"", ""vector_score"": 0.487443, ""lexical_score"": 0.0, ""retrieval_score"": 0.389955}, {""chunk_id"": 4, ""file_id"": 34, ""filename"": ""cell_culture_standard.txt"", ""dify_document_id"": null, ""snippet"": ""细胞培养标准操作流程：1. 培养基预热；2. 细胞复苏；3. 传代比例 1:3-1:4；4. 定期支原体检测。"", ""vector_score"": 0.456855, ""lexical_score"": 0.0, ""retrieval_score"": 0.365484}]","[{""relation_id"": 1928, ""relation_type"": ""has_experiment_type"", ""relation_label"": ""实验类型"", ""source_entity_id"": 1410, ""source_label"": ""PCR 条件优化实验"", ""source_entity_type"": ""note"", ""source_entity_type_label"": ""实验笔记"", ""target_entity_id"": 1412, ""target_label"": ""PCR"", ""target_entity_type"": ""experiment_type"", ""target_entity_type_label"": ""实验类型"", ""confidence"": 1.0, ""retrieval_score"": 6.2}, {""relation_id"": 1935, ""relation_type"": ""uses_sample"", ""relation_label"": ""使用样本"", ""source_entity_id"": 1410, ""source_label"": ""PCR 条件优化实验"", ""source_entity_type"": ""note"", ""source_entity_type_label"": ""实验笔记"", ""target_entity_id"": 1419, ""target_label"": ""样本 B"", ""target_entity_type"": ""sample"", ""target_entity_type_label"": ""样本"", ""confidence"": 0.7, ""retrieval_score"": 5.5}, {""relation_id"": 1934, ""relation_type"": ""uses_sample"", ""relation_label"": ""使用样本"", ""source_entity_id"": 1410, ""source_label"": ""PCR 条件优化实验"", ""source_entity_type"": ""note"", ""source_entity_type_label"": ""实验笔记"", ""target_entity_id"": 1418, ""target_label"": ""样本 A"", ""target_entity_type"": ""sample"", ""target_entity_type_label"": ""样本"", ""confidence"": 0.7, ""retrieval_score"": 5.5}, {""relation_id"": 1966, ""relation_type"": ""has_experiment_type"", ""relation_label"": ""实验类型"", ""source_entity_id"": 1446, ""source_label"": ""qPCR 定量验证实验"", ""source_entity_type"": ""note"", ""source_entity_type_label"": ""实验笔记"", ""target_entity_id"": 1412, ""target_label"": ""PCR"", ""target_entity_type"": ""experiment_type"", ""target_entity_type_label"": ""实验类型"", ""confidence"": 1.0, ""retrieval_score"": 5.2}, {""relation_id"": 1976, ""relation_type"": ""uses_sample"", ""relation_label"": ""使用样本"", ""source_entity_id"": 1446, ""source_label"": ""qPCR 定量验证实验"", ""source_entity_type"": ""note"", ""source_entity_type_label"": ""实验笔记"", ""target_entity_id"": 1456, ""target_label"": ""2"", ""target_entity_type"": ""sample"", ""target_entity_type_label"": ""样本"", ""confidence"": 0.7, ""retrieval_score"": 4.5}, {""relation_id"": 1975, ""relation_type"": ""uses_sample"", ""relation_label"": ""使用样本"", ""source_entity_id"": 1446, ""source_label"": ""qPCR 定量验证实验"", ""source_entity_type"": ""note"", ""source_entity_type_label"": ""实验笔记"", ""target_entity_id"": 1455, ""target_label"": ""阴性对照"", ""target_entity_type"": ""sample"", ""target_entity_type_label"": ""样本"", ""confidence"": 0.7, ""retrieval_score"": 4.5}, {""relation_id"": 1974, ""relation_type"": ""uses_sample"", ""relation_label"": ""使用样本"", ""source_entity_id"": 1446, ""source_label"": ""qPCR 定量验证实验"", ""source_entity_type"": ""note"", ""source_entity_type_label"": ""实验笔记"", ""target_entity_id"": 1454, ""target_label"": ""cDNA 样本 2"", ""target_entity_type"": ""sample"", ""target_entity_type_label"": ""样本"", ""confidence"": 0.7, ""retrieval_score"": 4.5}, {""relation_id"": 1973, ""relation_type"": ""uses_sample"", ""relation_label"": ""使用样本"", ""source_entity_id"": 1446, ""source_label"": ""qPCR 定量验证实验"", ""source_entity_type"": ""note"", ""source_entity_type_label"": ""实验笔记"", ""target_entity_id"": 1453, ""target_label"": ""cDNA 样本 1"", ""target_entity_type"": ""sample"", ""target_entity_type_label"": ""样本"", ""confidence"": 0.7, ""retrieval_score"": 4.5}, {""relation_id"": 2082, ""relation_type"": ""has_experiment_type"", ""relation_label"": ""实验类型"", ""source_entity_id"": 1533, ""source_label"": ""RNA 提取与逆转录"", ""source_entity_type"": ""note"", ""source_entity_type_label"": ""实验笔记"", ""target_entity_id"": 1412, ""target_label"": ""PCR"", ""target_entity_type"": ""experiment_type"", ""target_entity_type_label"": ""实验类型"", ""confidence"": 1.0, ""retrieval_score"": 4.2}, {""relation_id"": 2160, ""relation_type"": ""uses_sample"", ""relation_label"": ""使用样本"", ""source_entity_id"": 1576, ""source_label"": ""质粒测序结果分析"", ""source_entity_type"": ""note"", ""source_entity_type_label"": ""实验笔记"", ""target_entity_id"": 1583, ""target_label"": ""重组质粒"", ""target_entity_type"": ""sample"", ""target_entity_type_label"": ""样本"", ""confidence"": 0.7, ""retrieval_score"": 3.5}]",,,,,
B12,PCR 条件优化实验的退火温度优化依据是什么？,根据提供的资料，PCR 条件优化实验的退火温度优化依据是：在 **58℃** 条件下，扩增条带最清晰，非特异性条带减少 [G6][G7]。该实验使用了样本 A 和样本 B [G8][G9]，以及模板 DNA 试剂 [G10]，并在 PCR Thermal Cycler 仪器上完成 [G4]。,"[{""chunk_id"": 1, ""file_id"": 6, ""filename"": ""PCR_protocol_demo.txt"", ""dify_document_id"": null, ""snippet"": ""PCR 体系配置、循环条件和退火温度优化说明。"", ""vector_score"": 0.803779, ""lexical_score"": 0.5, ""retrieval_score"": 0.743023}, {""chunk_id"": 3, ""file_id"": 33, ""filename"": ""qPCR_protocol.txt"", ""dify_document_id"": null, ""snippet"": ""SYBR Green 法 qPCR 实验流程：1. cDNA 稀释 10 倍；2. 配置 20μL 体系；3. 三步法扩增；4. 融解曲线分析。"", ""vector_score"": 0.522388, ""lexical_score"": 0.0, ""retrieval_score"": 0.41791}, {""chunk_id"": 5, ""file_id"": 35, ""filename"": ""western_blot_protocol.txt"", ""dify_document_id"": null, ""snippet"": ""Western Blot 标准流程：1. 蛋白提取与定量；2. SDS-PAGE 电泳；3. 转膜条件 100V 60min；4. 封闭 5% BSA；5. 一抗 4℃ 过夜。"", ""vector_score"": 0.509717, ""lexical_score"": 0.0, ""retrieval_score"": 0.407773}, {""chunk_id"": 4, ""file_id"": 34, ""filename"": ""cell_culture_standard.txt"", ""dify_document_id"": null, ""snippet"": ""细胞培养标准操作流程：1. 培养基预热；2. 细胞复苏；3. 传代比例 1:3-1:4；4. 定期支原体检测。"", ""vector_score"": 0.507724, ""lexical_score"": 0.0, ""retrieval_score"": 0.406179}, {""chunk_id"": 2, ""file_id"": 7, ""filename"": ""cell_assay_reference_demo.txt"", ""dify_document_id"": null, ""snippet"": ""CCK-8 检测步骤、读数要求和细胞活力统计说明。"", ""vector_score"": 0.487406, ""lexical_score"": 0.0, ""retrieval_score"": 0.389925}, {""chunk_id"": 6, ""file_id"": 36, ""filename"": ""plasmid_extraction_protocol.txt"", ""dify_document_id"": null, ""snippet"": ""质粒提取流程：1. 过夜培养菌液；2. 碱裂解法提取；3. 柱纯化；4. 浓度和纯度检测。"", ""vector_score"": 0.485217, ""lexical_score"": 0.0, ""retrieval_score"": 0.388174}]","[{""relation_id"": 1928, ""relation_type"": ""has_experiment_type"", ""relation_label"": ""实验类型"", ""source_entity_id"": 1410, ""source_label"": ""PCR 条件优化实验"", ""source_entity_type"": ""note"", ""source_entity_type_label"": ""实验笔记"", ""target_entity_id"": 1412, ""target_label"": ""PCR"", ""target_entity_type"": ""experiment_type"", ""target_entity_type_label"": ""实验类型"", ""confidence"": 1.0, ""retrieval_score"": 6.2}, {""relation_id"": 1966, ""relation_type"": ""has_experiment_type"", ""relation_label"": ""实验类型"", ""source_entity_id"": 1446, ""source_label"": ""qPCR 定量验证实验"", ""source_entity_type"": ""note"", ""source_entity_type_label"": ""实验笔记"", ""target_entity_id"": 1412, ""target_label"": ""PCR"", ""target_entity_type"": ""experiment_type"", ""target_entity_type_label"": ""实验类型"", ""confidence"": 1.0, ""retrieval_score"": 5.2}, {""relation_id"": 2082, ""relation_type"": ""has_experiment_type"", ""relation_label"": ""实验类型"", ""source_entity_id"": 1533, ""source_label"": ""RNA 提取与逆转录"", ""source_entity_type"": ""note"", ""source_entity_type_label"": ""实验笔记"", ""target_entity_id"": 1412, ""target_label"": ""PCR"", ""target_entity_type"": ""experiment_type"", ""target_entity_type_label"": ""实验类型"", ""confidence"": 1.0, ""retrieval_score"": 4.2}, {""relation_id"": 1933, ""relation_type"": ""uses_instrument"", ""relation_label"": ""使用仪器"", ""source_entity_id"": 1410, ""source_label"": ""PCR 条件优化实验"", ""source_entity_type"": ""note"", ""source_entity_type_label"": ""实验笔记"", ""target_entity_id"": 1417, ""target_label"": ""PCR Thermal Cycler"", ""target_entity_type"": ""instrument"", ""target_entity_type_label"": ""仪器"", ""confidence"": 0.7, ""retrieval_score"": 3.5}, {""relation_id"": 1971, ""relation_type"": ""uses_instrument"", ""relation_label"": ""使用仪器"", ""source_entity_id"": 1446, ""source_label"": ""qPCR 定量验证实验"", ""source_entity_type"": ""note"", ""source_entity_type_label"": ""实验笔记"", ""target_entity_id"": 1451, ""target_label"": ""荧光定量 PCR 仪"", ""target_entity_type"": ""instrument"", ""target_entity_type_label"": ""仪器"", ""confidence"": 0.7, ""retrieval_score"": 2.5}, {""relation_id"": 1937, ""relation_type"": ""produces_result"", ""relation_label"": ""产生结果"", ""source_entity_id"": 1410, ""source_label"": ""PCR 条件优化实验"", ""source_entity_type"": ""note"", ""source_entity_type_label"": ""实验笔记"", ""target_entity_id"": 1421, ""target_label"": ""58℃ 条件下条带清晰。"", ""target_entity_type"": ""result"", ""target_entity_type_label"": ""实验结果"", ""confidence"": 0.7, ""retrieval_score"": 2.5}, {""relation_id"": 1936, ""relation_type"": ""produces_result"", ""relation_label"": ""产生结果"", ""source_entity_id"": 1410, ""source_label"": ""PCR 条件优化实验"", ""source_entity_type"": ""note"", ""source_entity_type_label"": ""实验笔记"", ""target_entity_id"": 1420, ""target_label"": ""退火温度 58℃ 时扩增条带最清晰，非特异性条带减少。"", ""target_entity_type"": ""result"", ""target_entity_type_label"": ""实验结果"", ""confidence"": 0.7, ""retrieval_score"": 2.5}, {""relation_id"": 1935, ""relation_type"": ""uses_sample"", ""relation_label"": ""使用样本"", ""source_entity_id"": 1410, ""source_label"": ""PCR 条件优化实验"", ""source_entity_type"": ""note"", ""source_entity_type_label"": ""实验笔记"", ""target_entity_id"": 1419, ""target_label"": ""样本 B"", ""target_entity_type"": ""sample"", ""target_entity_type_label"": ""样本"", ""confidence"": 0.7, ""retrieval_score"": 2.5}, {""relation_id"": 1934, ""relation_type"": ""uses_sample"", ""relation_label"": ""使用样本"", ""source_entity_id"": 1410, ""source_label"": ""PCR 条件优化实验"", ""source_entity_type"": ""note"", ""source_entity_type_label"": ""实验笔记"", ""target_entity_id"": 1418, ""target_label"": ""样本 A"", ""target_entity_type"": ""sample"", ""target_entity_type_label"": ""样本"", ""confidence"": 0.7, ""retrieval_score"": 2.5}, {""relation_id"": 1932, ""relation_type"": ""uses_reagent"", ""relation_label"": ""使用试剂"", ""source_entity_id"": 1410, ""source_label"": ""PCR 条件优化实验"", ""source_entity_type"": ""note"", ""source_entity_type_label"": ""实验笔记"", ""target_entity_id"": 1416, ""target_label"": ""模板 DNA"", ""target_entity_type"": ""reagent"", ""target_entity_type_label"": ""试剂"", ""confidence"": 0.7, ""retrieval_score"": 2.5}]",,,,,
B13,这三项实验分别产生了哪些主要结果？,"根据提供的资料，无法确认您所指的“这三项实验”具体是哪三项。请明确实验名称，以便依据资料和知识图谱回答。

如果您指的是知识图谱中提到的实验，其主要结果如下：
- **质粒测序结果分析**：序列正确，一致率99.8%，无移码突变 [G1][G2]。
- **ELISA检测实验**：处理组IL-6浓度约320 pg/mL，对照组约85 pg/mL [G3][G4]。
- **克隆形成实验**：处理组克隆形成率约8%，对照组约22%，差异显著（P<0.01）[G5][G6]。","[{""chunk_id"": 3, ""file_id"": 33, ""filename"": ""qPCR_protocol.txt"", ""dify_document_id"": null, ""snippet"": ""SYBR Green 法 qPCR 实验流程：1. cDNA 稀释 10 倍；2. 配置 20μL 体系；3. 三步法扩增；4. 融解曲线分析。"", ""vector_score"": 0.515247, ""lexical_score"": 0.0, ""retrieval_score"": 0.412197}, {""chunk_id"": 6, ""file_id"": 36, ""filename"": ""plasmid_extraction_protocol.txt"", ""dify_document_id"": null, ""snippet"": ""质粒提取流程：1. 过夜培养菌液；2. 碱裂解法提取；3. 柱纯化；4. 浓度和纯度检测。"", ""vector_score"": 0.486195, ""lexical_score"": 0.0, ""retrieval_score"": 0.388956}, {""chunk_id"": 2, ""file_id"": 7, ""filename"": ""cell_assay_reference_demo.txt"", ""dify_document_id"": null, ""snippet"": ""CCK-8 检测步骤、读数要求和细胞活力统计说明。"", ""vector_score"": 0.458629, ""lexical_score"": 0.0, ""retrieval_score"": 0.366903}, {""chunk_id"": 4, ""file_id"": 34, ""filename"": ""cell_culture_standard.txt"", ""dify_document_id"": null, ""snippet"": ""细胞培养标准操作流程：1. 培养基预热；2. 细胞复苏；3. 传代比例 1:3-1:4；4. 定期支原体检测。"", ""vector_score"": 0.436736, ""lexical_score"": 0.0, ""retrieval_score"": 0.349389}, {""chunk_id"": 7, ""file_id"": 37, ""filename"": ""flow_cytometry_protocol.txt"", ""dify_document_id"": null, ""snippet"": ""流式细胞术检测流程：1. 细胞收集；2. 染色 30min；3. 上机检测；4. 数据分析。"", ""vector_score"": 0.43095, ""lexical_score"": 0.0, ""retrieval_score"": 0.34476}, {""chunk_id"": 1, ""file_id"": 6, ""filename"": ""PCR_protocol_demo.txt"", ""dify_document_id"": null, ""snippet"": ""PCR 体系配置、循环条件和退火温度优化说明。"", ""vector_score"": 0.428149, ""lexical_score"": 0.0, ""retrieval_score"": 0.34252}]","[{""relation_id"": 2162, ""relation_type"": ""produces_result"", ""relation_label"": ""产生结果"", ""source_entity_id"": 1576, ""source_label"": ""质粒测序结果分析"", ""source_entity_type"": ""note"", ""source_entity_type_label"": ""实验笔记"", ""target_entity_id"": 1585, ""target_label"": ""序列正确，一致率 99.8%。"", ""target_entity_type"": ""result"", ""target_entity_type_label"": ""实验结果"", ""confidence"": 0.7, ""retrieval_score"": 3.5}, {""relation_id"": 2161, ""relation_type"": ""produces_result"", ""relation_label"": ""产生结果"", ""source_entity_id"": 1576, ""source_label"": ""质粒测序结果分析"", ""source_entity_type"": ""note"", ""source_entity_type_label"": ""实验笔记"", ""target_entity_id"": 1584, ""target_label"": ""测序结果与目标序列比对一致率 99.8%，无移码突变。"", ""target_entity_type"": ""result"", ""target_entity_type_label"": ""实验结果"", ""confidence"": 0.7, ""retrieval_score"": 3.5}, {""relation_id"": 2150, ""relation_type"": ""produces_result"", ""relation_label"": ""产生结果"", ""source_entity_id"": 1563, ""source_label"": ""ELISA 检测实验"", ""source_entity_type"": ""note"", ""source_entity_type_label"": ""实验笔记"", ""target_entity_id"": 1575, ""target_label"": ""IL-6 浓度 320 vs 85 pg/mL。"", ""target_entity_type"": ""result"", ""target_entity_type_label"": ""实验结果"", ""confidence"": 0.7, ""retrieval_score"": 3.5}, {""relation_id"": 2149, ""relation_type"": ""produces_result"", ""relation_label"": ""产生结果"", ""source_entity_id"": 1563, ""source_label"": ""ELISA 检测实验"", ""source_entity_type"": ""note"", ""source_entity_type_label"": ""实验笔记"", ""target_entity_id"": 1574, ""target_label"": ""处理组 IL-6 浓度约 320 pg/mL，对照组约 85 pg/mL。"", ""target_entity_type"": ""result"", ""target_entity_type_label"": ""实验结果"", ""confidence"": 0.7, ""retrieval_score"": 3.5}, {""relation_id"": 2132, ""relation_type"": ""produces_result"", ""relation_label"": ""产生结果"", ""source_entity_id"": 1556, ""source_label"": ""克隆形成实验"", ""source_entity_type"": ""note"", ""source_entity_type_label"": ""实验笔记"", ""target_entity_id"": 1562, ""target_label"": ""克隆形成率 8% vs 22%。"", ""target_entity_type"": ""result"", ""target_entity_type_label"": ""实验结果"", ""confidence"": 0.7, ""retrieval_score"": 3.5}, {""relation_id"": 2131, ""relation_type"": ""produces_result"", ""relation_label"": ""产生结果"", ""source_entity_id"": 1556, ""source_label"": ""克隆形成实验"", ""source_entity_type"": ""note"", ""source_entity_type_label"": ""实验笔记"", ""target_entity_id"": 1561, ""target_label"": ""处理组克隆形成率约 8%，对照组约 22%，差异显著（P<0.01）。"", ""target_entity_type"": ""result"", ""target_entity_type_label"": ""实验结果"", ""confidence"": 0.7, ""retrieval_score"": 3.5}, {""relation_id"": 2115, ""relation_type"": ""produces_result"", ""relation_label"": ""产生结果"", ""source_entity_id"": 1545, ""source_label"": ""免疫荧光染色实验"", ""source_entity_type"": ""note"", ""source_entity_type_label"": ""实验笔记"", ""target_entity_id"": 1555, ""target_label"": ""目标蛋白荧光增强。"", ""target_entity_type"": ""result"", ""target_entity_type_label"": ""实验结果"", ""confidence"": 0.7, ""retrieval_score"": 3.5}, {""relation_id"": 2114, ""relation_type"": ""produces_result"", ""relation_label"": ""产生结果"", ""source_entity_id"": 1545, ""source_label"": ""免疫荧光染色实验"", ""source_entity_type"": ""note"", ""source_entity_type_label"": ""实验笔记"", ""target_entity_id"": 1554, ""target_label"": ""处理组细胞核中目标蛋白荧光强度明显高于对照组，定位清晰。"", ""target_entity_type"": ""result"", ""target_entity_type_label"": ""实验结果"", ""confidence"": 0.7, ""retrieval_score"": 3.5}, {""relation_id"": 2098, ""relation_type"": ""produces_result"", ""relation_label"": ""产生结果"", ""source_entity_id"": 1533, ""source_label"": ""RNA 提取与逆转录"", ""source_entity_type"": ""note"", ""source_entity_type_label"": ""实验笔记"", ""target_entity_id"": 1544, ""target_label"": ""RNA 质量合格，逆转录成功。"", ""target_entity_type"": ""result"", ""target_entity_type_label"": ""实验结果"", ""confidence"": 0.7, ""retrieval_score"": 3.5}, {""relation_id"": 2097, ""relation_type"": ""produces_result"", ""relation_label"": ""产生结果"", ""source_entity_id"": 1533, ""source_label"": ""RNA 提取与逆转录"", ""source_entity_type"": ""note"", ""source_entity_type_label"": ""实验笔记"", ""target_entity_id"": 1543, ""target_label"": ""A260/280 均为 2.0 以上。cDNA 合成成功。"", ""target_entity_type"": ""result"", ""target_entity_type_label"": ""实验结果"", ""confidence"": 0.7, ""retrieval_score"": 3.5}]",,,,,
B14,根据当前实验记录，项目下一步可以重点复核哪些结果？,"根据当前实验记录，可以重点复核以下结果：

1. **质粒测序结果**：记录显示序列正确，一致率 99.8%，无移码突变 [G1][G2]。建议复核测序峰图质量，确认无杂峰或双峰，确保序列准确性。

2. **ELISA 检测结果**：记录显示处理组 IL-6 浓度约 320 pg/mL，对照组约 85 pg/mL [G3][G4]。建议复核标准曲线拟合度、样本复孔变异系数（CV值），以及是否设置空白对照和阳性对照。

3. **克隆形成实验结果**：记录显示处理组克隆形成率约 8%，对照组约 22%，差异显著（P<0.01）[G5][G6]。建议复核细胞接种密度、培养时间一致性，以及克隆计数是否采用双盲法。

4. **免疫荧光染色结果**：记录显示处理组细胞核中目标蛋白荧光强度明显高于对照组，定位清晰 [G7][G8]。建议复核抗体特异性（如是否设置阴性对照）、曝光时间一致性，以及是否进行共定位分析。

5. **RNA 提取与逆转录结果**：记录显示 A260/280 均为 2.0 以上，cDNA 合成成功 [G9][G10]。建议复核 RNA 完整性（如琼脂糖凝胶电泳 28S/18S 条带比例），以及逆转录效率是否通过内参基因（如 GAPDH）验证。

以上复核建议均基于提供的实验记录和知识图谱，未涉及其他未提供的实验事实。","[{""chunk_id"": 2, ""file_id"": 7, ""filename"": ""cell_assay_reference_demo.txt"", ""dify_document_id"": null, ""snippet"": ""CCK-8 检测步骤、读数要求和细胞活力统计说明。"", ""vector_score"": 0.522983, ""lexical_score"": 0.0, ""retrieval_score"": 0.418387}, {""chunk_id"": 4, ""file_id"": 34, ""filename"": ""cell_culture_standard.txt"", ""dify_document_id"": null, ""snippet"": ""细胞培养标准操作流程：1. 培养基预热；2. 细胞复苏；3. 传代比例 1:3-1:4；4. 定期支原体检测。"", ""vector_score"": 0.515168, ""lexical_score"": 0.0, ""retrieval_score"": 0.412134}, {""chunk_id"": 6, ""file_id"": 36, ""filename"": ""plasmid_extraction_protocol.txt"", ""dify_document_id"": null, ""snippet"": ""质粒提取流程：1. 过夜培养菌液；2. 碱裂解法提取；3. 柱纯化；4. 浓度和纯度检测。"", ""vector_score"": 0.514343, ""lexical_score"": 0.0, ""retrieval_score"": 0.411474}, {""chunk_id"": 3, ""file_id"": 33, ""filename"": ""qPCR_protocol.txt"", ""dify_document_id"": null, ""snippet"": ""SYBR Green 法 qPCR 实验流程：1. cDNA 稀释 10 倍；2. 配置 20μL 体系；3. 三步法扩增；4. 融解曲线分析。"", ""vector_score"": 0.48271, ""lexical_score"": 0.0, ""retrieval_score"": 0.386168}, {""chunk_id"": 7, ""file_id"": 37, ""filename"": ""flow_cytometry_protocol.txt"", ""dify_document_id"": null, ""snippet"": ""流式细胞术检测流程：1. 细胞收集；2. 染色 30min；3. 上机检测；4. 数据分析。"", ""vector_score"": 0.48191, ""lexical_score"": 0.0, ""retrieval_score"": 0.385528}, {""chunk_id"": 5, ""file_id"": 35, ""filename"": ""western_blot_protocol.txt"", ""dify_document_id"": null, ""snippet"": ""Western Blot 标准流程：1. 蛋白提取与定量；2. SDS-PAGE 电泳；3. 转膜条件 100V 60min；4. 封闭 5% BSA；5. 一抗 4℃ 过夜。"", ""vector_score"": 0.471093, ""lexical_score"": 0.0, ""retrieval_score"": 0.376874}]","[{""relation_id"": 2162, ""relation_type"": ""produces_result"", ""relation_label"": ""产生结果"", ""source_entity_id"": 1576, ""source_label"": ""质粒测序结果分析"", ""source_entity_type"": ""note"", ""source_entity_type_label"": ""实验笔记"", ""target_entity_id"": 1585, ""target_label"": ""序列正确，一致率 99.8%。"", ""target_entity_type"": ""result"", ""target_entity_type_label"": ""实验结果"", ""confidence"": 0.7, ""retrieval_score"": 3.5}, {""relation_id"": 2161, ""relation_type"": ""produces_result"", ""relation_label"": ""产生结果"", ""source_entity_id"": 1576, ""source_label"": ""质粒测序结果分析"", ""source_entity_type"": ""note"", ""source_entity_type_label"": ""实验笔记"", ""target_entity_id"": 1584, ""target_label"": ""测序结果与目标序列比对一致率 99.8%，无移码突变。"", ""target_entity_type"": ""result"", ""target_entity_type_label"": ""实验结果"", ""confidence"": 0.7, ""retrieval_score"": 3.5}, {""relation_id"": 2150, ""relation_type"": ""produces_result"", ""relation_label"": ""产生结果"", ""source_entity_id"": 1563, ""source_label"": ""ELISA 检测实验"", ""source_entity_type"": ""note"", ""source_entity_type_label"": ""实验笔记"", ""target_entity_id"": 1575, ""target_label"": ""IL-6 浓度 320 vs 85 pg/mL。"", ""target_entity_type"": ""result"", ""target_entity_type_label"": ""实验结果"", ""confidence"": 0.7, ""retrieval_score"": 3.5}, {""relation_id"": 2149, ""relation_type"": ""produces_result"", ""relation_label"": ""产生结果"", ""source_entity_id"": 1563, ""source_label"": ""ELISA 检测实验"", ""source_entity_type"": ""note"", ""source_entity_type_label"": ""实验笔记"", ""target_entity_id"": 1574, ""target_label"": ""处理组 IL-6 浓度约 320 pg/mL，对照组约 85 pg/mL。"", ""target_entity_type"": ""result"", ""target_entity_type_label"": ""实验结果"", ""confidence"": 0.7, ""retrieval_score"": 3.5}, {""relation_id"": 2132, ""relation_type"": ""produces_result"", ""relation_label"": ""产生结果"", ""source_entity_id"": 1556, ""source_label"": ""克隆形成实验"", ""source_entity_type"": ""note"", ""source_entity_type_label"": ""实验笔记"", ""target_entity_id"": 1562, ""target_label"": ""克隆形成率 8% vs 22%。"", ""target_entity_type"": ""result"", ""target_entity_type_label"": ""实验结果"", ""confidence"": 0.7, ""retrieval_score"": 3.5}, {""relation_id"": 2131, ""relation_type"": ""produces_result"", ""relation_label"": ""产生结果"", ""source_entity_id"": 1556, ""source_label"": ""克隆形成实验"", ""source_entity_type"": ""note"", ""source_entity_type_label"": ""实验笔记"", ""target_entity_id"": 1561, ""target_label"": ""处理组克隆形成率约 8%，对照组约 22%，差异显著（P<0.01）。"", ""target_entity_type"": ""result"", ""target_entity_type_label"": ""实验结果"", ""confidence"": 0.7, ""retrieval_score"": 3.5}, {""relation_id"": 2115, ""relation_type"": ""produces_result"", ""relation_label"": ""产生结果"", ""source_entity_id"": 1545, ""source_label"": ""免疫荧光染色实验"", ""source_entity_type"": ""note"", ""source_entity_type_label"": ""实验笔记"", ""target_entity_id"": 1555, ""target_label"": ""目标蛋白荧光增强。"", ""target_entity_type"": ""result"", ""target_entity_type_label"": ""实验结果"", ""confidence"": 0.7, ""retrieval_score"": 3.5}, {""relation_id"": 2114, ""relation_type"": ""produces_result"", ""relation_label"": ""产生结果"", ""source_entity_id"": 1545, ""source_label"": ""免疫荧光染色实验"", ""source_entity_type"": ""note"", ""source_entity_type_label"": ""实验笔记"", ""target_entity_id"": 1554, ""target_label"": ""处理组细胞核中目标蛋白荧光强度明显高于对照组，定位清晰。"", ""target_entity_type"": ""result"", ""target_entity_type_label"": ""实验结果"", ""confidence"": 0.7, ""retrieval_score"": 3.5}, {""relation_id"": 2098, ""relation_type"": ""produces_result"", ""relation_label"": ""产生结果"", ""source_entity_id"": 1533, ""source_label"": ""RNA 提取与逆转录"", ""source_entity_type"": ""note"", ""source_entity_type_label"": ""实验笔记"", ""target_entity_id"": 1544, ""target_label"": ""RNA 质量合格，逆转录成功。"", ""target_entity_type"": ""result"", ""target_entity_type_label"": ""实验结果"", ""confidence"": 0.7, ""retrieval_score"": 3.5}, {""relation_id"": 2097, ""relation_type"": ""produces_result"", ""relation_label"": ""产生结果"", ""source_entity_id"": 1533, ""source_label"": ""RNA 提取与逆转录"", ""source_entity_type"": ""note"", ""source_entity_type_label"": ""实验笔记"", ""target_entity_id"": 1543, ""target_label"": ""A260/280 均为 2.0 以上。cDNA 合成成功。"", ""target_entity_type"": ""result"", ""target_entity_type_label"": ""实验结果"", ""confidence"": 0.7, ""retrieval_score"": 3.5}]",,,,,
B15,PCR 条件优化实验的退火温度优化依据是什么？,根据提供的项目资料，PCR 条件优化实验的退火温度优化依据在 [S1] 中提及为“PCR 体系配置、循环条件和退火温度优化说明”，但该资料未提供具体的优化依据（如引物 Tm 值、梯度 PCR 设置等）[S1]。因此，无法确认退火温度优化的具体依据。,"[{""chunk_id"": 1, ""file_id"": 6, ""filename"": ""PCR_protocol_demo.txt"", ""dify_document_id"": null, ""snippet"": ""PCR 体系配置、循环条件和退火温度优化说明。"", ""vector_score"": 0.803779, ""lexical_score"": 0.5, ""retrieval_score"": 0.743023}, {""chunk_id"": 3, ""file_id"": 33, ""filename"": ""qPCR_protocol.txt"", ""dify_document_id"": null, ""snippet"": ""SYBR Green 法 qPCR 实验流程：1. cDNA 稀释 10 倍；2. 配置 20μL 体系；3. 三步法扩增；4. 融解曲线分析。"", ""vector_score"": 0.522388, ""lexical_score"": 0.0, ""retrieval_score"": 0.41791}, {""chunk_id"": 5, ""file_id"": 35, ""filename"": ""western_blot_protocol.txt"", ""dify_document_id"": null, ""snippet"": ""Western Blot 标准流程：1. 蛋白提取与定量；2. SDS-PAGE 电泳；3. 转膜条件 100V 60min；4. 封闭 5% BSA；5. 一抗 4℃ 过夜。"", ""vector_score"": 0.509717, ""lexical_score"": 0.0, ""retrieval_score"": 0.407773}, {""chunk_id"": 4, ""file_id"": 34, ""filename"": ""cell_culture_standard.txt"", ""dify_document_id"": null, ""snippet"": ""细胞培养标准操作流程：1. 培养基预热；2. 细胞复苏；3. 传代比例 1:3-1:4；4. 定期支原体检测。"", ""vector_score"": 0.507724, ""lexical_score"": 0.0, ""retrieval_score"": 0.406179}, {""chunk_id"": 2, ""file_id"": 7, ""filename"": ""cell_assay_reference_demo.txt"", ""dify_document_id"": null, ""snippet"": ""CCK-8 检测步骤、读数要求和细胞活力统计说明。"", ""vector_score"": 0.487406, ""lexical_score"": 0.0, ""retrieval_score"": 0.389925}, {""chunk_id"": 6, ""file_id"": 36, ""filename"": ""plasmid_extraction_protocol.txt"", ""dify_document_id"": null, ""snippet"": ""质粒提取流程：1. 过夜培养菌液；2. 碱裂解法提取；3. 柱纯化；4. 浓度和纯度检测。"", ""vector_score"": 0.485217, ""lexical_score"": 0.0, ""retrieval_score"": 0.388174}]",[],,,,,
B16,当前项目包含哪些已审核实验笔记？,根据提供的项目资料，无法确认当前项目包含哪些已审核实验笔记。资料中仅包含实验操作流程（如CCK-8检测[S1]、质粒提取[S2]、细胞培养[S3]、Western Blot[S4]、流式细胞术[S5]、PCR[S6]），但未提及任何实验笔记的审核状态或已审核笔记的具体内容。,"[{""chunk_id"": 2, ""file_id"": 7, ""filename"": ""cell_assay_reference_demo.txt"", ""dify_document_id"": null, ""snippet"": ""CCK-8 检测步骤、读数要求和细胞活力统计说明。"", ""vector_score"": 0.505178, ""lexical_score"": 0.0, ""retrieval_score"": 0.404143}, {""chunk_id"": 6, ""file_id"": 36, ""filename"": ""plasmid_extraction_protocol.txt"", ""dify_document_id"": null, ""snippet"": ""质粒提取流程：1. 过夜培养菌液；2. 碱裂解法提取；3. 柱纯化；4. 浓度和纯度检测。"", ""vector_score"": 0.473282, ""lexical_score"": 0.0, ""retrieval_score"": 0.378626}, {""chunk_id"": 4, ""file_id"": 34, ""filename"": ""cell_culture_standard.txt"", ""dify_document_id"": null, ""snippet"": ""细胞培养标准操作流程：1. 培养基预热；2. 细胞复苏；3. 传代比例 1:3-1:4；4. 定期支原体检测。"", ""vector_score"": 0.445494, ""lexical_score"": 0.0, ""retrieval_score"": 0.356396}, {""chunk_id"": 5, ""file_id"": 35, ""filename"": ""western_blot_protocol.txt"", ""dify_document_id"": null, ""snippet"": ""Western Blot 标准流程：1. 蛋白提取与定量；2. SDS-PAGE 电泳；3. 转膜条件 100V 60min；4. 封闭 5% BSA；5. 一抗 4℃ 过夜。"", ""vector_score"": 0.441999, ""lexical_score"": 0.0, ""retrieval_score"": 0.353599}, {""chunk_id"": 7, ""file_id"": 37, ""filename"": ""flow_cytometry_protocol.txt"", ""dify_document_id"": null, ""snippet"": ""流式细胞术检测流程：1. 细胞收集；2. 染色 30min；3. 上机检测；4. 数据分析。"", ""vector_score"": 0.429744, ""lexical_score"": 0.0, ""retrieval_score"": 0.343795}, {""chunk_id"": 1, ""file_id"": 6, ""filename"": ""PCR_protocol_demo.txt"", ""dify_document_id"": null, ""snippet"": ""PCR 体系配置、循环条件和退火温度优化说明。"", ""vector_score"": 0.415081, ""lexical_score"": 0.0, ""retrieval_score"": 0.332065}]",[],,,,,
B17,PCR 条件优化实验使用了哪些试剂？,根据提供的资料，PCR 条件优化实验使用的试剂包括：模板 DNA [G2]、MgCl2 [G3]、dNTP [G4] 和 Taq DNA Polymerase [G5]。,"[{""chunk_id"": 1, ""file_id"": 6, ""filename"": ""PCR_protocol_demo.txt"", ""dify_document_id"": null, ""snippet"": ""PCR 体系配置、循环条件和退火温度优化说明。"", ""vector_score"": 0.543323, ""lexical_score"": 0.5, ""retrieval_score"": 0.534658}, {""chunk_id"": 3, ""file_id"": 33, ""filename"": ""qPCR_protocol.txt"", ""dify_document_id"": null, ""snippet"": ""SYBR Green 法 qPCR 实验流程：1. cDNA 稀释 10 倍；2. 配置 20μL 体系；3. 三步法扩增；4. 融解曲线分析。"", ""vector_score"": 0.555998, ""lexical_score"": 0.0, ""retrieval_score"": 0.444798}, {""chunk_id"": 2, ""file_id"": 7, ""filename"": ""cell_assay_reference_demo.txt"", ""dify_document_id"": null, ""snippet"": ""CCK-8 检测步骤、读数要求和细胞活力统计说明。"", ""vector_score"": 0.530238, ""lexical_score"": 0.0, ""retrieval_score"": 0.424191}, {""chunk_id"": 6, ""file_id"": 36, ""filename"": ""plasmid_extraction_protocol.txt"", ""dify_document_id"": null, ""snippet"": ""质粒提取流程：1. 过夜培养菌液；2. 碱裂解法提取；3. 柱纯化；4. 浓度和纯度检测。"", ""vector_score"": 0.485415, ""lexical_score"": 0.0, ""retrieval_score"": 0.388332}, {""chunk_id"": 5, ""file_id"": 35, ""filename"": ""western_blot_protocol.txt"", ""dify_document_id"": null, ""snippet"": ""Western Blot 标准流程：1. 蛋白提取与定量；2. SDS-PAGE 电泳；3. 转膜条件 100V 60min；4. 封闭 5% BSA；5. 一抗 4℃ 过夜。"", ""vector_score"": 0.475344, ""lexical_score"": 0.0, ""retrieval_score"": 0.380276}, {""chunk_id"": 7, ""file_id"": 37, ""filename"": ""flow_cytometry_protocol.txt"", ""dify_document_id"": null, ""snippet"": ""流式细胞术检测流程：1. 细胞收集；2. 染色 30min；3. 上机检测；4. 数据分析。"", ""vector_score"": 0.414107, ""lexical_score"": 0.0, ""retrieval_score"": 0.331286}]","[{""relation_id"": 1928, ""relation_type"": ""has_experiment_type"", ""relation_label"": ""实验类型"", ""source_entity_id"": 1410, ""source_label"": ""PCR 条件优化实验"", ""source_entity_type"": ""note"", ""source_entity_type_label"": ""实验笔记"", ""target_entity_id"": 1412, ""target_label"": ""PCR"", ""target_entity_type"": ""experiment_type"", ""target_entity_type_label"": ""实验类型"", ""confidence"": 1.0, ""retrieval_score"": 6.2}, {""relation_id"": 1932, ""relation_type"": ""uses_reagent"", ""relation_label"": ""使用试剂"", ""source_entity_id"": 1410, ""source_label"": ""PCR 条件优化实验"", ""source_entity_type"": ""note"", ""source_entity_type_label"": ""实验笔记"", ""target_entity_id"": 1416, ""target_label"": ""模板 DNA"", ""target_entity_type"": ""reagent"", ""target_entity_type_label"": ""试剂"", ""confidence"": 0.7, ""retrieval_score"": 5.5}, {""relation_id"": 1931, ""relation_type"": ""uses_reagent"", ""relation_label"": ""使用试剂"", ""source_entity_id"": 1410, ""source_label"": ""PCR 条件优化实验"", ""source_entity_type"": ""note"", ""source_entity_type_label"": ""实验笔记"", ""target_entity_id"": 1415, ""target_label"": ""MgCl2"", ""target_entity_type"": ""reagent"", ""target_entity_type_label"": ""试剂"", ""confidence"": 0.7, ""retrieval_score"": 5.5}, {""relation_id"": 1930, ""relation_type"": ""uses_reagent"", ""relation_label"": ""使用试剂"", ""source_entity_id"": 1410, ""source_label"": ""PCR 条件优化实验"", ""source_entity_type"": ""note"", ""source_entity_type_label"": ""实验笔记"", ""target_entity_id"": 1414, ""target_label"": ""dNTP"", ""target_entity_type"": ""reagent"", ""target_entity_type_label"": ""试剂"", ""confidence"": 0.7, ""retrieval_score"": 5.5}, {""relation_id"": 1929, ""relation_type"": ""uses_reagent"", ""relation_label"": ""使用试剂"", ""source_entity_id"": 1410, ""source_label"": ""PCR 条件优化实验"", ""source_entity_type"": ""note"", ""source_entity_type_label"": ""实验笔记"", ""target_entity_id"": 1413, ""target_label"": ""Taq DNA Polymerase"", ""target_entity_type"": ""reagent"", ""target_entity_type_label"": ""试剂"", ""confidence"": 0.7, ""retrieval_score"": 5.5}, {""relation_id"": 1966, ""relation_type"": ""has_experiment_type"", ""relation_label"": ""实验类型"", ""source_entity_id"": 1446, ""source_label"": ""qPCR 定量验证实验"", ""source_entity_type"": ""note"", ""source_entity_type_label"": ""实验笔记"", ""target_entity_id"": 1412, ""target_label"": ""PCR"", ""target_entity_type"": ""experiment_type"", ""target_entity_type_label"": ""实验类型"", ""confidence"": 1.0, ""retrieval_score"": 5.2}, {""relation_id"": 1970, ""relation_type"": ""uses_reagent"", ""relation_label"": ""使用试剂"", ""source_entity_id"": 1446, ""source_label"": ""qPCR 定量验证实验"", ""source_entity_type"": ""note"", ""source_entity_type_label"": ""实验笔记"", ""target_entity_id"": 1450, ""target_label"": ""无酶水"", ""target_entity_type"": ""reagent"", ""target_entity_type_label"": ""试剂"", ""confidence"": 0.7, ""retrieval_score"": 4.5}, {""relation_id"": 1969, ""relation_type"": ""uses_reagent"", ""relation_label"": ""使用试剂"", ""source_entity_id"": 1446, ""source_label"": ""qPCR 定量验证实验"", ""source_entity_type"": ""note"", ""source_entity_type_label"": ""实验笔记"", ""target_entity_id"": 1449, ""target_label"": ""引物对"", ""target_entity_type"": ""reagent"", ""target_entity_type_label"": ""试剂"", ""confidence"": 0.7, ""retrieval_score"": 4.5}, {""relation_id"": 1968, ""relation_type"": ""uses_reagent"", ""relation_label"": ""使用试剂"", ""source_entity_id"": 1446, ""source_label"": ""qPCR 定量验证实验"", ""source_entity_type"": ""note"", ""source_entity_type_label"": ""实验笔记"", ""target_entity_id"": 1448, ""target_label"": ""cDNA 模板"", ""target_entity_type"": ""reagent"", ""target_entity_type_label"": ""试剂"", ""confidence"": 0.7, ""retrieval_score"": 4.5}, {""relation_id"": 1967, ""relation_type"": ""uses_reagent"", ""relation_label"": ""使用试剂"", ""source_entity_id"": 1446, ""source_label"": ""qPCR 定量验证实验"", ""source_entity_type"": ""note"", ""source_entity_type_label"": ""实验笔记"", ""target_entity_id"": 1447, ""target_label"": ""SYBR Green Master Mix"", ""target_entity_type"": ""reagent"", ""target_entity_type_label"": ""试剂"", ""confidence"": 0.7, ""retrieval_score"": 4.5}]",,,,,
B18,Western Blot 蛋白表达验证使用了哪些仪器？,根据提供的资料，无法确认Western Blot蛋白表达验证所使用的具体仪器。资料[S1]仅描述了Western Blot的标准流程步骤（如蛋白提取、电泳、转膜、封闭、一抗孵育等），但未提及任何仪器型号或名称。因此，无法回答该问题。,"[{""chunk_id"": 5, ""file_id"": 35, ""filename"": ""western_blot_protocol.txt"", ""dify_document_id"": null, ""snippet"": ""Western Blot 标准流程：1. 蛋白提取与定量；2. SDS-PAGE 电泳；3. 转膜条件 100V 60min；4. 封闭 5% BSA；5. 一抗 4℃ 过夜。"", ""vector_score"": 0.596095, ""lexical_score"": 0.666667, ""retrieval_score"": 0.610209}, {""chunk_id"": 2, ""file_id"": 7, ""filename"": ""cell_assay_reference_demo.txt"", ""dify_document_id"": null, ""snippet"": ""CCK-8 检测步骤、读数要求和细胞活力统计说明。"", ""vector_score"": 0.51659, ""lexical_score"": 0.0, ""retrieval_score"": 0.413272}, {""chunk_id"": 3, ""file_id"": 33, ""filename"": ""qPCR_protocol.txt"", ""dify_document_id"": null, ""snippet"": ""SYBR Green 法 qPCR 实验流程：1. cDNA 稀释 10 倍；2. 配置 20μL 体系；3. 三步法扩增；4. 融解曲线分析。"", ""vector_score"": 0.494171, ""lexical_score"": 0.0, ""retrieval_score"": 0.395337}, {""chunk_id"": 4, ""file_id"": 34, ""filename"": ""cell_culture_standard.txt"", ""dify_document_id"": null, ""snippet"": ""细胞培养标准操作流程：1. 培养基预热；2. 细胞复苏；3. 传代比例 1:3-1:4；4. 定期支原体检测。"", ""vector_score"": 0.438256, ""lexical_score"": 0.0, ""retrieval_score"": 0.350605}, {""chunk_id"": 6, ""file_id"": 36, ""filename"": ""plasmid_extraction_protocol.txt"", ""dify_document_id"": null, ""snippet"": ""质粒提取流程：1. 过夜培养菌液；2. 碱裂解法提取；3. 柱纯化；4. 浓度和纯度检测。"", ""vector_score"": 0.43265, ""lexical_score"": 0.0, ""retrieval_score"": 0.34612}, {""chunk_id"": 1, ""file_id"": 6, ""filename"": ""PCR_protocol_demo.txt"", ""dify_document_id"": null, ""snippet"": ""PCR 体系配置、循环条件和退火温度优化说明。"", ""vector_score"": 0.43024, ""lexical_score"": 0.0, ""retrieval_score"": 0.344192}]",[],,,,,
B19,PCR 条件优化实验使用了哪些样本？,根据提供的项目资料，无法确认PCR条件优化实验使用了哪些样本。资料[S1]仅提到PCR体系配置、循环条件和退火温度优化说明，但未提及具体样本信息。,"[{""chunk_id"": 1, ""file_id"": 6, ""filename"": ""PCR_protocol_demo.txt"", ""dify_document_id"": null, ""snippet"": ""PCR 体系配置、循环条件和退火温度优化说明。"", ""vector_score"": 0.581445, ""lexical_score"": 0.5, ""retrieval_score"": 0.565156}, {""chunk_id"": 3, ""file_id"": 33, ""filename"": ""qPCR_protocol.txt"", ""dify_document_id"": null, ""snippet"": ""SYBR Green 法 qPCR 实验流程：1. cDNA 稀释 10 倍；2. 配置 20μL 体系；3. 三步法扩增；4. 融解曲线分析。"", ""vector_score"": 0.563252, ""lexical_score"": 0.0, ""retrieval_score"": 0.450601}, {""chunk_id"": 2, ""file_id"": 7, ""filename"": ""cell_assay_reference_demo.txt"", ""dify_document_id"": null, ""snippet"": ""CCK-8 检测步骤、读数要求和细胞活力统计说明。"", ""vector_score"": 0.531, ""lexical_score"": 0.0, ""retrieval_score"": 0.4248}, {""chunk_id"": 6, ""file_id"": 36, ""filename"": ""plasmid_extraction_protocol.txt"", ""dify_document_id"": null, ""snippet"": ""质粒提取流程：1. 过夜培养菌液；2. 碱裂解法提取；3. 柱纯化；4. 浓度和纯度检测。"", ""vector_score"": 0.488523, ""lexical_score"": 0.0, ""retrieval_score"": 0.390819}, {""chunk_id"": 5, ""file_id"": 35, ""filename"": ""western_blot_protocol.txt"", ""dify_document_id"": null, ""snippet"": ""Western Blot 标准流程：1. 蛋白提取与定量；2. SDS-PAGE 电泳；3. 转膜条件 100V 60min；4. 封闭 5% BSA；5. 一抗 4℃ 过夜。"", ""vector_score"": 0.487443, ""lexical_score"": 0.0, ""retrieval_score"": 0.389955}, {""chunk_id"": 4, ""file_id"": 34, ""filename"": ""cell_culture_standard.txt"", ""dify_document_id"": null, ""snippet"": ""细胞培养标准操作流程：1. 培养基预热；2. 细胞复苏；3. 传代比例 1:3-1:4；4. 定期支原体检测。"", ""vector_score"": 0.456855, ""lexical_score"": 0.0, ""retrieval_score"": 0.365484}]",[],,,,,
B20,细胞活力检测实验中读数和统计应关注什么？,"根据提供的项目资料，细胞活力检测实验中读数和统计应关注以下内容：

- **读数要求**：需按照CCK-8检测步骤中的具体规定进行读数 [S1]。
- **统计说明**：需依据CCK-8检测步骤中的细胞活力统计说明进行数据处理 [S1]。

由于资料中未提供CCK-8检测步骤、读数要求和细胞活力统计说明的具体细节，无法进一步补充其他信息。","[{""chunk_id"": 2, ""file_id"": 7, ""filename"": ""cell_assay_reference_demo.txt"", ""dify_document_id"": null, ""snippet"": ""CCK-8 检测步骤、读数要求和细胞活力统计说明。"", ""vector_score"": 0.698132, ""lexical_score"": 0.0, ""retrieval_score"": 0.558506}, {""chunk_id"": 7, ""file_id"": 37, ""filename"": ""flow_cytometry_protocol.txt"", ""dify_document_id"": null, ""snippet"": ""流式细胞术检测流程：1. 细胞收集；2. 染色 30min；3. 上机检测；4. 数据分析。"", ""vector_score"": 0.568628, ""lexical_score"": 0.0, ""retrieval_score"": 0.454903}, {""chunk_id"": 4, ""file_id"": 34, ""filename"": ""cell_culture_standard.txt"", ""dify_document_id"": null, ""snippet"": ""细胞培养标准操作流程：1. 培养基预热；2. 细胞复苏；3. 传代比例 1:3-1:4；4. 定期支原体检测。"", ""vector_score"": 0.531266, ""lexical_score"": 0.0, ""retrieval_score"": 0.425013}, {""chunk_id"": 6, ""file_id"": 36, ""filename"": ""plasmid_extraction_protocol.txt"", ""dify_document_id"": null, ""snippet"": ""质粒提取流程：1. 过夜培养菌液；2. 碱裂解法提取；3. 柱纯化；4. 浓度和纯度检测。"", ""vector_score"": 0.455362, ""lexical_score"": 0.0, ""retrieval_score"": 0.364289}, {""chunk_id"": 3, ""file_id"": 33, ""filename"": ""qPCR_protocol.txt"", ""dify_document_id"": null, ""snippet"": ""SYBR Green 法 qPCR 实验流程：1. cDNA 稀释 10 倍；2. 配置 20μL 体系；3. 三步法扩增；4. 融解曲线分析。"", ""vector_score"": 0.439672, ""lexical_score"": 0.0, ""retrieval_score"": 0.351738}, {""chunk_id"": 5, ""file_id"": 35, ""filename"": ""western_blot_protocol.txt"", ""dify_document_id"": null, ""snippet"": ""Western Blot 标准流程：1. 蛋白提取与定量；2. SDS-PAGE 电泳；3. 转膜条件 100V 60min；4. 封闭 5% BSA；5. 一抗 4℃ 过夜。"", ""vector_score"": 0.399856, ""lexical_score"": 0.0, ""retrieval_score"": 0.319885}]",[],,,,,
B21,当前项目包含哪些已审核实验笔记？,"根据提供的资料，当前项目“论文演示项目：KG-RAG 实验流程”包含以下已审核实验笔记（依据知识图谱中的包含关系 [G1] 至 [G10]）：

- 质粒测序结果分析 [G1]
- ELISA 检测实验 [G2]
- 克隆形成实验 [G3]
- 免疫荧光染色实验 [G4]
- RNA 提取与逆转录 [G5]
- 细胞凋亡检测实验 [G6]
- SDS-PAGE 凝胶配制与电泳 [G7]
- 蛋白浓度标准曲线测定 [G8]
- 细胞转染效率优化 [G9]
- 质粒提取与酶切鉴定 [G10]

这些笔记均属于该项目，但资料中未提供关于“已审核”状态的额外信息，因此无法确认这些笔记是否已通过审核。如需了解审核状态，请提供相关上下文。","[{""chunk_id"": 2, ""file_id"": 7, ""filename"": ""cell_assay_reference_demo.txt"", ""dify_document_id"": null, ""snippet"": ""CCK-8 检测步骤、读数要求和细胞活力统计说明。"", ""vector_score"": 0.505178, ""lexical_score"": 0.0, ""retrieval_score"": 0.404143}, {""chunk_id"": 6, ""file_id"": 36, ""filename"": ""plasmid_extraction_protocol.txt"", ""dify_document_id"": null, ""snippet"": ""质粒提取流程：1. 过夜培养菌液；2. 碱裂解法提取；3. 柱纯化；4. 浓度和纯度检测。"", ""vector_score"": 0.473282, ""lexical_score"": 0.0, ""retrieval_score"": 0.378626}, {""chunk_id"": 4, ""file_id"": 34, ""filename"": ""cell_culture_standard.txt"", ""dify_document_id"": null, ""snippet"": ""细胞培养标准操作流程：1. 培养基预热；2. 细胞复苏；3. 传代比例 1:3-1:4；4. 定期支原体检测。"", ""vector_score"": 0.445494, ""lexical_score"": 0.0, ""retrieval_score"": 0.356396}, {""chunk_id"": 5, ""file_id"": 35, ""filename"": ""western_blot_protocol.txt"", ""dify_document_id"": null, ""snippet"": ""Western Blot 标准流程：1. 蛋白提取与定量；2. SDS-PAGE 电泳；3. 转膜条件 100V 60min；4. 封闭 5% BSA；5. 一抗 4℃ 过夜。"", ""vector_score"": 0.441999, ""lexical_score"": 0.0, ""retrieval_score"": 0.353599}, {""chunk_id"": 7, ""file_id"": 37, ""filename"": ""flow_cytometry_protocol.txt"", ""dify_document_id"": null, ""snippet"": ""流式细胞术检测流程：1. 细胞收集；2. 染色 30min；3. 上机检测；4. 数据分析。"", ""vector_score"": 0.429744, ""lexical_score"": 0.0, ""retrieval_score"": 0.343795}, {""chunk_id"": 1, ""file_id"": 6, ""filename"": ""PCR_protocol_demo.txt"", ""dify_document_id"": null, ""snippet"": ""PCR 体系配置、循环条件和退火温度优化说明。"", ""vector_score"": 0.415081, ""lexical_score"": 0.0, ""retrieval_score"": 0.332065}]","[{""relation_id"": 2151, ""relation_type"": ""has_note"", ""relation_label"": ""包含笔记"", ""source_entity_id"": 1409, ""source_label"": ""论文演示项目：KG-RAG 实验流程"", ""source_entity_type"": ""project"", ""source_entity_type_label"": ""项目"", ""target_entity_id"": 1576, ""target_label"": ""质粒测序结果分析"", ""target_entity_type"": ""note"", ""target_entity_type_label"": ""实验笔记"", ""confidence"": 1.0, ""retrieval_score"": 3.0}, {""relation_id"": 2133, ""relation_type"": ""has_note"", ""relation_label"": ""包含笔记"", ""source_entity_id"": 1409, ""source_label"": ""论文演示项目：KG-RAG 实验流程"", ""source_entity_type"": ""project"", ""source_entity_type_label"": ""项目"", ""target_entity_id"": 1563, ""target_label"": ""ELISA 检测实验"", ""target_entity_type"": ""note"", ""target_entity_type_label"": ""实验笔记"", ""confidence"": 1.0, ""retrieval_score"": 3.0}, {""relation_id"": 2116, ""relation_type"": ""has_note"", ""relation_label"": ""包含笔记"", ""source_entity_id"": 1409, ""source_label"": ""论文演示项目：KG-RAG 实验流程"", ""source_entity_type"": ""project"", ""source_entity_type_label"": ""项目"", ""target_entity_id"": 1556, ""target_label"": ""克隆形成实验"", ""target_entity_type"": ""note"", ""target_entity_type_label"": ""实验笔记"", ""confidence"": 1.0, ""retrieval_score"": 3.0}, {""relation_id"": 2099, ""relation_type"": ""has_note"", ""relation_label"": ""包含笔记"", ""source_entity_id"": 1409, ""source_label"": ""论文演示项目：KG-RAG 实验流程"", ""source_entity_type"": ""project"", ""source_entity_type_label"": ""项目"", ""target_entity_id"": 1545, ""target_label"": ""免疫荧光染色实验"", ""target_entity_type"": ""note"", ""target_entity_type_label"": ""实验笔记"", ""confidence"": 1.0, ""retrieval_score"": 3.0}, {""relation_id"": 2080, ""relation_type"": ""has_note"", ""relation_label"": ""包含笔记"", ""source_entity_id"": 1409, ""source_label"": ""论文演示项目：KG-RAG 实验流程"", ""source_entity_type"": ""project"", ""source_entity_type_label"": ""项目"", ""target_entity_id"": 1533, ""target_label"": ""RNA 提取与逆转录"", ""target_entity_type"": ""note"", ""target_entity_type_label"": ""实验笔记"", ""confidence"": 1.0, ""retrieval_score"": 3.0}, {""relation_id"": 2066, ""relation_type"": ""has_note"", ""relation_label"": ""包含笔记"", ""source_entity_id"": 1409, ""source_label"": ""论文演示项目：KG-RAG 实验流程"", ""source_entity_type"": ""project"", ""source_entity_type_label"": ""项目"", ""target_entity_id"": 1524, ""target_label"": ""细胞凋亡检测实验"", ""target_entity_type"": ""note"", ""target_entity_type_label"": ""实验笔记"", ""confidence"": 1.0, ""retrieval_score"": 3.0}, {""relation_id"": 2048, ""relation_type"": ""has_note"", ""relation_label"": ""包含笔记"", ""source_entity_id"": 1409, ""source_label"": ""论文演示项目：KG-RAG 实验流程"", ""source_entity_type"": ""project"", ""source_entity_type_label"": ""项目"", ""target_entity_id"": 1510, ""target_label"": ""SDS-PAGE 凝胶配制与电泳"", ""target_entity_type"": ""note"", ""target_entity_type_label"": ""实验笔记"", ""confidence"": 1.0, ""retrieval_score"": 3.0}, {""relation_id"": 2033, ""relation_type"": ""has_note"", ""relation_label"": ""包含笔记"", ""source_entity_id"": 1409, ""source_label"": ""论文演示项目：KG-RAG 实验流程"", ""source_entity_type"": ""project"", ""source_entity_type_label"": ""项目"", ""target_entity_id"": 1499, ""target_label"": ""蛋白浓度标准曲线测定"", ""target_entity_type"": ""note"", ""target_entity_type_label"": ""实验笔记"", ""confidence"": 1.0, ""retrieval_score"": 3.0}, {""relation_id"": 2018, ""relation_type"": ""has_note"", ""relation_label"": ""包含笔记"", ""source_entity_id"": 1409, ""source_label"": ""论文演示项目：KG-RAG 实验流程"", ""source_entity_type"": ""project"", ""source_entity_type_label"": ""项目"", ""target_entity_id"": 1491, ""target_label"": ""细胞转染效率优化"", ""target_entity_type"": ""note"", ""target_entity_type_label"": ""实验笔记"", ""confidence"": 1.0, ""retrieval_score"": 3.0}, {""relation_id"": 1997, ""relation_type"": ""has_note"", ""relation_label"": ""包含笔记"", ""source_entity_id"": 1409, ""source_label"": ""论文演示项目：KG-RAG 实验流程"", ""source_entity_type"": ""project"", ""source_entity_type_label"": ""项目"", ""target_entity_id"": 1473, ""target_label"": ""质粒提取与酶切鉴定"", ""target_entity_type"": ""note"", ""target_entity_type_label"": ""实验笔记"", ""confidence"": 1.0, ""retrieval_score"": 3.0}]",,,,,
B22,项目中涉及的主要试剂可以按实验类型如何归纳？,"根据提供的项目资料，可以按实验类型归纳以下主要试剂信息：

1. **qPCR实验**：涉及SYBR Green法，但资料中未明确列出具体试剂名称，仅提及“SYBR Green”作为荧光染料 [S1]。

2. **细胞活力检测**：涉及CCK-8试剂，用于细胞活力测定 [S2]。

3. **质粒提取**：涉及碱裂解法相关试剂（如裂解液、中和液等）和柱纯化试剂，但资料未列出具体试剂名称 [S3]。

4. **细胞培养**：涉及培养基（需预热）和支原体检测试剂，但未列出具体品牌或成分 [S4]。

5. **流式细胞术**：涉及细胞染色试剂，但未指定具体抗体或染料名称 [S5]。

6. **Western Blot**：涉及蛋白提取与定量试剂、SDS-PAGE电泳试剂、转膜缓冲液、5% BSA封闭液、一抗（需4℃过夜孵育） [S6]。

**注意**：除CCK-8和SYBR Green外，其他试剂的具体名称、品牌或浓度在提供的资料中未明确说明，因此无法进一步归纳。如需更详细的试剂清单，建议补充相关实验记录或试剂使用说明。","[{""chunk_id"": 3, ""file_id"": 33, ""filename"": ""qPCR_protocol.txt"", ""dify_document_id"": null, ""snippet"": ""SYBR Green 法 qPCR 实验流程：1. cDNA 稀释 10 倍；2. 配置 20μL 体系；3. 三步法扩增；4. 融解曲线分析。"", ""vector_score"": 0.495375, ""lexical_score"": 0.0, ""retrieval_score"": 0.3963}, {""chunk_id"": 2, ""file_id"": 7, ""filename"": ""cell_assay_reference_demo.txt"", ""dify_document_id"": null, ""snippet"": ""CCK-8 检测步骤、读数要求和细胞活力统计说明。"", ""vector_score"": 0.490196, ""lexical_score"": 0.0, ""retrieval_score"": 0.392157}, {""chunk_id"": 6, ""file_id"": 36, ""filename"": ""plasmid_extraction_protocol.txt"", ""dify_document_id"": null, ""snippet"": ""质粒提取流程：1. 过夜培养菌液；2. 碱裂解法提取；3. 柱纯化；4. 浓度和纯度检测。"", ""vector_score"": 0.481867, ""lexical_score"": 0.0, ""retrieval_score"": 0.385494}, {""chunk_id"": 4, ""file_id"": 34, ""filename"": ""cell_culture_standard.txt"", ""dify_document_id"": null, ""snippet"": ""细胞培养标准操作流程：1. 培养基预热；2. 细胞复苏；3. 传代比例 1:3-1:4；4. 定期支原体检测。"", ""vector_score"": 0.463587, ""lexical_score"": 0.0, ""retrieval_score"": 0.370869}, {""chunk_id"": 7, ""file_id"": 37, ""filename"": ""flow_cytometry_protocol.txt"", ""dify_document_id"": null, ""snippet"": ""流式细胞术检测流程：1. 细胞收集；2. 染色 30min；3. 上机检测；4. 数据分析。"", ""vector_score"": 0.455994, ""lexical_score"": 0.0, ""retrieval_score"": 0.364796}, {""chunk_id"": 5, ""file_id"": 35, ""filename"": ""western_blot_protocol.txt"", ""dify_document_id"": null, ""snippet"": ""Western Blot 标准流程：1. 蛋白提取与定量；2. SDS-PAGE 电泳；3. 转膜条件 100V 60min；4. 封闭 5% BSA；5. 一抗 4℃ 过夜。"", ""vector_score"": 0.429991, ""lexical_score"": 0.0, ""retrieval_score"": 0.343993}]",[],,,,,
B23,处理组目标蛋白表达降低这一结果来自哪条实验笔记？,根据提供的项目资料，无法确认“处理组目标蛋白表达降低”这一结果来自哪条实验笔记。资料中仅包含实验流程（如Western Blot标准流程[S1]），但未记录具体的实验结果或数据。因此，无法回答该问题。,"[{""chunk_id"": 5, ""file_id"": 35, ""filename"": ""western_blot_protocol.txt"", ""dify_document_id"": null, ""snippet"": ""Western Blot 标准流程：1. 蛋白提取与定量；2. SDS-PAGE 电泳；3. 转膜条件 100V 60min；4. 封闭 5% BSA；5. 一抗 4℃ 过夜。"", ""vector_score"": 0.542498, ""lexical_score"": 0.0, ""retrieval_score"": 0.433998}, {""chunk_id"": 2, ""file_id"": 7, ""filename"": ""cell_assay_reference_demo.txt"", ""dify_document_id"": null, ""snippet"": ""CCK-8 检测步骤、读数要求和细胞活力统计说明。"", ""vector_score"": 0.500246, ""lexical_score"": 0.0, ""retrieval_score"": 0.400197}, {""chunk_id"": 4, ""file_id"": 34, ""filename"": ""cell_culture_standard.txt"", ""dify_document_id"": null, ""snippet"": ""细胞培养标准操作流程：1. 培养基预热；2. 细胞复苏；3. 传代比例 1:3-1:4；4. 定期支原体检测。"", ""vector_score"": 0.492979, ""lexical_score"": 0.0, ""retrieval_score"": 0.394383}, {""chunk_id"": 3, ""file_id"": 33, ""filename"": ""qPCR_protocol.txt"", ""dify_document_id"": null, ""snippet"": ""SYBR Green 法 qPCR 实验流程：1. cDNA 稀释 10 倍；2. 配置 20μL 体系；3. 三步法扩增；4. 融解曲线分析。"", ""vector_score"": 0.453529, ""lexical_score"": 0.0, ""retrieval_score"": 0.362823}, {""chunk_id"": 6, ""file_id"": 36, ""filename"": ""plasmid_extraction_protocol.txt"", ""dify_document_id"": null, ""snippet"": ""质粒提取流程：1. 过夜培养菌液；2. 碱裂解法提取；3. 柱纯化；4. 浓度和纯度检测。"", ""vector_score"": 0.449719, ""lexical_score"": 0.0, ""retrieval_score"": 0.359776}, {""chunk_id"": 1, ""file_id"": 6, ""filename"": ""PCR_protocol_demo.txt"", ""dify_document_id"": null, ""snippet"": ""PCR 体系配置、循环条件和退火温度优化说明。"", ""vector_score"": 0.387223, ""lexical_score"": 0.0, ""retrieval_score"": 0.309779}]",[],,,,,
B24,2026 年 6 月 3 日至 6 月 5 日项目完成了哪些实验？,根据提供的项目资料，无法确认2026年6月3日至6月5日期间项目完成了哪些实验。资料中仅包含实验流程描述（如qPCR、Western Blot、CCK-8检测等），但未提供任何具体实验日期或时间记录 [S1][S2][S3][S4][S5][S6]。,"[{""chunk_id"": 3, ""file_id"": 33, ""filename"": ""qPCR_protocol.txt"", ""dify_document_id"": null, ""snippet"": ""SYBR Green 法 qPCR 实验流程：1. cDNA 稀释 10 倍；2. 配置 20μL 体系；3. 三步法扩增；4. 融解曲线分析。"", ""vector_score"": 0.453706, ""lexical_score"": 0.0, ""retrieval_score"": 0.362965}, {""chunk_id"": 5, ""file_id"": 35, ""filename"": ""western_blot_protocol.txt"", ""dify_document_id"": null, ""snippet"": ""Western Blot 标准流程：1. 蛋白提取与定量；2. SDS-PAGE 电泳；3. 转膜条件 100V 60min；4. 封闭 5% BSA；5. 一抗 4℃ 过夜。"", ""vector_score"": 0.43356, ""lexical_score"": 0.0, ""retrieval_score"": 0.346848}, {""chunk_id"": 2, ""file_id"": 7, ""filename"": ""cell_assay_reference_demo.txt"", ""dify_document_id"": null, ""snippet"": ""CCK-8 检测步骤、读数要求和细胞活力统计说明。"", ""vector_score"": 0.428381, ""lexical_score"": 0.0, ""retrieval_score"": 0.342705}, {""chunk_id"": 4, ""file_id"": 34, ""filename"": ""cell_culture_standard.txt"", ""dify_document_id"": null, ""snippet"": ""细胞培养标准操作流程：1. 培养基预热；2. 细胞复苏；3. 传代比例 1:3-1:4；4. 定期支原体检测。"", ""vector_score"": 0.410119, ""lexical_score"": 0.0, ""retrieval_score"": 0.328095}, {""chunk_id"": 6, ""file_id"": 36, ""filename"": ""plasmid_extraction_protocol.txt"", ""dify_document_id"": null, ""snippet"": ""质粒提取流程：1. 过夜培养菌液；2. 碱裂解法提取；3. 柱纯化；4. 浓度和纯度检测。"", ""vector_score"": 0.409895, ""lexical_score"": 0.0, ""retrieval_score"": 0.327916}, {""chunk_id"": 7, ""file_id"": 37, ""filename"": ""flow_cytometry_protocol.txt"", ""dify_document_id"": null, ""snippet"": ""流式细胞术检测流程：1. 细胞收集；2. 染色 30min；3. 上机检测；4. 数据分析。"", ""vector_score"": 0.386409, ""lexical_score"": 0.0, ""retrieval_score"": 0.309127}]",[],,,,,
B25,Western Blot 蛋白表达验证使用了哪些试剂？,根据提供的项目资料，无法确认Western Blot蛋白表达验证中使用的具体试剂。资料[S1]仅描述了Western Blot的标准流程步骤（如封闭使用5% BSA、一抗4℃过夜孵育等），但未列出所有试剂的名称或品牌。因此，无法回答此问题。,"[{""chunk_id"": 5, ""file_id"": 35, ""filename"": ""western_blot_protocol.txt"", ""dify_document_id"": null, ""snippet"": ""Western Blot 标准流程：1. 蛋白提取与定量；2. SDS-PAGE 电泳；3. 转膜条件 100V 60min；4. 封闭 5% BSA；5. 一抗 4℃ 过夜。"", ""vector_score"": 0.599229, ""lexical_score"": 0.666667, ""retrieval_score"": 0.612716}, {""chunk_id"": 2, ""file_id"": 7, ""filename"": ""cell_assay_reference_demo.txt"", ""dify_document_id"": null, ""snippet"": ""CCK-8 检测步骤、读数要求和细胞活力统计说明。"", ""vector_score"": 0.527278, ""lexical_score"": 0.0, ""retrieval_score"": 0.421822}, {""chunk_id"": 3, ""file_id"": 33, ""filename"": ""qPCR_protocol.txt"", ""dify_document_id"": null, ""snippet"": ""SYBR Green 法 qPCR 实验流程：1. cDNA 稀释 10 倍；2. 配置 20μL 体系；3. 三步法扩增；4. 融解曲线分析。"", ""vector_score"": 0.517179, ""lexical_score"": 0.0, ""retrieval_score"": 0.413743}, {""chunk_id"": 6, ""file_id"": 36, ""filename"": ""plasmid_extraction_protocol.txt"", ""dify_document_id"": null, ""snippet"": ""质粒提取流程：1. 过夜培养菌液；2. 碱裂解法提取；3. 柱纯化；4. 浓度和纯度检测。"", ""vector_score"": 0.455583, ""lexical_score"": 0.0, ""retrieval_score"": 0.364467}, {""chunk_id"": 4, ""file_id"": 34, ""filename"": ""cell_culture_standard.txt"", ""dify_document_id"": null, ""snippet"": ""细胞培养标准操作流程：1. 培养基预热；2. 细胞复苏；3. 传代比例 1:3-1:4；4. 定期支原体检测。"", ""vector_score"": 0.420693, ""lexical_score"": 0.0, ""retrieval_score"": 0.336555}, {""chunk_id"": 1, ""file_id"": 6, ""filename"": ""PCR_protocol_demo.txt"", ""dify_document_id"": null, ""snippet"": ""PCR 体系配置、循环条件和退火温度优化说明。"", ""vector_score"": 0.409198, ""lexical_score"": 0.0, ""retrieval_score"": 0.327358}]",[],,,,,
B26,PCR 条件优化实验使用了哪些试剂？,根据提供的资料，无法确认PCR条件优化实验具体使用了哪些试剂。[S1]仅提到PCR体系配置、循环条件和退火温度优化说明，但未列出具体试剂名称。,"[{""chunk_id"": 1, ""file_id"": 6, ""filename"": ""PCR_protocol_demo.txt"", ""dify_document_id"": null, ""snippet"": ""PCR 体系配置、循环条件和退火温度优化说明。"", ""vector_score"": 0.543323, ""lexical_score"": 0.5, ""retrieval_score"": 0.534658}, {""chunk_id"": 3, ""file_id"": 33, ""filename"": ""qPCR_protocol.txt"", ""dify_document_id"": null, ""snippet"": ""SYBR Green 法 qPCR 实验流程：1. cDNA 稀释 10 倍；2. 配置 20μL 体系；3. 三步法扩增；4. 融解曲线分析。"", ""vector_score"": 0.555998, ""lexical_score"": 0.0, ""retrieval_score"": 0.444798}, {""chunk_id"": 2, ""file_id"": 7, ""filename"": ""cell_assay_reference_demo.txt"", ""dify_document_id"": null, ""snippet"": ""CCK-8 检测步骤、读数要求和细胞活力统计说明。"", ""vector_score"": 0.530238, ""lexical_score"": 0.0, ""retrieval_score"": 0.424191}, {""chunk_id"": 6, ""file_id"": 36, ""filename"": ""plasmid_extraction_protocol.txt"", ""dify_document_id"": null, ""snippet"": ""质粒提取流程：1. 过夜培养菌液；2. 碱裂解法提取；3. 柱纯化；4. 浓度和纯度检测。"", ""vector_score"": 0.485415, ""lexical_score"": 0.0, ""retrieval_score"": 0.388332}, {""chunk_id"": 5, ""file_id"": 35, ""filename"": ""western_blot_protocol.txt"", ""dify_document_id"": null, ""snippet"": ""Western Blot 标准流程：1. 蛋白提取与定量；2. SDS-PAGE 电泳；3. 转膜条件 100V 60min；4. 封闭 5% BSA；5. 一抗 4℃ 过夜。"", ""vector_score"": 0.475344, ""lexical_score"": 0.0, ""retrieval_score"": 0.380276}, {""chunk_id"": 7, ""file_id"": 37, ""filename"": ""flow_cytometry_protocol.txt"", ""dify_document_id"": null, ""snippet"": ""流式细胞术检测流程：1. 细胞收集；2. 染色 30min；3. 上机检测；4. 数据分析。"", ""vector_score"": 0.414107, ""lexical_score"": 0.0, ""retrieval_score"": 0.331286}]",[],,,,,
B27,Western Blot 蛋白表达验证使用了哪些仪器？,根据提供的资料，Western Blot 蛋白表达验证使用了以下仪器：凝胶成像系统 [G1]、转膜仪 [G2] 和电泳仪 [G3]。,"[{""chunk_id"": 5, ""file_id"": 35, ""filename"": ""western_blot_protocol.txt"", ""dify_document_id"": null, ""snippet"": ""Western Blot 标准流程：1. 蛋白提取与定量；2. SDS-PAGE 电泳；3. 转膜条件 100V 60min；4. 封闭 5% BSA；5. 一抗 4℃ 过夜。"", ""vector_score"": 0.596095, ""lexical_score"": 0.666667, ""retrieval_score"": 0.610209}, {""chunk_id"": 2, ""file_id"": 7, ""filename"": ""cell_assay_reference_demo.txt"", ""dify_document_id"": null, ""snippet"": ""CCK-8 检测步骤、读数要求和细胞活力统计说明。"", ""vector_score"": 0.51659, ""lexical_score"": 0.0, ""retrieval_score"": 0.413272}, {""chunk_id"": 3, ""file_id"": 33, ""filename"": ""qPCR_protocol.txt"", ""dify_document_id"": null, ""snippet"": ""SYBR Green 法 qPCR 实验流程：1. cDNA 稀释 10 倍；2. 配置 20μL 体系；3. 三步法扩增；4. 融解曲线分析。"", ""vector_score"": 0.494171, ""lexical_score"": 0.0, ""retrieval_score"": 0.395337}, {""chunk_id"": 4, ""file_id"": 34, ""filename"": ""cell_culture_standard.txt"", ""dify_document_id"": null, ""snippet"": ""细胞培养标准操作流程：1. 培养基预热；2. 细胞复苏；3. 传代比例 1:3-1:4；4. 定期支原体检测。"", ""vector_score"": 0.438256, ""lexical_score"": 0.0, ""retrieval_score"": 0.350605}, {""chunk_id"": 6, ""file_id"": 36, ""filename"": ""plasmid_extraction_protocol.txt"", ""dify_document_id"": null, ""snippet"": ""质粒提取流程：1. 过夜培养菌液；2. 碱裂解法提取；3. 柱纯化；4. 浓度和纯度检测。"", ""vector_score"": 0.43265, ""lexical_score"": 0.0, ""retrieval_score"": 0.34612}, {""chunk_id"": 1, ""file_id"": 6, ""filename"": ""PCR_protocol_demo.txt"", ""dify_document_id"": null, ""snippet"": ""PCR 体系配置、循环条件和退火温度优化说明。"", ""vector_score"": 0.43024, ""lexical_score"": 0.0, ""retrieval_score"": 0.344192}]","[{""relation_id"": 1959, ""relation_type"": ""uses_instrument"", ""relation_label"": ""使用仪器"", ""source_entity_id"": 1433, ""source_label"": ""Western Blot 蛋白表达验证"", ""source_entity_type"": ""note"", ""source_entity_type_label"": ""实验笔记"", ""target_entity_id"": 1441, ""target_label"": ""凝胶成像系统"", ""target_entity_type"": ""instrument"", ""target_entity_type_label"": ""仪器"", ""confidence"": 0.7, ""retrieval_score"": 6.5}, {""relation_id"": 1958, ""relation_type"": ""uses_instrument"", ""relation_label"": ""使用仪器"", ""source_entity_id"": 1433, ""source_label"": ""Western Blot 蛋白表达验证"", ""source_entity_type"": ""note"", ""source_entity_type_label"": ""实验笔记"", ""target_entity_id"": 1440, ""target_label"": ""转膜仪"", ""target_entity_type"": ""instrument"", ""target_entity_type_label"": ""仪器"", ""confidence"": 0.7, ""retrieval_score"": 6.5}, {""relation_id"": 1957, ""relation_type"": ""uses_instrument"", ""relation_label"": ""使用仪器"", ""source_entity_id"": 1433, ""source_label"": ""Western Blot 蛋白表达验证"", ""source_entity_type"": ""note"", ""source_entity_type_label"": ""实验笔记"", ""target_entity_id"": 1439, ""target_label"": ""电泳仪"", ""target_entity_type"": ""instrument"", ""target_entity_type_label"": ""仪器"", ""confidence"": 0.7, ""retrieval_score"": 6.5}, {""relation_id"": 1952, ""relation_type"": ""has_experiment_type"", ""relation_label"": ""实验类型"", ""source_entity_id"": 1433, ""source_label"": ""Western Blot 蛋白表达验证"", ""source_entity_type"": ""note"", ""source_entity_type_label"": ""实验笔记"", ""target_entity_id"": 1434, ""target_label"": ""Western Blot"", ""target_entity_type"": ""experiment_type"", ""target_entity_type_label"": ""实验类型"", ""confidence"": 1.0, ""retrieval_score"": 6.2}, {""relation_id"": 2158, ""relation_type"": ""uses_instrument"", ""relation_label"": ""使用仪器"", ""source_entity_id"": 1576, ""source_label"": ""质粒测序结果分析"", ""source_entity_type"": ""note"", ""source_entity_type_label"": ""实验笔记"", ""target_entity_id"": 1581, ""target_label"": ""序列分析软件"", ""target_entity_type"": ""instrument"", ""target_entity_type_label"": ""仪器"", ""confidence"": 0.7, ""retrieval_score"": 3.5}, {""relation_id"": 2157, ""relation_type"": ""uses_instrument"", ""relation_label"": ""使用仪器"", ""source_entity_id"": 1576, ""source_label"": ""质粒测序结果分析"", ""source_entity_type"": ""note"", ""source_entity_type_label"": ""实验笔记"", ""target_entity_id"": 1580, ""target_label"": ""测序仪"", ""target_entity_type"": ""instrument"", ""target_entity_type_label"": ""仪器"", ""confidence"": 0.7, ""retrieval_score"": 3.5}, {""relation_id"": 2144, ""relation_type"": ""uses_instrument"", ""relation_label"": ""使用仪器"", ""source_entity_id"": 1563, ""source_label"": ""ELISA 检测实验"", ""source_entity_type"": ""note"", ""source_entity_type_label"": ""实验笔记"", ""target_entity_id"": 1505, ""target_label"": ""孵育箱"", ""target_entity_type"": ""instrument"", ""target_entity_type_label"": ""仪器"", ""confidence"": 0.7, ""retrieval_score"": 3.5}, {""relation_id"": 2143, ""relation_type"": ""uses_instrument"", ""relation_label"": ""使用仪器"", ""source_entity_id"": 1563, ""source_label"": ""ELISA 检测实验"", ""source_entity_type"": ""note"", ""source_entity_type_label"": ""实验笔记"", ""target_entity_id"": 1569, ""target_label"": ""洗板机"", ""target_entity_type"": ""instrument"", ""target_entity_type_label"": ""仪器"", ""confidence"": 0.7, ""retrieval_score"": 3.5}, {""relation_id"": 2142, ""relation_type"": ""uses_instrument"", ""relation_label"": ""使用仪器"", ""source_entity_id"": 1563, ""source_label"": ""ELISA 检测实验"", ""source_entity_type"": ""note"", ""source_entity_type_label"": ""实验笔记"", ""target_entity_id"": 1504, ""target_label"": ""恒温孵育箱"", ""target_entity_type"": ""instrument"", ""target_entity_type_label"": ""仪器"", ""confidence"": 0.7, ""retrieval_score"": 3.5}, {""relation_id"": 2141, ""relation_type"": ""uses_instrument"", ""relation_label"": ""使用仪器"", ""source_entity_id"": 1563, ""source_label"": ""ELISA 检测实验"", ""source_entity_type"": ""note"", ""source_entity_type_label"": ""实验笔记"", ""target_entity_id"": 1427, ""target_label"": ""酶标仪"", ""target_entity_type"": ""instrument"", ""target_entity_type_label"": ""仪器"", ""confidence"": 0.7, ""retrieval_score"": 3.5}]",,,,,
B28,根据当前实验记录，项目下一步可以重点复核哪些结果？,根据当前提供的项目资料，无法确认项目下一步应重点复核哪些结果。资料中仅包含各实验的标准操作流程（如CCK-8检测[S1]、细胞培养[S2]、质粒提取[S3]、qPCR[S4]、流式细胞术[S5]、Western Blot[S6]），但未提供任何具体的实验数据、结果或项目进展信息。因此，无法基于现有上下文判断哪些结果需要复核。建议补充具体的实验记录或结果数据以便进一步分析。,"[{""chunk_id"": 2, ""file_id"": 7, ""filename"": ""cell_assay_reference_demo.txt"", ""dify_document_id"": null, ""snippet"": ""CCK-8 检测步骤、读数要求和细胞活力统计说明。"", ""vector_score"": 0.522983, ""lexical_score"": 0.0, ""retrieval_score"": 0.418387}, {""chunk_id"": 4, ""file_id"": 34, ""filename"": ""cell_culture_standard.txt"", ""dify_document_id"": null, ""snippet"": ""细胞培养标准操作流程：1. 培养基预热；2. 细胞复苏；3. 传代比例 1:3-1:4；4. 定期支原体检测。"", ""vector_score"": 0.515168, ""lexical_score"": 0.0, ""retrieval_score"": 0.412134}, {""chunk_id"": 6, ""file_id"": 36, ""filename"": ""plasmid_extraction_protocol.txt"", ""dify_document_id"": null, ""snippet"": ""质粒提取流程：1. 过夜培养菌液；2. 碱裂解法提取；3. 柱纯化；4. 浓度和纯度检测。"", ""vector_score"": 0.514343, ""lexical_score"": 0.0, ""retrieval_score"": 0.411474}, {""chunk_id"": 3, ""file_id"": 33, ""filename"": ""qPCR_protocol.txt"", ""dify_document_id"": null, ""snippet"": ""SYBR Green 法 qPCR 实验流程：1. cDNA 稀释 10 倍；2. 配置 20μL 体系；3. 三步法扩增；4. 融解曲线分析。"", ""vector_score"": 0.48271, ""lexical_score"": 0.0, ""retrieval_score"": 0.386168}, {""chunk_id"": 7, ""file_id"": 37, ""filename"": ""flow_cytometry_protocol.txt"", ""dify_document_id"": null, ""snippet"": ""流式细胞术检测流程：1. 细胞收集；2. 染色 30min；3. 上机检测；4. 数据分析。"", ""vector_score"": 0.48191, ""lexical_score"": 0.0, ""retrieval_score"": 0.385528}, {""chunk_id"": 5, ""file_id"": 35, ""filename"": ""western_blot_protocol.txt"", ""dify_document_id"": null, ""snippet"": ""Western Blot 标准流程：1. 蛋白提取与定量；2. SDS-PAGE 电泳；3. 转膜条件 100V 60min；4. 封闭 5% BSA；5. 一抗 4℃ 过夜。"", ""vector_score"": 0.471093, ""lexical_score"": 0.0, ""retrieval_score"": 0.376874}]",[],,,,,
B29,PCR 体系配置和循环条件主要来自哪份资料？,根据提供的项目资料，PCR 体系配置和循环条件主要来自 [S1] 文件=PCR_protocol_demo.txt，该资料明确说明包含“PCR 体系配置、循环条件和退火温度优化说明”。,"[{""chunk_id"": 1, ""file_id"": 6, ""filename"": ""PCR_protocol_demo.txt"", ""dify_document_id"": null, ""snippet"": ""PCR 体系配置、循环条件和退火温度优化说明。"", ""vector_score"": 0.703724, ""lexical_score"": 0.5, ""retrieval_score"": 0.662979}, {""chunk_id"": 2, ""file_id"": 7, ""filename"": ""cell_assay_reference_demo.txt"", ""dify_document_id"": null, ""snippet"": ""CCK-8 检测步骤、读数要求和细胞活力统计说明。"", ""vector_score"": 0.551513, ""lexical_score"": 0.0, ""retrieval_score"": 0.44121}, {""chunk_id"": 3, ""file_id"": 33, ""filename"": ""qPCR_protocol.txt"", ""dify_document_id"": null, ""snippet"": ""SYBR Green 法 qPCR 实验流程：1. cDNA 稀释 10 倍；2. 配置 20μL 体系；3. 三步法扩增；4. 融解曲线分析。"", ""vector_score"": 0.534212, ""lexical_score"": 0.0, ""retrieval_score"": 0.427369}, {""chunk_id"": 5, ""file_id"": 35, ""filename"": ""western_blot_protocol.txt"", ""dify_document_id"": null, ""snippet"": ""Western Blot 标准流程：1. 蛋白提取与定量；2. SDS-PAGE 电泳；3. 转膜条件 100V 60min；4. 封闭 5% BSA；5. 一抗 4℃ 过夜。"", ""vector_score"": 0.524219, ""lexical_score"": 0.0, ""retrieval_score"": 0.419375}, {""chunk_id"": 4, ""file_id"": 34, ""filename"": ""cell_culture_standard.txt"", ""dify_document_id"": null, ""snippet"": ""细胞培养标准操作流程：1. 培养基预热；2. 细胞复苏；3. 传代比例 1:3-1:4；4. 定期支原体检测。"", ""vector_score"": 0.503013, ""lexical_score"": 0.0, ""retrieval_score"": 0.40241}, {""chunk_id"": 7, ""file_id"": 37, ""filename"": ""flow_cytometry_protocol.txt"", ""dify_document_id"": null, ""snippet"": ""流式细胞术检测流程：1. 细胞收集；2. 染色 30min；3. 上机检测；4. 数据分析。"", ""vector_score"": 0.45334, ""lexical_score"": 0.0, ""retrieval_score"": 0.362672}]","[{""relation_id"": 1966, ""relation_type"": ""has_experiment_type"", ""relation_label"": ""实验类型"", ""source_entity_id"": 1446, ""source_label"": ""qPCR 定量验证实验"", ""source_entity_type"": ""note"", ""source_entity_type_label"": ""实验笔记"", ""target_entity_id"": 1412, ""target_label"": ""PCR"", ""target_entity_type"": ""experiment_type"", ""target_entity_type_label"": ""实验类型"", ""confidence"": 1.0, ""retrieval_score"": 5.2}, {""relation_id"": 1928, ""relation_type"": ""has_experiment_type"", ""relation_label"": ""实验类型"", ""source_entity_id"": 1410, ""source_label"": ""PCR 条件优化实验"", ""source_entity_type"": ""note"", ""source_entity_type_label"": ""实验笔记"", ""target_entity_id"": 1412, ""target_label"": ""PCR"", ""target_entity_type"": ""experiment_type"", ""target_entity_type_label"": ""实验类型"", ""confidence"": 1.0, ""retrieval_score"": 5.2}, {""relation_id"": 2082, ""relation_type"": ""has_experiment_type"", ""relation_label"": ""实验类型"", ""source_entity_id"": 1533, ""source_label"": ""RNA 提取与逆转录"", ""source_entity_type"": ""note"", ""source_entity_type_label"": ""实验笔记"", ""target_entity_id"": 1412, ""target_label"": ""PCR"", ""target_entity_type"": ""experiment_type"", ""target_entity_type_label"": ""实验类型"", ""confidence"": 1.0, ""retrieval_score"": 4.2}, {""relation_id"": 1971, ""relation_type"": ""uses_instrument"", ""relation_label"": ""使用仪器"", ""source_entity_id"": 1446, ""source_label"": ""qPCR 定量验证实验"", ""source_entity_type"": ""note"", ""source_entity_type_label"": ""实验笔记"", ""target_entity_id"": 1451, ""target_label"": ""荧光定量 PCR 仪"", ""target_entity_type"": ""instrument"", ""target_entity_type_label"": ""仪器"", ""confidence"": 0.7, ""retrieval_score"": 2.5}, {""relation_id"": 1933, ""relation_type"": ""uses_instrument"", ""relation_label"": ""使用仪器"", ""source_entity_id"": 1410, ""source_label"": ""PCR 条件优化实验"", ""source_entity_type"": ""note"", ""source_entity_type_label"": ""实验笔记"", ""target_entity_id"": 1417, ""target_label"": ""PCR Thermal Cycler"", ""target_entity_type"": ""instrument"", ""target_entity_type_label"": ""仪器"", ""confidence"": 0.7, ""retrieval_score"": 2.5}, {""relation_id"": 2090, ""relation_type"": ""uses_instrument"", ""relation_label"": ""使用仪器"", ""source_entity_id"": 1533, ""source_label"": ""RNA 提取与逆转录"", ""source_entity_type"": ""note"", ""source_entity_type_label"": ""实验笔记"", ""target_entity_id"": 1539, ""target_label"": ""PCR 仪"", ""target_entity_type"": ""instrument"", ""target_entity_type_label"": ""仪器"", ""confidence"": 0.7, ""retrieval_score"": 1.5}, {""relation_id"": 1978, ""relation_type"": ""produces_result"", ""relation_label"": ""产生结果"", ""source_entity_id"": 1446, ""source_label"": ""qPCR 定量验证实验"", ""source_entity_type"": ""note"", ""source_entity_type_label"": ""实验笔记"", ""target_entity_id"": 1458, ""target_label"": ""目标基因差异表达约 2.3 倍。"", ""target_entity_type"": ""result"", ""target_entity_type_label"": ""实验结果"", ""confidence"": 0.7, ""retrieval_score"": 1.5}, {""relation_id"": 1977, ""relation_type"": ""produces_result"", ""relation_label"": ""产生结果"", ""source_entity_id"": 1446, ""source_label"": ""qPCR 定量验证实验"", ""source_entity_type"": ""note"", ""source_entity_type_label"": ""实验笔记"", ""target_entity_id"": 1457, ""target_label"": ""目标基因在样本 1 中表达量约为样本 2 的 2.3 倍，融解曲线单一峰。"", ""target_entity_type"": ""result"", ""target_entity_type_label"": ""实验结果"", ""confidence"": 0.7, ""retrieval_score"": 1.5}, {""relation_id"": 1976, ""relation_type"": ""uses_sample"", ""relation_label"": ""使用样本"", ""source_entity_id"": 1446, ""source_label"": ""qPCR 定量验证实验"", ""source_entity_type"": ""note"", ""source_entity_type_label"": ""实验笔记"", ""target_entity_id"": 1456, ""target_label"": ""2"", ""target_entity_type"": ""sample"", ""target_entity_type_label"": ""样本"", ""confidence"": 0.7, ""retrieval_score"": 1.5}, {""relation_id"": 1975, ""relation_type"": ""uses_sample"", ""relation_label"": ""使用样本"", ""source_entity_id"": 1446, ""source_label"": ""qPCR 定量验证实验"", ""source_entity_type"": ""note"", ""source_entity_type_label"": ""实验笔记"", ""target_entity_id"": 1455, ""target_label"": ""阴性对照"", ""target_entity_type"": ""sample"", ""target_entity_type_label"": ""样本"", ""confidence"": 0.7, ""retrieval_score"": 1.5}]",,,,,
B30,CCK-8 检测步骤和读数要求主要来自哪份资料？,根据提供的项目资料，CCK-8 检测步骤、读数要求和细胞活力统计说明主要来自文件 `cell_assay_reference_demo.txt` [S1]。此外，实验知识图谱显示“细胞活力检测实验”使用了“CCK-8”试剂 [G1]，但该关系仅确认试剂使用，未提供具体步骤和读数要求。因此，步骤和读数要求的具体内容依据为 [S1]。,"[{""chunk_id"": 2, ""file_id"": 7, ""filename"": ""cell_assay_reference_demo.txt"", ""dify_document_id"": null, ""snippet"": ""CCK-8 检测步骤、读数要求和细胞活力统计说明。"", ""vector_score"": 0.838155, ""lexical_score"": 0.5, ""retrieval_score"": 0.770524}, {""chunk_id"": 7, ""file_id"": 37, ""filename"": ""flow_cytometry_protocol.txt"", ""dify_document_id"": null, ""snippet"": ""流式细胞术检测流程：1. 细胞收集；2. 染色 30min；3. 上机检测；4. 数据分析。"", ""vector_score"": 0.527349, ""lexical_score"": 0.0, ""retrieval_score"": 0.421879}, {""chunk_id"": 5, ""file_id"": 35, ""filename"": ""western_blot_protocol.txt"", ""dify_document_id"": null, ""snippet"": ""Western Blot 标准流程：1. 蛋白提取与定量；2. SDS-PAGE 电泳；3. 转膜条件 100V 60min；4. 封闭 5% BSA；5. 一抗 4℃ 过夜。"", ""vector_score"": 0.524781, ""lexical_score"": 0.0, ""retrieval_score"": 0.419825}, {""chunk_id"": 4, ""file_id"": 34, ""filename"": ""cell_culture_standard.txt"", ""dify_document_id"": null, ""snippet"": ""细胞培养标准操作流程：1. 培养基预热；2. 细胞复苏；3. 传代比例 1:3-1:4；4. 定期支原体检测。"", ""vector_score"": 0.51123, ""lexical_score"": 0.0, ""retrieval_score"": 0.408984}, {""chunk_id"": 6, ""file_id"": 36, ""filename"": ""plasmid_extraction_protocol.txt"", ""dify_document_id"": null, ""snippet"": ""质粒提取流程：1. 过夜培养菌液；2. 碱裂解法提取；3. 柱纯化；4. 浓度和纯度检测。"", ""vector_score"": 0.487409, ""lexical_score"": 0.0, ""retrieval_score"": 0.389927}, {""chunk_id"": 1, ""file_id"": 6, ""filename"": ""PCR_protocol_demo.txt"", ""dify_document_id"": null, ""snippet"": ""PCR 体系配置、循环条件和退火温度优化说明。"", ""vector_score"": 0.483538, ""lexical_score"": 0.0, ""retrieval_score"": 0.386831}]","[{""relation_id"": 1941, ""relation_type"": ""uses_reagent"", ""relation_label"": ""使用试剂"", ""source_entity_id"": 1422, ""source_label"": ""细胞活力检测实验"", ""source_entity_type"": ""note"", ""source_entity_type_label"": ""实验笔记"", ""target_entity_id"": 1424, ""target_label"": ""CCK-8"", ""target_entity_type"": ""reagent"", ""target_entity_type_label"": ""试剂"", ""confidence"": 0.7, ""retrieval_score"": 4.5}]",,,,,
B31,退火温度 58℃ 条带最清晰这一结果来自哪条实验笔记？,根据提供的资料，退火温度 58℃ 时扩增条带最清晰这一结果来自 [G1] 和 [G2] 中提到的“PCR 条件优化实验”实验笔记。具体依据为：[G1] 和 [G2] 均记录了该实验笔记产生了“退火温度 58℃ 时扩增条带最清晰，非特异性条带减少”或“58℃ 条件下条带清晰”的实验结果。,"[{""chunk_id"": 1, ""file_id"": 6, ""filename"": ""PCR_protocol_demo.txt"", ""dify_document_id"": null, ""snippet"": ""PCR 体系配置、循环条件和退火温度优化说明。"", ""vector_score"": 0.598417, ""lexical_score"": 0.0, ""retrieval_score"": 0.478734}, {""chunk_id"": 5, ""file_id"": 35, ""filename"": ""western_blot_protocol.txt"", ""dify_document_id"": null, ""snippet"": ""Western Blot 标准流程：1. 蛋白提取与定量；2. SDS-PAGE 电泳；3. 转膜条件 100V 60min；4. 封闭 5% BSA；5. 一抗 4℃ 过夜。"", ""vector_score"": 0.442685, ""lexical_score"": 0.0, ""retrieval_score"": 0.354148}, {""chunk_id"": 4, ""file_id"": 34, ""filename"": ""cell_culture_standard.txt"", ""dify_document_id"": null, ""snippet"": ""细胞培养标准操作流程：1. 培养基预热；2. 细胞复苏；3. 传代比例 1:3-1:4；4. 定期支原体检测。"", ""vector_score"": 0.435679, ""lexical_score"": 0.0, ""retrieval_score"": 0.348543}, {""chunk_id"": 6, ""file_id"": 36, ""filename"": ""plasmid_extraction_protocol.txt"", ""dify_document_id"": null, ""snippet"": ""质粒提取流程：1. 过夜培养菌液；2. 碱裂解法提取；3. 柱纯化；4. 浓度和纯度检测。"", ""vector_score"": 0.428917, ""lexical_score"": 0.0, ""retrieval_score"": 0.343134}, {""chunk_id"": 2, ""file_id"": 7, ""filename"": ""cell_assay_reference_demo.txt"", ""dify_document_id"": null, ""snippet"": ""CCK-8 检测步骤、读数要求和细胞活力统计说明。"", ""vector_score"": 0.405854, ""lexical_score"": 0.0, ""retrieval_score"": 0.324683}, {""chunk_id"": 3, ""file_id"": 33, ""filename"": ""qPCR_protocol.txt"", ""dify_document_id"": null, ""snippet"": ""SYBR Green 法 qPCR 实验流程：1. cDNA 稀释 10 倍；2. 配置 20μL 体系；3. 三步法扩增；4. 融解曲线分析。"", ""vector_score"": 0.39323, ""lexical_score"": 0.0, ""retrieval_score"": 0.314584}]","[{""relation_id"": 1936, ""relation_type"": ""produces_result"", ""relation_label"": ""产生结果"", ""source_entity_id"": 1410, ""source_label"": ""PCR 条件优化实验"", ""source_entity_type"": ""note"", ""source_entity_type_label"": ""实验笔记"", ""target_entity_id"": 1420, ""target_label"": ""退火温度 58℃ 时扩增条带最清晰，非特异性条带减少。"", ""target_entity_type"": ""result"", ""target_entity_type_label"": ""实验结果"", ""confidence"": 0.7, ""retrieval_score"": 5.5}, {""relation_id"": 1937, ""relation_type"": ""produces_result"", ""relation_label"": ""产生结果"", ""source_entity_id"": 1410, ""source_label"": ""PCR 条件优化实验"", ""source_entity_type"": ""note"", ""source_entity_type_label"": ""实验笔记"", ""target_entity_id"": 1421, ""target_label"": ""58℃ 条件下条带清晰。"", ""target_entity_type"": ""result"", ""target_entity_type_label"": ""实验结果"", ""confidence"": 0.7, ""retrieval_score"": 4.5}, {""relation_id"": 2162, ""relation_type"": ""produces_result"", ""relation_label"": ""产生结果"", ""source_entity_id"": 1576, ""source_label"": ""质粒测序结果分析"", ""source_entity_type"": ""note"", ""source_entity_type_label"": ""实验笔记"", ""target_entity_id"": 1585, ""target_label"": ""序列正确，一致率 99.8%。"", ""target_entity_type"": ""result"", ""target_entity_type_label"": ""实验结果"", ""confidence"": 0.7, ""retrieval_score"": 3.5}, {""relation_id"": 2161, ""relation_type"": ""produces_result"", ""relation_label"": ""产生结果"", ""source_entity_id"": 1576, ""source_label"": ""质粒测序结果分析"", ""source_entity_type"": ""note"", ""source_entity_type_label"": ""实验笔记"", ""target_entity_id"": 1584, ""target_label"": ""测序结果与目标序列比对一致率 99.8%，无移码突变。"", ""target_entity_type"": ""result"", ""target_entity_type_label"": ""实验结果"", ""confidence"": 0.7, ""retrieval_score"": 3.5}, {""relation_id"": 2150, ""relation_type"": ""produces_result"", ""relation_label"": ""产生结果"", ""source_entity_id"": 1563, ""source_label"": ""ELISA 检测实验"", ""source_entity_type"": ""note"", ""source_entity_type_label"": ""实验笔记"", ""target_entity_id"": 1575, ""target_label"": ""IL-6 浓度 320 vs 85 pg/mL。"", ""target_entity_type"": ""result"", ""target_entity_type_label"": ""实验结果"", ""confidence"": 0.7, ""retrieval_score"": 3.5}, {""relation_id"": 2149, ""relation_type"": ""produces_result"", ""relation_label"": ""产生结果"", ""source_entity_id"": 1563, ""source_label"": ""ELISA 检测实验"", ""source_entity_type"": ""note"", ""source_entity_type_label"": ""实验笔记"", ""target_entity_id"": 1574, ""target_label"": ""处理组 IL-6 浓度约 320 pg/mL，对照组约 85 pg/mL。"", ""target_entity_type"": ""result"", ""target_entity_type_label"": ""实验结果"", ""confidence"": 0.7, ""retrieval_score"": 3.5}, {""relation_id"": 2132, ""relation_type"": ""produces_result"", ""relation_label"": ""产生结果"", ""source_entity_id"": 1556, ""source_label"": ""克隆形成实验"", ""source_entity_type"": ""note"", ""source_entity_type_label"": ""实验笔记"", ""target_entity_id"": 1562, ""target_label"": ""克隆形成率 8% vs 22%。"", ""target_entity_type"": ""result"", ""target_entity_type_label"": ""实验结果"", ""confidence"": 0.7, ""retrieval_score"": 3.5}, {""relation_id"": 2131, ""relation_type"": ""produces_result"", ""relation_label"": ""产生结果"", ""source_entity_id"": 1556, ""source_label"": ""克隆形成实验"", ""source_entity_type"": ""note"", ""source_entity_type_label"": ""实验笔记"", ""target_entity_id"": 1561, ""target_label"": ""处理组克隆形成率约 8%，对照组约 22%，差异显著（P<0.01）。"", ""target_entity_type"": ""result"", ""target_entity_type_label"": ""实验结果"", ""confidence"": 0.7, ""retrieval_score"": 3.5}, {""relation_id"": 2115, ""relation_type"": ""produces_result"", ""relation_label"": ""产生结果"", ""source_entity_id"": 1545, ""source_label"": ""免疫荧光染色实验"", ""source_entity_type"": ""note"", ""source_entity_type_label"": ""实验笔记"", ""target_entity_id"": 1555, ""target_label"": ""目标蛋白荧光增强。"", ""target_entity_type"": ""result"", ""target_entity_type_label"": ""实验结果"", ""confidence"": 0.7, ""retrieval_score"": 3.5}, {""relation_id"": 2114, ""relation_type"": ""produces_result"", ""relation_label"": ""产生结果"", ""source_entity_id"": 1545, ""source_label"": ""免疫荧光染色实验"", ""source_entity_type"": ""note"", ""source_entity_type_label"": ""实验笔记"", ""target_entity_id"": 1554, ""target_label"": ""处理组细胞核中目标蛋白荧光强度明显高于对照组，定位清晰。"", ""target_entity_type"": ""result"", ""target_entity_type_label"": ""实验结果"", ""confidence"": 0.7, ""retrieval_score"": 3.5}]",,,,,
B32,2026 年 6 月 3 日至 6 月 5 日项目完成了哪些实验？,根据现有资料，无法确认2026年6月3日至6月5日项目完成了哪些实验。提供的项目资料和知识图谱中均未包含该时间段的具体实验记录或日程信息。,"[{""chunk_id"": 3, ""file_id"": 33, ""filename"": ""qPCR_protocol.txt"", ""dify_document_id"": null, ""snippet"": ""SYBR Green 法 qPCR 实验流程：1. cDNA 稀释 10 倍；2. 配置 20μL 体系；3. 三步法扩增；4. 融解曲线分析。"", ""vector_score"": 0.453706, ""lexical_score"": 0.0, ""retrieval_score"": 0.362965}, {""chunk_id"": 5, ""file_id"": 35, ""filename"": ""western_blot_protocol.txt"", ""dify_document_id"": null, ""snippet"": ""Western Blot 标准流程：1. 蛋白提取与定量；2. SDS-PAGE 电泳；3. 转膜条件 100V 60min；4. 封闭 5% BSA；5. 一抗 4℃ 过夜。"", ""vector_score"": 0.43356, ""lexical_score"": 0.0, ""retrieval_score"": 0.346848}, {""chunk_id"": 2, ""file_id"": 7, ""filename"": ""cell_assay_reference_demo.txt"", ""dify_document_id"": null, ""snippet"": ""CCK-8 检测步骤、读数要求和细胞活力统计说明。"", ""vector_score"": 0.428381, ""lexical_score"": 0.0, ""retrieval_score"": 0.342705}, {""chunk_id"": 4, ""file_id"": 34, ""filename"": ""cell_culture_standard.txt"", ""dify_document_id"": null, ""snippet"": ""细胞培养标准操作流程：1. 培养基预热；2. 细胞复苏；3. 传代比例 1:3-1:4；4. 定期支原体检测。"", ""vector_score"": 0.410119, ""lexical_score"": 0.0, ""retrieval_score"": 0.328095}, {""chunk_id"": 6, ""file_id"": 36, ""filename"": ""plasmid_extraction_protocol.txt"", ""dify_document_id"": null, ""snippet"": ""质粒提取流程：1. 过夜培养菌液；2. 碱裂解法提取；3. 柱纯化；4. 浓度和纯度检测。"", ""vector_score"": 0.409895, ""lexical_score"": 0.0, ""retrieval_score"": 0.327916}, {""chunk_id"": 7, ""file_id"": 37, ""filename"": ""flow_cytometry_protocol.txt"", ""dify_document_id"": null, ""snippet"": ""流式细胞术检测流程：1. 细胞收集；2. 染色 30min；3. 上机检测；4. 数据分析。"", ""vector_score"": 0.386409, ""lexical_score"": 0.0, ""retrieval_score"": 0.309127}]","[{""relation_id"": 1976, ""relation_type"": ""uses_sample"", ""relation_label"": ""使用样本"", ""source_entity_id"": 1446, ""source_label"": ""qPCR 定量验证实验"", ""source_entity_type"": ""note"", ""source_entity_type_label"": ""实验笔记"", ""target_entity_id"": 1456, ""target_label"": ""2"", ""target_entity_type"": ""sample"", ""target_entity_type_label"": ""样本"", ""confidence"": 0.7, ""retrieval_score"": 2.5}]",,,,,
B33,三条实验笔记分别由谁创建？,无法确认。根据提供的项目资料，没有任何一条记录包含实验笔记的创建者信息。,"[{""chunk_id"": 3, ""file_id"": 33, ""filename"": ""qPCR_protocol.txt"", ""dify_document_id"": null, ""snippet"": ""SYBR Green 法 qPCR 实验流程：1. cDNA 稀释 10 倍；2. 配置 20μL 体系；3. 三步法扩增；4. 融解曲线分析。"", ""vector_score"": 0.43677, ""lexical_score"": 0.0, ""retrieval_score"": 0.349416}, {""chunk_id"": 6, ""file_id"": 36, ""filename"": ""plasmid_extraction_protocol.txt"", ""dify_document_id"": null, ""snippet"": ""质粒提取流程：1. 过夜培养菌液；2. 碱裂解法提取；3. 柱纯化；4. 浓度和纯度检测。"", ""vector_score"": 0.399298, ""lexical_score"": 0.0, ""retrieval_score"": 0.319439}, {""chunk_id"": 4, ""file_id"": 34, ""filename"": ""cell_culture_standard.txt"", ""dify_document_id"": null, ""snippet"": ""细胞培养标准操作流程：1. 培养基预热；2. 细胞复苏；3. 传代比例 1:3-1:4；4. 定期支原体检测。"", ""vector_score"": 0.385565, ""lexical_score"": 0.0, ""retrieval_score"": 0.308452}, {""chunk_id"": 7, ""file_id"": 37, ""filename"": ""flow_cytometry_protocol.txt"", ""dify_document_id"": null, ""snippet"": ""流式细胞术检测流程：1. 细胞收集；2. 染色 30min；3. 上机检测；4. 数据分析。"", ""vector_score"": 0.355412, ""lexical_score"": 0.0, ""retrieval_score"": 0.28433}, {""chunk_id"": 2, ""file_id"": 7, ""filename"": ""cell_assay_reference_demo.txt"", ""dify_document_id"": null, ""snippet"": ""CCK-8 检测步骤、读数要求和细胞活力统计说明。"", ""vector_score"": 0.337612, ""lexical_score"": 0.0, ""retrieval_score"": 0.27009}, {""chunk_id"": 5, ""file_id"": 35, ""filename"": ""western_blot_protocol.txt"", ""dify_document_id"": null, ""snippet"": ""Western Blot 标准流程：1. 蛋白提取与定量；2. SDS-PAGE 电泳；3. 转膜条件 100V 60min；4. 封闭 5% BSA；5. 一抗 4℃ 过夜。"", ""vector_score"": 0.333167, ""lexical_score"": 0.0, ""retrieval_score"": 0.266533}]",[],,,,,
B34,细胞活力检测实验使用了哪些试剂和仪器？,根据提供的项目资料，无法确认细胞活力检测实验具体使用了哪些试剂和仪器。资料[S1]仅提及CCK-8检测步骤、读数要求和细胞活力统计说明，但未列出所用试剂和仪器的具体名称。其他资料[S2-S6]涉及流式细胞术、细胞培养、质粒提取、qPCR和Western Blot，均与细胞活力检测实验的试剂和仪器无关。因此，无法从现有信息中回答该问题。,"[{""chunk_id"": 2, ""file_id"": 7, ""filename"": ""cell_assay_reference_demo.txt"", ""dify_document_id"": null, ""snippet"": ""CCK-8 检测步骤、读数要求和细胞活力统计说明。"", ""vector_score"": 0.620052, ""lexical_score"": 0.0, ""retrieval_score"": 0.496041}, {""chunk_id"": 7, ""file_id"": 37, ""filename"": ""flow_cytometry_protocol.txt"", ""dify_document_id"": null, ""snippet"": ""流式细胞术检测流程：1. 细胞收集；2. 染色 30min；3. 上机检测；4. 数据分析。"", ""vector_score"": 0.548976, ""lexical_score"": 0.0, ""retrieval_score"": 0.439181}, {""chunk_id"": 4, ""file_id"": 34, ""filename"": ""cell_culture_standard.txt"", ""dify_document_id"": null, ""snippet"": ""细胞培养标准操作流程：1. 培养基预热；2. 细胞复苏；3. 传代比例 1:3-1:4；4. 定期支原体检测。"", ""vector_score"": 0.502231, ""lexical_score"": 0.0, ""retrieval_score"": 0.401785}, {""chunk_id"": 6, ""file_id"": 36, ""filename"": ""plasmid_extraction_protocol.txt"", ""dify_document_id"": null, ""snippet"": ""质粒提取流程：1. 过夜培养菌液；2. 碱裂解法提取；3. 柱纯化；4. 浓度和纯度检测。"", ""vector_score"": 0.485583, ""lexical_score"": 0.0, ""retrieval_score"": 0.388466}, {""chunk_id"": 3, ""file_id"": 33, ""filename"": ""qPCR_protocol.txt"", ""dify_document_id"": null, ""snippet"": ""SYBR Green 法 qPCR 实验流程：1. cDNA 稀释 10 倍；2. 配置 20μL 体系；3. 三步法扩增；4. 融解曲线分析。"", ""vector_score"": 0.43798, ""lexical_score"": 0.0, ""retrieval_score"": 0.350384}, {""chunk_id"": 5, ""file_id"": 35, ""filename"": ""western_blot_protocol.txt"", ""dify_document_id"": null, ""snippet"": ""Western Blot 标准流程：1. 蛋白提取与定量；2. SDS-PAGE 电泳；3. 转膜条件 100V 60min；4. 封闭 5% BSA；5. 一抗 4℃ 过夜。"", ""vector_score"": 0.423116, ""lexical_score"": 0.0, ""retrieval_score"": 0.338493}]",[],,,,,
B35,退火温度 58℃ 条带最清晰这一结果来自哪条实验笔记？,根据提供的项目资料，无法确认“退火温度 58℃ 条带最清晰”这一结果来自哪条实验笔记。资料中仅提到[S1]涉及“退火温度优化说明”，但未具体说明58℃条件下的条带清晰度结果。因此，无法依据现有资料回答该问题。,"[{""chunk_id"": 1, ""file_id"": 6, ""filename"": ""PCR_protocol_demo.txt"", ""dify_document_id"": null, ""snippet"": ""PCR 体系配置、循环条件和退火温度优化说明。"", ""vector_score"": 0.598417, ""lexical_score"": 0.0, ""retrieval_score"": 0.478734}, {""chunk_id"": 5, ""file_id"": 35, ""filename"": ""western_blot_protocol.txt"", ""dify_document_id"": null, ""snippet"": ""Western Blot 标准流程：1. 蛋白提取与定量；2. SDS-PAGE 电泳；3. 转膜条件 100V 60min；4. 封闭 5% BSA；5. 一抗 4℃ 过夜。"", ""vector_score"": 0.442685, ""lexical_score"": 0.0, ""retrieval_score"": 0.354148}, {""chunk_id"": 4, ""file_id"": 34, ""filename"": ""cell_culture_standard.txt"", ""dify_document_id"": null, ""snippet"": ""细胞培养标准操作流程：1. 培养基预热；2. 细胞复苏；3. 传代比例 1:3-1:4；4. 定期支原体检测。"", ""vector_score"": 0.435679, ""lexical_score"": 0.0, ""retrieval_score"": 0.348543}, {""chunk_id"": 6, ""file_id"": 36, ""filename"": ""plasmid_extraction_protocol.txt"", ""dify_document_id"": null, ""snippet"": ""质粒提取流程：1. 过夜培养菌液；2. 碱裂解法提取；3. 柱纯化；4. 浓度和纯度检测。"", ""vector_score"": 0.428917, ""lexical_score"": 0.0, ""retrieval_score"": 0.343134}, {""chunk_id"": 2, ""file_id"": 7, ""filename"": ""cell_assay_reference_demo.txt"", ""dify_document_id"": null, ""snippet"": ""CCK-8 检测步骤、读数要求和细胞活力统计说明。"", ""vector_score"": 0.405854, ""lexical_score"": 0.0, ""retrieval_score"": 0.324683}, {""chunk_id"": 3, ""file_id"": 33, ""filename"": ""qPCR_protocol.txt"", ""dify_document_id"": null, ""snippet"": ""SYBR Green 法 qPCR 实验流程：1. cDNA 稀释 10 倍；2. 配置 20μL 体系；3. 三步法扩增；4. 融解曲线分析。"", ""vector_score"": 0.39323, ""lexical_score"": 0.0, ""retrieval_score"": 0.314584}]",[],,,,,
B36,这三项实验分别产生了哪些主要结果？,根据提供的项目资料，无法确认用户所指的“这三项实验”具体是哪三项实验。资料中提到了qPCR、质粒提取、CCK-8检测、细胞培养、流式细胞术和PCR等实验流程，但未说明这些实验的具体结果。因此，无法回答该问题。,"[{""chunk_id"": 3, ""file_id"": 33, ""filename"": ""qPCR_protocol.txt"", ""dify_document_id"": null, ""snippet"": ""SYBR Green 法 qPCR 实验流程：1. cDNA 稀释 10 倍；2. 配置 20μL 体系；3. 三步法扩增；4. 融解曲线分析。"", ""vector_score"": 0.515247, ""lexical_score"": 0.0, ""retrieval_score"": 0.412197}, {""chunk_id"": 6, ""file_id"": 36, ""filename"": ""plasmid_extraction_protocol.txt"", ""dify_document_id"": null, ""snippet"": ""质粒提取流程：1. 过夜培养菌液；2. 碱裂解法提取；3. 柱纯化；4. 浓度和纯度检测。"", ""vector_score"": 0.486195, ""lexical_score"": 0.0, ""retrieval_score"": 0.388956}, {""chunk_id"": 2, ""file_id"": 7, ""filename"": ""cell_assay_reference_demo.txt"", ""dify_document_id"": null, ""snippet"": ""CCK-8 检测步骤、读数要求和细胞活力统计说明。"", ""vector_score"": 0.458629, ""lexical_score"": 0.0, ""retrieval_score"": 0.366903}, {""chunk_id"": 4, ""file_id"": 34, ""filename"": ""cell_culture_standard.txt"", ""dify_document_id"": null, ""snippet"": ""细胞培养标准操作流程：1. 培养基预热；2. 细胞复苏；3. 传代比例 1:3-1:4；4. 定期支原体检测。"", ""vector_score"": 0.436736, ""lexical_score"": 0.0, ""retrieval_score"": 0.349389}, {""chunk_id"": 7, ""file_id"": 37, ""filename"": ""flow_cytometry_protocol.txt"", ""dify_document_id"": null, ""snippet"": ""流式细胞术检测流程：1. 细胞收集；2. 染色 30min；3. 上机检测；4. 数据分析。"", ""vector_score"": 0.43095, ""lexical_score"": 0.0, ""retrieval_score"": 0.34476}, {""chunk_id"": 1, ""file_id"": 6, ""filename"": ""PCR_protocol_demo.txt"", ""dify_document_id"": null, ""snippet"": ""PCR 体系配置、循环条件和退火温度优化说明。"", ""vector_score"": 0.428149, ""lexical_score"": 0.0, ""retrieval_score"": 0.34252}]",[],,,,,
B37,PCR 体系配置和循环条件主要来自哪份资料？,根据提供的项目资料，PCR 体系配置和循环条件主要来自 [S1] 文件=PCR_protocol_demo.txt，该资料中明确包含“PCR 体系配置、循环条件和退火温度优化说明”。,"[{""chunk_id"": 1, ""file_id"": 6, ""filename"": ""PCR_protocol_demo.txt"", ""dify_document_id"": null, ""snippet"": ""PCR 体系配置、循环条件和退火温度优化说明。"", ""vector_score"": 0.703724, ""lexical_score"": 0.5, ""retrieval_score"": 0.662979}, {""chunk_id"": 2, ""file_id"": 7, ""filename"": ""cell_assay_reference_demo.txt"", ""dify_document_id"": null, ""snippet"": ""CCK-8 检测步骤、读数要求和细胞活力统计说明。"", ""vector_score"": 0.551513, ""lexical_score"": 0.0, ""retrieval_score"": 0.44121}, {""chunk_id"": 3, ""file_id"": 33, ""filename"": ""qPCR_protocol.txt"", ""dify_document_id"": null, ""snippet"": ""SYBR Green 法 qPCR 实验流程：1. cDNA 稀释 10 倍；2. 配置 20μL 体系；3. 三步法扩增；4. 融解曲线分析。"", ""vector_score"": 0.534212, ""lexical_score"": 0.0, ""retrieval_score"": 0.427369}, {""chunk_id"": 5, ""file_id"": 35, ""filename"": ""western_blot_protocol.txt"", ""dify_document_id"": null, ""snippet"": ""Western Blot 标准流程：1. 蛋白提取与定量；2. SDS-PAGE 电泳；3. 转膜条件 100V 60min；4. 封闭 5% BSA；5. 一抗 4℃ 过夜。"", ""vector_score"": 0.524219, ""lexical_score"": 0.0, ""retrieval_score"": 0.419375}, {""chunk_id"": 4, ""file_id"": 34, ""filename"": ""cell_culture_standard.txt"", ""dify_document_id"": null, ""snippet"": ""细胞培养标准操作流程：1. 培养基预热；2. 细胞复苏；3. 传代比例 1:3-1:4；4. 定期支原体检测。"", ""vector_score"": 0.503013, ""lexical_score"": 0.0, ""retrieval_score"": 0.40241}, {""chunk_id"": 7, ""file_id"": 37, ""filename"": ""flow_cytometry_protocol.txt"", ""dify_document_id"": null, ""snippet"": ""流式细胞术检测流程：1. 细胞收集；2. 染色 30min；3. 上机检测；4. 数据分析。"", ""vector_score"": 0.45334, ""lexical_score"": 0.0, ""retrieval_score"": 0.362672}]",[],,,,,
B38,处理组目标蛋白表达降低这一结果来自哪条实验笔记？,根据提供的资料，无法确认“处理组目标蛋白表达降低”这一结果来自哪条实验笔记。图谱中仅提到免疫荧光染色实验显示“处理组细胞核中目标蛋白荧光强度明显高于对照组”[G8]，这与用户描述的结果相反。其他资料均未涉及目标蛋白表达降低的相关信息。,"[{""chunk_id"": 5, ""file_id"": 35, ""filename"": ""western_blot_protocol.txt"", ""dify_document_id"": null, ""snippet"": ""Western Blot 标准流程：1. 蛋白提取与定量；2. SDS-PAGE 电泳；3. 转膜条件 100V 60min；4. 封闭 5% BSA；5. 一抗 4℃ 过夜。"", ""vector_score"": 0.542498, ""lexical_score"": 0.0, ""retrieval_score"": 0.433998}, {""chunk_id"": 2, ""file_id"": 7, ""filename"": ""cell_assay_reference_demo.txt"", ""dify_document_id"": null, ""snippet"": ""CCK-8 检测步骤、读数要求和细胞活力统计说明。"", ""vector_score"": 0.500246, ""lexical_score"": 0.0, ""retrieval_score"": 0.400197}, {""chunk_id"": 4, ""file_id"": 34, ""filename"": ""cell_culture_standard.txt"", ""dify_document_id"": null, ""snippet"": ""细胞培养标准操作流程：1. 培养基预热；2. 细胞复苏；3. 传代比例 1:3-1:4；4. 定期支原体检测。"", ""vector_score"": 0.492979, ""lexical_score"": 0.0, ""retrieval_score"": 0.394383}, {""chunk_id"": 3, ""file_id"": 33, ""filename"": ""qPCR_protocol.txt"", ""dify_document_id"": null, ""snippet"": ""SYBR Green 法 qPCR 实验流程：1. cDNA 稀释 10 倍；2. 配置 20μL 体系；3. 三步法扩增；4. 融解曲线分析。"", ""vector_score"": 0.453529, ""lexical_score"": 0.0, ""retrieval_score"": 0.362823}, {""chunk_id"": 6, ""file_id"": 36, ""filename"": ""plasmid_extraction_protocol.txt"", ""dify_document_id"": null, ""snippet"": ""质粒提取流程：1. 过夜培养菌液；2. 碱裂解法提取；3. 柱纯化；4. 浓度和纯度检测。"", ""vector_score"": 0.449719, ""lexical_score"": 0.0, ""retrieval_score"": 0.359776}, {""chunk_id"": 1, ""file_id"": 6, ""filename"": ""PCR_protocol_demo.txt"", ""dify_document_id"": null, ""snippet"": ""PCR 体系配置、循环条件和退火温度优化说明。"", ""vector_score"": 0.387223, ""lexical_score"": 0.0, ""retrieval_score"": 0.309779}]","[{""relation_id"": 2162, ""relation_type"": ""produces_result"", ""relation_label"": ""产生结果"", ""source_entity_id"": 1576, ""source_label"": ""质粒测序结果分析"", ""source_entity_type"": ""note"", ""source_entity_type_label"": ""实验笔记"", ""target_entity_id"": 1585, ""target_label"": ""序列正确，一致率 99.8%。"", ""target_entity_type"": ""result"", ""target_entity_type_label"": ""实验结果"", ""confidence"": 0.7, ""retrieval_score"": 3.5}, {""relation_id"": 2161, ""relation_type"": ""produces_result"", ""relation_label"": ""产生结果"", ""source_entity_id"": 1576, ""source_label"": ""质粒测序结果分析"", ""source_entity_type"": ""note"", ""source_entity_type_label"": ""实验笔记"", ""target_entity_id"": 1584, ""target_label"": ""测序结果与目标序列比对一致率 99.8%，无移码突变。"", ""target_entity_type"": ""result"", ""target_entity_type_label"": ""实验结果"", ""confidence"": 0.7, ""retrieval_score"": 3.5}, {""relation_id"": 2150, ""relation_type"": ""produces_result"", ""relation_label"": ""产生结果"", ""source_entity_id"": 1563, ""source_label"": ""ELISA 检测实验"", ""source_entity_type"": ""note"", ""source_entity_type_label"": ""实验笔记"", ""target_entity_id"": 1575, ""target_label"": ""IL-6 浓度 320 vs 85 pg/mL。"", ""target_entity_type"": ""result"", ""target_entity_type_label"": ""实验结果"", ""confidence"": 0.7, ""retrieval_score"": 3.5}, {""relation_id"": 2149, ""relation_type"": ""produces_result"", ""relation_label"": ""产生结果"", ""source_entity_id"": 1563, ""source_label"": ""ELISA 检测实验"", ""source_entity_type"": ""note"", ""source_entity_type_label"": ""实验笔记"", ""target_entity_id"": 1574, ""target_label"": ""处理组 IL-6 浓度约 320 pg/mL，对照组约 85 pg/mL。"", ""target_entity_type"": ""result"", ""target_entity_type_label"": ""实验结果"", ""confidence"": 0.7, ""retrieval_score"": 3.5}, {""relation_id"": 2132, ""relation_type"": ""produces_result"", ""relation_label"": ""产生结果"", ""source_entity_id"": 1556, ""source_label"": ""克隆形成实验"", ""source_entity_type"": ""note"", ""source_entity_type_label"": ""实验笔记"", ""target_entity_id"": 1562, ""target_label"": ""克隆形成率 8% vs 22%。"", ""target_entity_type"": ""result"", ""target_entity_type_label"": ""实验结果"", ""confidence"": 0.7, ""retrieval_score"": 3.5}, {""relation_id"": 2131, ""relation_type"": ""produces_result"", ""relation_label"": ""产生结果"", ""source_entity_id"": 1556, ""source_label"": ""克隆形成实验"", ""source_entity_type"": ""note"", ""source_entity_type_label"": ""实验笔记"", ""target_entity_id"": 1561, ""target_label"": ""处理组克隆形成率约 8%，对照组约 22%，差异显著（P<0.01）。"", ""target_entity_type"": ""result"", ""target_entity_type_label"": ""实验结果"", ""confidence"": 0.7, ""retrieval_score"": 3.5}, {""relation_id"": 2115, ""relation_type"": ""produces_result"", ""relation_label"": ""产生结果"", ""source_entity_id"": 1545, ""source_label"": ""免疫荧光染色实验"", ""source_entity_type"": ""note"", ""source_entity_type_label"": ""实验笔记"", ""target_entity_id"": 1555, ""target_label"": ""目标蛋白荧光增强。"", ""target_entity_type"": ""result"", ""target_entity_type_label"": ""实验结果"", ""confidence"": 0.7, ""retrieval_score"": 3.5}, {""relation_id"": 2114, ""relation_type"": ""produces_result"", ""relation_label"": ""产生结果"", ""source_entity_id"": 1545, ""source_label"": ""免疫荧光染色实验"", ""source_entity_type"": ""note"", ""source_entity_type_label"": ""实验笔记"", ""target_entity_id"": 1554, ""target_label"": ""处理组细胞核中目标蛋白荧光强度明显高于对照组，定位清晰。"", ""target_entity_type"": ""result"", ""target_entity_type_label"": ""实验结果"", ""confidence"": 0.7, ""retrieval_score"": 3.5}, {""relation_id"": 2098, ""relation_type"": ""produces_result"", ""relation_label"": ""产生结果"", ""source_entity_id"": 1533, ""source_label"": ""RNA 提取与逆转录"", ""source_entity_type"": ""note"", ""source_entity_type_label"": ""实验笔记"", ""target_entity_id"": 1544, ""target_label"": ""RNA 质量合格，逆转录成功。"", ""target_entity_type"": ""result"", ""target_entity_type_label"": ""实验结果"", ""confidence"": 0.7, ""retrieval_score"": 3.5}, {""relation_id"": 2097, ""relation_type"": ""produces_result"", ""relation_label"": ""产生结果"", ""source_entity_id"": 1533, ""source_label"": ""RNA 提取与逆转录"", ""source_entity_type"": ""note"", ""source_entity_type_label"": ""实验笔记"", ""target_entity_id"": 1543, ""target_label"": ""A260/280 均为 2.0 以上。cDNA 合成成功。"", ""target_entity_type"": ""result"", ""target_entity_type_label"": ""实验结果"", ""confidence"": 0.7, ""retrieval_score"": 3.5}]",,,,,
B39,处理组细胞活力下降约 18% 这一结论来自哪条实验笔记？,根据提供的资料，处理组细胞活力下降约 18% 这一结论来自 [G1] 和 [G2] 中提到的“细胞活力检测实验”笔记。具体依据为：[G1] 显示“细胞活力检测实验 --产生结果--> 细胞活力下降约 18%”，[G2] 进一步说明“处理组细胞活力较对照组下降约 18%，重复孔结果稳定”。这些信息均来自实验知识图谱，未在项目资料中找到直接对应的实验笔记文件。,"[{""chunk_id"": 2, ""file_id"": 7, ""filename"": ""cell_assay_reference_demo.txt"", ""dify_document_id"": null, ""snippet"": ""CCK-8 检测步骤、读数要求和细胞活力统计说明。"", ""vector_score"": 0.549567, ""lexical_score"": 0.0, ""retrieval_score"": 0.439654}, {""chunk_id"": 3, ""file_id"": 33, ""filename"": ""qPCR_protocol.txt"", ""dify_document_id"": null, ""snippet"": ""SYBR Green 法 qPCR 实验流程：1. cDNA 稀释 10 倍；2. 配置 20μL 体系；3. 三步法扩增；4. 融解曲线分析。"", ""vector_score"": 0.483132, ""lexical_score"": 0.0, ""retrieval_score"": 0.386505}, {""chunk_id"": 4, ""file_id"": 34, ""filename"": ""cell_culture_standard.txt"", ""dify_document_id"": null, ""snippet"": ""细胞培养标准操作流程：1. 培养基预热；2. 细胞复苏；3. 传代比例 1:3-1:4；4. 定期支原体检测。"", ""vector_score"": 0.48262, ""lexical_score"": 0.0, ""retrieval_score"": 0.386096}, {""chunk_id"": 6, ""file_id"": 36, ""filename"": ""plasmid_extraction_protocol.txt"", ""dify_document_id"": null, ""snippet"": ""质粒提取流程：1. 过夜培养菌液；2. 碱裂解法提取；3. 柱纯化；4. 浓度和纯度检测。"", ""vector_score"": 0.433057, ""lexical_score"": 0.0, ""retrieval_score"": 0.346446}, {""chunk_id"": 5, ""file_id"": 35, ""filename"": ""western_blot_protocol.txt"", ""dify_document_id"": null, ""snippet"": ""Western Blot 标准流程：1. 蛋白提取与定量；2. SDS-PAGE 电泳；3. 转膜条件 100V 60min；4. 封闭 5% BSA；5. 一抗 4℃ 过夜。"", ""vector_score"": 0.429712, ""lexical_score"": 0.0, ""retrieval_score"": 0.343769}, {""chunk_id"": 7, ""file_id"": 37, ""filename"": ""flow_cytometry_protocol.txt"", ""dify_document_id"": null, ""snippet"": ""流式细胞术检测流程：1. 细胞收集；2. 染色 30min；3. 上机检测；4. 数据分析。"", ""vector_score"": 0.413066, ""lexical_score"": 0.0, ""retrieval_score"": 0.330453}]","[{""relation_id"": 1949, ""relation_type"": ""produces_result"", ""relation_label"": ""产生结果"", ""source_entity_id"": 1422, ""source_label"": ""细胞活力检测实验"", ""source_entity_type"": ""note"", ""source_entity_type_label"": ""实验笔记"", ""target_entity_id"": 1432, ""target_label"": ""细胞活力下降约 18%。"", ""target_entity_type"": ""result"", ""target_entity_type_label"": ""实验结果"", ""confidence"": 0.7, ""retrieval_score"": 4.5}, {""relation_id"": 1948, ""relation_type"": ""produces_result"", ""relation_label"": ""产生结果"", ""source_entity_id"": 1422, ""source_label"": ""细胞活力检测实验"", ""source_entity_type"": ""note"", ""source_entity_type_label"": ""实验笔记"", ""target_entity_id"": 1431, ""target_label"": ""处理组细胞活力较对照组下降约 18%，重复孔结果稳定。"", ""target_entity_type"": ""result"", ""target_entity_type_label"": ""实验结果"", ""confidence"": 0.7, ""retrieval_score"": 4.5}, {""relation_id"": 2162, ""relation_type"": ""produces_result"", ""relation_label"": ""产生结果"", ""source_entity_id"": 1576, ""source_label"": ""质粒测序结果分析"", ""source_entity_type"": ""note"", ""source_entity_type_label"": ""实验笔记"", ""target_entity_id"": 1585, ""target_label"": ""序列正确，一致率 99.8%。"", ""target_entity_type"": ""result"", ""target_entity_type_label"": ""实验结果"", ""confidence"": 0.7, ""retrieval_score"": 3.5}, {""relation_id"": 2161, ""relation_type"": ""produces_result"", ""relation_label"": ""产生结果"", ""source_entity_id"": 1576, ""source_label"": ""质粒测序结果分析"", ""source_entity_type"": ""note"", ""source_entity_type_label"": ""实验笔记"", ""target_entity_id"": 1584, ""target_label"": ""测序结果与目标序列比对一致率 99.8%，无移码突变。"", ""target_entity_type"": ""result"", ""target_entity_type_label"": ""实验结果"", ""confidence"": 0.7, ""retrieval_score"": 3.5}, {""relation_id"": 2150, ""relation_type"": ""produces_result"", ""relation_label"": ""产生结果"", ""source_entity_id"": 1563, ""source_label"": ""ELISA 检测实验"", ""source_entity_type"": ""note"", ""source_entity_type_label"": ""实验笔记"", ""target_entity_id"": 1575, ""target_label"": ""IL-6 浓度 320 vs 85 pg/mL。"", ""target_entity_type"": ""result"", ""target_entity_type_label"": ""实验结果"", ""confidence"": 0.7, ""retrieval_score"": 3.5}, {""relation_id"": 2149, ""relation_type"": ""produces_result"", ""relation_label"": ""产生结果"", ""source_entity_id"": 1563, ""source_label"": ""ELISA 检测实验"", ""source_entity_type"": ""note"", ""source_entity_type_label"": ""实验笔记"", ""target_entity_id"": 1574, ""target_label"": ""处理组 IL-6 浓度约 320 pg/mL，对照组约 85 pg/mL。"", ""target_entity_type"": ""result"", ""target_entity_type_label"": ""实验结果"", ""confidence"": 0.7, ""retrieval_score"": 3.5}, {""relation_id"": 2132, ""relation_type"": ""produces_result"", ""relation_label"": ""产生结果"", ""source_entity_id"": 1556, ""source_label"": ""克隆形成实验"", ""source_entity_type"": ""note"", ""source_entity_type_label"": ""实验笔记"", ""target_entity_id"": 1562, ""target_label"": ""克隆形成率 8% vs 22%。"", ""target_entity_type"": ""result"", ""target_entity_type_label"": ""实验结果"", ""confidence"": 0.7, ""retrieval_score"": 3.5}, {""relation_id"": 2131, ""relation_type"": ""produces_result"", ""relation_label"": ""产生结果"", ""source_entity_id"": 1556, ""source_label"": ""克隆形成实验"", ""source_entity_type"": ""note"", ""source_entity_type_label"": ""实验笔记"", ""target_entity_id"": 1561, ""target_label"": ""处理组克隆形成率约 8%，对照组约 22%，差异显著（P<0.01）。"", ""target_entity_type"": ""result"", ""target_entity_type_label"": ""实验结果"", ""confidence"": 0.7, ""retrieval_score"": 3.5}, {""relation_id"": 2115, ""relation_type"": ""produces_result"", ""relation_label"": ""产生结果"", ""source_entity_id"": 1545, ""source_label"": ""免疫荧光染色实验"", ""source_entity_type"": ""note"", ""source_entity_type_label"": ""实验笔记"", ""target_entity_id"": 1555, ""target_label"": ""目标蛋白荧光增强。"", ""target_entity_type"": ""result"", ""target_entity_type_label"": ""实验结果"", ""confidence"": 0.7, ""retrieval_score"": 3.5}, {""relation_id"": 2114, ""relation_type"": ""produces_result"", ""relation_label"": ""产生结果"", ""source_entity_id"": 1545, ""source_label"": ""免疫荧光染色实验"", ""source_entity_type"": ""note"", ""source_entity_type_label"": ""实验笔记"", ""target_entity_id"": 1554, ""target_label"": ""处理组细胞核中目标蛋白荧光强度明显高于对照组，定位清晰。"", ""target_entity_type"": ""result"", ""target_entity_type_label"": ""实验结果"", ""confidence"": 0.7, ""retrieval_score"": 3.5}]",,,,,
B40,细胞活力检测实验中读数和统计应关注什么？,"根据项目资料 [S1] 和知识图谱 [G1][G2]，细胞活力检测实验的读数和统计应关注以下内容：

- **读数要求**：需按照CCK-8检测步骤进行读数，具体操作可参考相关标准流程 [S1]。
- **统计结果**：实验结果显示处理组细胞活力较对照组下降约18%，且重复孔结果稳定 [G1][G2]。

其他实验细节（如细胞培养、流式细胞术等）与当前问题无直接关联，因此不纳入回答。","[{""chunk_id"": 2, ""file_id"": 7, ""filename"": ""cell_assay_reference_demo.txt"", ""dify_document_id"": null, ""snippet"": ""CCK-8 检测步骤、读数要求和细胞活力统计说明。"", ""vector_score"": 0.698132, ""lexical_score"": 0.0, ""retrieval_score"": 0.558506}, {""chunk_id"": 7, ""file_id"": 37, ""filename"": ""flow_cytometry_protocol.txt"", ""dify_document_id"": null, ""snippet"": ""流式细胞术检测流程：1. 细胞收集；2. 染色 30min；3. 上机检测；4. 数据分析。"", ""vector_score"": 0.568628, ""lexical_score"": 0.0, ""retrieval_score"": 0.454903}, {""chunk_id"": 4, ""file_id"": 34, ""filename"": ""cell_culture_standard.txt"", ""dify_document_id"": null, ""snippet"": ""细胞培养标准操作流程：1. 培养基预热；2. 细胞复苏；3. 传代比例 1:3-1:4；4. 定期支原体检测。"", ""vector_score"": 0.531266, ""lexical_score"": 0.0, ""retrieval_score"": 0.425013}, {""chunk_id"": 6, ""file_id"": 36, ""filename"": ""plasmid_extraction_protocol.txt"", ""dify_document_id"": null, ""snippet"": ""质粒提取流程：1. 过夜培养菌液；2. 碱裂解法提取；3. 柱纯化；4. 浓度和纯度检测。"", ""vector_score"": 0.455362, ""lexical_score"": 0.0, ""retrieval_score"": 0.364289}, {""chunk_id"": 3, ""file_id"": 33, ""filename"": ""qPCR_protocol.txt"", ""dify_document_id"": null, ""snippet"": ""SYBR Green 法 qPCR 实验流程：1. cDNA 稀释 10 倍；2. 配置 20μL 体系；3. 三步法扩增；4. 融解曲线分析。"", ""vector_score"": 0.439672, ""lexical_score"": 0.0, ""retrieval_score"": 0.351738}, {""chunk_id"": 5, ""file_id"": 35, ""filename"": ""western_blot_protocol.txt"", ""dify_document_id"": null, ""snippet"": ""Western Blot 标准流程：1. 蛋白提取与定量；2. SDS-PAGE 电泳；3. 转膜条件 100V 60min；4. 封闭 5% BSA；5. 一抗 4℃ 过夜。"", ""vector_score"": 0.399856, ""lexical_score"": 0.0, ""retrieval_score"": 0.319885}]","[{""relation_id"": 1949, ""relation_type"": ""produces_result"", ""relation_label"": ""产生结果"", ""source_entity_id"": 1422, ""source_label"": ""细胞活力检测实验"", ""source_entity_type"": ""note"", ""source_entity_type_label"": ""实验笔记"", ""target_entity_id"": 1432, ""target_label"": ""细胞活力下降约 18%。"", ""target_entity_type"": ""result"", ""target_entity_type_label"": ""实验结果"", ""confidence"": 0.7, ""retrieval_score"": 2.5}, {""relation_id"": 1948, ""relation_type"": ""produces_result"", ""relation_label"": ""产生结果"", ""source_entity_id"": 1422, ""source_label"": ""细胞活力检测实验"", ""source_entity_type"": ""note"", ""source_entity_type_label"": ""实验笔记"", ""target_entity_id"": 1431, ""target_label"": ""处理组细胞活力较对照组下降约 18%，重复孔结果稳定。"", ""target_entity_type"": ""result"", ""target_entity_type_label"": ""实验结果"", ""confidence"": 0.7, ""retrieval_score"": 2.5}, {""relation_id"": 1947, ""relation_type"": ""uses_sample"", ""relation_label"": ""使用样本"", ""source_entity_id"": 1422, ""source_label"": ""细胞活力检测实验"", ""source_entity_type"": ""note"", ""source_entity_type_label"": ""实验笔记"", ""target_entity_id"": 1430, ""target_label"": ""对照组细胞"", ""target_entity_type"": ""sample"", ""target_entity_type_label"": ""样本"", ""confidence"": 0.7, ""retrieval_score"": 2.5}, {""relation_id"": 1946, ""relation_type"": ""uses_sample"", ""relation_label"": ""使用样本"", ""source_entity_id"": 1422, ""source_label"": ""细胞活力检测实验"", ""source_entity_type"": ""note"", ""source_entity_type_label"": ""实验笔记"", ""target_entity_id"": 1429, ""target_label"": ""处理组细胞"", ""target_entity_type"": ""sample"", ""target_entity_type_label"": ""样本"", ""confidence"": 0.7, ""retrieval_score"": 2.5}, {""relation_id"": 1945, ""relation_type"": ""uses_instrument"", ""relation_label"": ""使用仪器"", ""source_entity_id"": 1422, ""source_label"": ""细胞活力检测实验"", ""source_entity_type"": ""note"", ""source_entity_type_label"": ""实验笔记"", ""target_entity_id"": 1428, ""target_label"": ""CO2 培养箱"", ""target_entity_type"": ""instrument"", ""target_entity_type_label"": ""仪器"", ""confidence"": 0.7, ""retrieval_score"": 2.5}, {""relation_id"": 1944, ""relation_type"": ""uses_instrument"", ""relation_label"": ""使用仪器"", ""source_entity_id"": 1422, ""source_label"": ""细胞活力检测实验"", ""source_entity_type"": ""note"", ""source_entity_type_label"": ""实验笔记"", ""target_entity_id"": 1427, ""target_label"": ""酶标仪"", ""target_entity_type"": ""instrument"", ""target_entity_type_label"": ""仪器"", ""confidence"": 0.7, ""retrieval_score"": 2.5}, {""relation_id"": 1943, ""relation_type"": ""uses_reagent"", ""relation_label"": ""使用试剂"", ""source_entity_id"": 1422, ""source_label"": ""细胞活力检测实验"", ""source_entity_type"": ""note"", ""source_entity_type_label"": ""实验笔记"", ""target_entity_id"": 1426, ""target_label"": ""DMEM 培养基"", ""target_entity_type"": ""reagent"", ""target_entity_type_label"": ""试剂"", ""confidence"": 0.7, ""retrieval_score"": 2.5}, {""relation_id"": 1942, ""relation_type"": ""uses_reagent"", ""relation_label"": ""使用试剂"", ""source_entity_id"": 1422, ""source_label"": ""细胞活力检测实验"", ""source_entity_type"": ""note"", ""source_entity_type_label"": ""实验笔记"", ""target_entity_id"": 1425, ""target_label"": ""PBS"", ""target_entity_type"": ""reagent"", ""target_entity_type_label"": ""试剂"", ""confidence"": 0.7, ""retrieval_score"": 2.5}, {""relation_id"": 1941, ""relation_type"": ""uses_reagent"", ""relation_label"": ""使用试剂"", ""source_entity_id"": 1422, ""source_label"": ""细胞活力检测实验"", ""source_entity_type"": ""note"", ""source_entity_type_label"": ""实验笔记"", ""target_entity_id"": 1424, ""target_label"": ""CCK-8"", ""target_entity_type"": ""reagent"", ""target_entity_type_label"": ""试剂"", ""confidence"": 0.7, ""retrieval_score"": 2.5}, {""relation_id"": 1940, ""relation_type"": ""has_experiment_type"", ""relation_label"": ""实验类型"", ""source_entity_id"": 1422, ""source_label"": ""细胞活力检测实验"", ""source_entity_type"": ""note"", ""source_entity_type_label"": ""实验笔记"", ""target_entity_id"": 1423, ""target_label"": ""细胞培养"", ""target_entity_type"": ""experiment_type"", ""target_entity_type_label"": ""实验类型"", ""confidence"": 1.0, ""retrieval_score"": 2.2}]",,,,,
